{
  "Top": "encrypt_dut",
  "RtlTop": "encrypt_dut",
  "RtlPrefix": "",
  "SourceLanguage": "cpp",
  "ResetStyle": "control",
  "GenerateBdFiles": "0",
  "HostMachineBits": "64",
  "Target": {
    "Family": "zynq",
    "Device": "xc7z020",
    "Package": "-clg484",
    "Speed": "-1"
  },
  "HlsSolution": {
    "DirectiveTcl": [
      "set_directive_pipeline aes_main\/AES_MAIN_LOOP -II 1",
      "set_directive_array_partition encrypt_dut ",
      "set_directive_array_partition encrypt_dut ",
      "set_directive_array_partition encrypt_dut ",
      "set_directive_array_partition aes_encrypt ",
      "set_directive_pipeline expandKey\/EX_WHILE -II 1",
      "set_directive_unroll expandKey\/EX_K_LOOP1 "
    ],
    "DirectiveInfo": [
      "pipeline aes_main\/AES_MAIN_LOOP {{II 1}} {}",
      "array_partition encrypt_dut {{partition positionBooleanCmd} {variable positionBooleanTextRequiredinput} {complete positionBoolean0type} {dim 0}} {}",
      "array_partition encrypt_dut {{partition positionBooleanCmd} {variable positionBooleanTextRequiredkey} {complete positionBoolean0type} {dim 0}} {}",
      "array_partition encrypt_dut {{partition positionBooleanCmd} {variable positionBooleanTextRequiredoutput} {complete positionBoolean0type} {dim 0}} {}",
      "array_partition aes_encrypt {{partition positionBooleanCmd} {variable positionBooleanTextRequiredblock} {complete positionBoolean0type} {dim 0}} {}",
      "pipeline expandKey\/EX_WHILE {{II 1}} {}",
      "unroll expandKey\/EX_K_LOOP1 {} {}"
    ]
  },
  "Args": {
    "input": {
      "index": "0",
      "type": {
        "kinds": ["array"],
        "dataType": "unsigned",
        "dataWidth": "8",
        "arraySizes": ["16"]
      }
    },
    "output": {
      "index": "1",
      "type": {
        "kinds": ["array"],
        "dataType": "unsigned",
        "dataWidth": "8",
        "arraySizes": ["16"]
      }
    },
    "key": {
      "index": "2",
      "type": {
        "kinds": ["array"],
        "dataType": "unsigned",
        "dataWidth": "8",
        "arraySizes": ["16"]
      }
    }
  },
  "Return": {
    
  },
  "ClockInfo": {
    "ClockName": "ap_clk",
    "ClockPeriod": "10",
    "IsCombLogic": "0",
    "II": "x",
    "Latency": "310",
    "Uncertainty": "1.25"
  },
  "Xdc": {"OocClocks": ["create_clock -name ap_clk -period 10.000 [get_ports ap_clk]"]},
  "Ipx": {
    "Vendor": "xilinx.com",
    "Library": "hls",
    "Name": "encrypt_dut",
    "Version": "1.0",
    "DisplayName": "Encrypt_dut",
    "Revision": "",
    "Description": "An IP generated by Vivado HLS",
    "Taxonomy": "\/VIVADO_HLS_IP",
    "AutoFamilySupport": ""
  },
  "Files": {
    "CSource": [
      "..\/..\/helper.cpp",
      "..\/..\/encrypt.cpp"
    ],
    "Vhdl": [
      "impl\/vhdl\/aes_encrypt.vhd",
      "impl\/vhdl\/aes_encrypt_expancud.vhd",
      "impl\/vhdl\/aes_main.vhd",
      "impl\/vhdl\/aes_main_sbox.vhd",
      "impl\/vhdl\/createRoundKey.vhd",
      "impl\/vhdl\/encrypt_dut_mux_1g8j.vhd",
      "impl\/vhdl\/encrypt_dut_mux_4bkb.vhd",
      "impl\/vhdl\/expandKey.vhd",
      "impl\/vhdl\/expandKey_Rcon.vhd",
      "impl\/vhdl\/expandKey_sbox.vhd",
      "impl\/vhdl\/galois_multiplicatio.vhd",
      "impl\/vhdl\/mixColumn.vhd",
      "impl\/vhdl\/encrypt_dut.vhd"
    ],
    "Verilog": [
      "impl\/verilog\/aes_encrypt.v",
      "impl\/verilog\/aes_encrypt_expancud.v",
      "impl\/verilog\/aes_main.v",
      "impl\/verilog\/aes_main_sbox.v",
      "impl\/verilog\/aes_main_sbox_rom.dat",
      "impl\/verilog\/createRoundKey.v",
      "impl\/verilog\/encrypt_dut_mux_1g8j.v",
      "impl\/verilog\/encrypt_dut_mux_4bkb.v",
      "impl\/verilog\/expandKey.v",
      "impl\/verilog\/expandKey_Rcon.v",
      "impl\/verilog\/expandKey_Rcon_rom.dat",
      "impl\/verilog\/expandKey_sbox.v",
      "impl\/verilog\/expandKey_sbox_rom.dat",
      "impl\/verilog\/galois_multiplicatio.v",
      "impl\/verilog\/mixColumn.v",
      "impl\/verilog\/encrypt_dut.v"
    ],
    "Misc": ["impl\/misc\/logo.png"],
    "DesignXml": "\/home\/npr29\/hls6775\/development\/ece6775Final\/refactored\/encrypt.prj\/solution1\/.autopilot\/db\/encrypt_dut.design.xml",
    "DebugDir": "\/home\/npr29\/hls6775\/development\/ece6775Final\/refactored\/encrypt.prj\/solution1\/.debug",
    "ProtoInst": ["\/home\/npr29\/hls6775\/development\/ece6775Final\/refactored\/encrypt.prj\/solution1\/.debug\/encrypt_dut.protoinst"]
  },
  "SubcoreInfo": {
    "HasXpmMemory": false,
    "HasClockedDsp": false,
    "IP": []
  },
  "Interfaces": {
    "ap_clk": {
      "type": "clock",
      "ctype": {"CLK": {"Type": "bool"}},
      "bundle_name": "ap_clk",
      "bundle_role": "default",
      "reset": "ap_rst"
    },
    "ap_ctrl": {
      "type": "ap_ctrl",
      "ctrl_ports": "ap_start ap_done ap_idle ap_ready",
      "ctype": {
        "start": {"Type": "bool"},
        "done": {"Type": "bool"},
        "idle": {"Type": "bool"},
        "ready": {"Type": "bool"}
      }
    },
    "ap_rst": {
      "type": "reset",
      "polarity": "ACTIVE_HIGH",
      "ctype": {"RST": {"Type": "bool"}},
      "bundle_name": "ap_rst",
      "bundle_role": "default"
    },
    "input_0": {
      "type": "data",
      "dir": "in",
      "width": "8",
      "ctype": {"DATA": {
          "Type": "integer unsigned",
          "Width": "8"
        }},
      "bundle_name": "input_0",
      "bundle_role": "default"
    },
    "input_1": {
      "type": "data",
      "dir": "in",
      "width": "8",
      "ctype": {"DATA": {
          "Type": "integer unsigned",
          "Width": "8"
        }},
      "bundle_name": "input_1",
      "bundle_role": "default"
    },
    "input_2": {
      "type": "data",
      "dir": "in",
      "width": "8",
      "ctype": {"DATA": {
          "Type": "integer unsigned",
          "Width": "8"
        }},
      "bundle_name": "input_2",
      "bundle_role": "default"
    },
    "input_3": {
      "type": "data",
      "dir": "in",
      "width": "8",
      "ctype": {"DATA": {
          "Type": "integer unsigned",
          "Width": "8"
        }},
      "bundle_name": "input_3",
      "bundle_role": "default"
    },
    "input_4": {
      "type": "data",
      "dir": "in",
      "width": "8",
      "ctype": {"DATA": {
          "Type": "integer unsigned",
          "Width": "8"
        }},
      "bundle_name": "input_4",
      "bundle_role": "default"
    },
    "input_5": {
      "type": "data",
      "dir": "in",
      "width": "8",
      "ctype": {"DATA": {
          "Type": "integer unsigned",
          "Width": "8"
        }},
      "bundle_name": "input_5",
      "bundle_role": "default"
    },
    "input_6": {
      "type": "data",
      "dir": "in",
      "width": "8",
      "ctype": {"DATA": {
          "Type": "integer unsigned",
          "Width": "8"
        }},
      "bundle_name": "input_6",
      "bundle_role": "default"
    },
    "input_7": {
      "type": "data",
      "dir": "in",
      "width": "8",
      "ctype": {"DATA": {
          "Type": "integer unsigned",
          "Width": "8"
        }},
      "bundle_name": "input_7",
      "bundle_role": "default"
    },
    "input_8": {
      "type": "data",
      "dir": "in",
      "width": "8",
      "ctype": {"DATA": {
          "Type": "integer unsigned",
          "Width": "8"
        }},
      "bundle_name": "input_8",
      "bundle_role": "default"
    },
    "input_9": {
      "type": "data",
      "dir": "in",
      "width": "8",
      "ctype": {"DATA": {
          "Type": "integer unsigned",
          "Width": "8"
        }},
      "bundle_name": "input_9",
      "bundle_role": "default"
    },
    "input_10": {
      "type": "data",
      "dir": "in",
      "width": "8",
      "ctype": {"DATA": {
          "Type": "integer unsigned",
          "Width": "8"
        }},
      "bundle_name": "input_10",
      "bundle_role": "default"
    },
    "input_11": {
      "type": "data",
      "dir": "in",
      "width": "8",
      "ctype": {"DATA": {
          "Type": "integer unsigned",
          "Width": "8"
        }},
      "bundle_name": "input_11",
      "bundle_role": "default"
    },
    "input_12": {
      "type": "data",
      "dir": "in",
      "width": "8",
      "ctype": {"DATA": {
          "Type": "integer unsigned",
          "Width": "8"
        }},
      "bundle_name": "input_12",
      "bundle_role": "default"
    },
    "input_13": {
      "type": "data",
      "dir": "in",
      "width": "8",
      "ctype": {"DATA": {
          "Type": "integer unsigned",
          "Width": "8"
        }},
      "bundle_name": "input_13",
      "bundle_role": "default"
    },
    "input_14": {
      "type": "data",
      "dir": "in",
      "width": "8",
      "ctype": {"DATA": {
          "Type": "integer unsigned",
          "Width": "8"
        }},
      "bundle_name": "input_14",
      "bundle_role": "default"
    },
    "input_15": {
      "type": "data",
      "dir": "in",
      "width": "8",
      "ctype": {"DATA": {
          "Type": "integer unsigned",
          "Width": "8"
        }},
      "bundle_name": "input_15",
      "bundle_role": "default"
    },
    "key_0": {
      "type": "data",
      "dir": "in",
      "width": "8",
      "ctype": {"DATA": {
          "Type": "integer unsigned",
          "Width": "8"
        }},
      "bundle_name": "key_0",
      "bundle_role": "default"
    },
    "key_1": {
      "type": "data",
      "dir": "in",
      "width": "8",
      "ctype": {"DATA": {
          "Type": "integer unsigned",
          "Width": "8"
        }},
      "bundle_name": "key_1",
      "bundle_role": "default"
    },
    "key_2": {
      "type": "data",
      "dir": "in",
      "width": "8",
      "ctype": {"DATA": {
          "Type": "integer unsigned",
          "Width": "8"
        }},
      "bundle_name": "key_2",
      "bundle_role": "default"
    },
    "key_3": {
      "type": "data",
      "dir": "in",
      "width": "8",
      "ctype": {"DATA": {
          "Type": "integer unsigned",
          "Width": "8"
        }},
      "bundle_name": "key_3",
      "bundle_role": "default"
    },
    "key_4": {
      "type": "data",
      "dir": "in",
      "width": "8",
      "ctype": {"DATA": {
          "Type": "integer unsigned",
          "Width": "8"
        }},
      "bundle_name": "key_4",
      "bundle_role": "default"
    },
    "key_5": {
      "type": "data",
      "dir": "in",
      "width": "8",
      "ctype": {"DATA": {
          "Type": "integer unsigned",
          "Width": "8"
        }},
      "bundle_name": "key_5",
      "bundle_role": "default"
    },
    "key_6": {
      "type": "data",
      "dir": "in",
      "width": "8",
      "ctype": {"DATA": {
          "Type": "integer unsigned",
          "Width": "8"
        }},
      "bundle_name": "key_6",
      "bundle_role": "default"
    },
    "key_7": {
      "type": "data",
      "dir": "in",
      "width": "8",
      "ctype": {"DATA": {
          "Type": "integer unsigned",
          "Width": "8"
        }},
      "bundle_name": "key_7",
      "bundle_role": "default"
    },
    "key_8": {
      "type": "data",
      "dir": "in",
      "width": "8",
      "ctype": {"DATA": {
          "Type": "integer unsigned",
          "Width": "8"
        }},
      "bundle_name": "key_8",
      "bundle_role": "default"
    },
    "key_9": {
      "type": "data",
      "dir": "in",
      "width": "8",
      "ctype": {"DATA": {
          "Type": "integer unsigned",
          "Width": "8"
        }},
      "bundle_name": "key_9",
      "bundle_role": "default"
    },
    "key_10": {
      "type": "data",
      "dir": "in",
      "width": "8",
      "ctype": {"DATA": {
          "Type": "integer unsigned",
          "Width": "8"
        }},
      "bundle_name": "key_10",
      "bundle_role": "default"
    },
    "key_11": {
      "type": "data",
      "dir": "in",
      "width": "8",
      "ctype": {"DATA": {
          "Type": "integer unsigned",
          "Width": "8"
        }},
      "bundle_name": "key_11",
      "bundle_role": "default"
    },
    "key_12": {
      "type": "data",
      "dir": "in",
      "width": "8",
      "ctype": {"DATA": {
          "Type": "integer unsigned",
          "Width": "8"
        }},
      "bundle_name": "key_12",
      "bundle_role": "default"
    },
    "key_13": {
      "type": "data",
      "dir": "in",
      "width": "8",
      "ctype": {"DATA": {
          "Type": "integer unsigned",
          "Width": "8"
        }},
      "bundle_name": "key_13",
      "bundle_role": "default"
    },
    "key_14": {
      "type": "data",
      "dir": "in",
      "width": "8",
      "ctype": {"DATA": {
          "Type": "integer unsigned",
          "Width": "8"
        }},
      "bundle_name": "key_14",
      "bundle_role": "default"
    },
    "key_15": {
      "type": "data",
      "dir": "in",
      "width": "8",
      "ctype": {"DATA": {
          "Type": "integer unsigned",
          "Width": "8"
        }},
      "bundle_name": "key_15",
      "bundle_role": "default"
    },
    "output_0": {
      "type": "data",
      "dir": "out",
      "width": "8",
      "ctype": {"DATA": {
          "Type": "integer unsigned",
          "Width": "8"
        }},
      "bundle_name": "output_0",
      "bundle_role": "default"
    },
    "output_1": {
      "type": "data",
      "dir": "out",
      "width": "8",
      "ctype": {"DATA": {
          "Type": "integer unsigned",
          "Width": "8"
        }},
      "bundle_name": "output_1",
      "bundle_role": "default"
    },
    "output_2": {
      "type": "data",
      "dir": "out",
      "width": "8",
      "ctype": {"DATA": {
          "Type": "integer unsigned",
          "Width": "8"
        }},
      "bundle_name": "output_2",
      "bundle_role": "default"
    },
    "output_3": {
      "type": "data",
      "dir": "out",
      "width": "8",
      "ctype": {"DATA": {
          "Type": "integer unsigned",
          "Width": "8"
        }},
      "bundle_name": "output_3",
      "bundle_role": "default"
    },
    "output_4": {
      "type": "data",
      "dir": "out",
      "width": "8",
      "ctype": {"DATA": {
          "Type": "integer unsigned",
          "Width": "8"
        }},
      "bundle_name": "output_4",
      "bundle_role": "default"
    },
    "output_5": {
      "type": "data",
      "dir": "out",
      "width": "8",
      "ctype": {"DATA": {
          "Type": "integer unsigned",
          "Width": "8"
        }},
      "bundle_name": "output_5",
      "bundle_role": "default"
    },
    "output_6": {
      "type": "data",
      "dir": "out",
      "width": "8",
      "ctype": {"DATA": {
          "Type": "integer unsigned",
          "Width": "8"
        }},
      "bundle_name": "output_6",
      "bundle_role": "default"
    },
    "output_7": {
      "type": "data",
      "dir": "out",
      "width": "8",
      "ctype": {"DATA": {
          "Type": "integer unsigned",
          "Width": "8"
        }},
      "bundle_name": "output_7",
      "bundle_role": "default"
    },
    "output_8": {
      "type": "data",
      "dir": "out",
      "width": "8",
      "ctype": {"DATA": {
          "Type": "integer unsigned",
          "Width": "8"
        }},
      "bundle_name": "output_8",
      "bundle_role": "default"
    },
    "output_9": {
      "type": "data",
      "dir": "out",
      "width": "8",
      "ctype": {"DATA": {
          "Type": "integer unsigned",
          "Width": "8"
        }},
      "bundle_name": "output_9",
      "bundle_role": "default"
    },
    "output_10": {
      "type": "data",
      "dir": "out",
      "width": "8",
      "ctype": {"DATA": {
          "Type": "integer unsigned",
          "Width": "8"
        }},
      "bundle_name": "output_10",
      "bundle_role": "default"
    },
    "output_11": {
      "type": "data",
      "dir": "out",
      "width": "8",
      "ctype": {"DATA": {
          "Type": "integer unsigned",
          "Width": "8"
        }},
      "bundle_name": "output_11",
      "bundle_role": "default"
    },
    "output_12": {
      "type": "data",
      "dir": "out",
      "width": "8",
      "ctype": {"DATA": {
          "Type": "integer unsigned",
          "Width": "8"
        }},
      "bundle_name": "output_12",
      "bundle_role": "default"
    },
    "output_13": {
      "type": "data",
      "dir": "out",
      "width": "8",
      "ctype": {"DATA": {
          "Type": "integer unsigned",
          "Width": "8"
        }},
      "bundle_name": "output_13",
      "bundle_role": "default"
    },
    "output_14": {
      "type": "data",
      "dir": "out",
      "width": "8",
      "ctype": {"DATA": {
          "Type": "integer unsigned",
          "Width": "8"
        }},
      "bundle_name": "output_14",
      "bundle_role": "default"
    },
    "output_15": {
      "type": "data",
      "dir": "out",
      "width": "8",
      "ctype": {"DATA": {
          "Type": "integer unsigned",
          "Width": "8"
        }},
      "bundle_name": "output_15",
      "bundle_role": "default"
    }
  },
  "RtlPorts": {
    "ap_clk": {
      "dir": "in",
      "width": "1"
    },
    "ap_rst": {
      "dir": "in",
      "width": "1"
    },
    "ap_start": {
      "dir": "in",
      "width": "1"
    },
    "ap_done": {
      "dir": "out",
      "width": "1"
    },
    "ap_idle": {
      "dir": "out",
      "width": "1"
    },
    "ap_ready": {
      "dir": "out",
      "width": "1"
    },
    "input_0": {
      "dir": "in",
      "width": "8"
    },
    "input_1": {
      "dir": "in",
      "width": "8"
    },
    "input_2": {
      "dir": "in",
      "width": "8"
    },
    "input_3": {
      "dir": "in",
      "width": "8"
    },
    "input_4": {
      "dir": "in",
      "width": "8"
    },
    "input_5": {
      "dir": "in",
      "width": "8"
    },
    "input_6": {
      "dir": "in",
      "width": "8"
    },
    "input_7": {
      "dir": "in",
      "width": "8"
    },
    "input_8": {
      "dir": "in",
      "width": "8"
    },
    "input_9": {
      "dir": "in",
      "width": "8"
    },
    "input_10": {
      "dir": "in",
      "width": "8"
    },
    "input_11": {
      "dir": "in",
      "width": "8"
    },
    "input_12": {
      "dir": "in",
      "width": "8"
    },
    "input_13": {
      "dir": "in",
      "width": "8"
    },
    "input_14": {
      "dir": "in",
      "width": "8"
    },
    "input_15": {
      "dir": "in",
      "width": "8"
    },
    "output_0": {
      "dir": "out",
      "width": "8"
    },
    "output_0_ap_vld": {
      "dir": "out",
      "width": "1"
    },
    "output_1": {
      "dir": "out",
      "width": "8"
    },
    "output_1_ap_vld": {
      "dir": "out",
      "width": "1"
    },
    "output_2": {
      "dir": "out",
      "width": "8"
    },
    "output_2_ap_vld": {
      "dir": "out",
      "width": "1"
    },
    "output_3": {
      "dir": "out",
      "width": "8"
    },
    "output_3_ap_vld": {
      "dir": "out",
      "width": "1"
    },
    "output_4": {
      "dir": "out",
      "width": "8"
    },
    "output_4_ap_vld": {
      "dir": "out",
      "width": "1"
    },
    "output_5": {
      "dir": "out",
      "width": "8"
    },
    "output_5_ap_vld": {
      "dir": "out",
      "width": "1"
    },
    "output_6": {
      "dir": "out",
      "width": "8"
    },
    "output_6_ap_vld": {
      "dir": "out",
      "width": "1"
    },
    "output_7": {
      "dir": "out",
      "width": "8"
    },
    "output_7_ap_vld": {
      "dir": "out",
      "width": "1"
    },
    "output_8": {
      "dir": "out",
      "width": "8"
    },
    "output_8_ap_vld": {
      "dir": "out",
      "width": "1"
    },
    "output_9": {
      "dir": "out",
      "width": "8"
    },
    "output_9_ap_vld": {
      "dir": "out",
      "width": "1"
    },
    "output_10": {
      "dir": "out",
      "width": "8"
    },
    "output_10_ap_vld": {
      "dir": "out",
      "width": "1"
    },
    "output_11": {
      "dir": "out",
      "width": "8"
    },
    "output_11_ap_vld": {
      "dir": "out",
      "width": "1"
    },
    "output_12": {
      "dir": "out",
      "width": "8"
    },
    "output_12_ap_vld": {
      "dir": "out",
      "width": "1"
    },
    "output_13": {
      "dir": "out",
      "width": "8"
    },
    "output_13_ap_vld": {
      "dir": "out",
      "width": "1"
    },
    "output_14": {
      "dir": "out",
      "width": "8"
    },
    "output_14_ap_vld": {
      "dir": "out",
      "width": "1"
    },
    "output_15": {
      "dir": "out",
      "width": "8"
    },
    "output_15_ap_vld": {
      "dir": "out",
      "width": "1"
    },
    "key_0": {
      "dir": "in",
      "width": "8"
    },
    "key_1": {
      "dir": "in",
      "width": "8"
    },
    "key_2": {
      "dir": "in",
      "width": "8"
    },
    "key_3": {
      "dir": "in",
      "width": "8"
    },
    "key_4": {
      "dir": "in",
      "width": "8"
    },
    "key_5": {
      "dir": "in",
      "width": "8"
    },
    "key_6": {
      "dir": "in",
      "width": "8"
    },
    "key_7": {
      "dir": "in",
      "width": "8"
    },
    "key_8": {
      "dir": "in",
      "width": "8"
    },
    "key_9": {
      "dir": "in",
      "width": "8"
    },
    "key_10": {
      "dir": "in",
      "width": "8"
    },
    "key_11": {
      "dir": "in",
      "width": "8"
    },
    "key_12": {
      "dir": "in",
      "width": "8"
    },
    "key_13": {
      "dir": "in",
      "width": "8"
    },
    "key_14": {
      "dir": "in",
      "width": "8"
    },
    "key_15": {
      "dir": "in",
      "width": "8"
    }
  },
  "ModuleInfo": {
    "Hierarchy": {
      "ModuleName": "encrypt_dut",
      "Instances": [{
          "ModuleName": "aes_encrypt",
          "InstanceName": "grp_aes_encrypt_fu_302",
          "Instances": [
            {
              "ModuleName": "aes_main",
              "InstanceName": "grp_aes_main_fu_586",
              "Instances": [
                {
                  "ModuleName": "createRoundKey",
                  "InstanceName": "grp_createRoundKey_fu_625"
                },
                {
                  "ModuleName": "mixColumn",
                  "InstanceName": "grp_mixColumn_fu_640",
                  "Instances": [
                    {
                      "ModuleName": "galois_multiplicatio",
                      "InstanceName": "tmp_galois_multiplicatio_fu_44"
                    },
                    {
                      "ModuleName": "galois_multiplicatio",
                      "InstanceName": "tmp_3_galois_multiplicatio_fu_52"
                    },
                    {
                      "ModuleName": "galois_multiplicatio",
                      "InstanceName": "tmp_4_galois_multiplicatio_fu_60"
                    },
                    {
                      "ModuleName": "galois_multiplicatio",
                      "InstanceName": "tmp_5_galois_multiplicatio_fu_68"
                    },
                    {
                      "ModuleName": "galois_multiplicatio",
                      "InstanceName": "tmp_6_galois_multiplicatio_fu_76"
                    },
                    {
                      "ModuleName": "galois_multiplicatio",
                      "InstanceName": "tmp_7_galois_multiplicatio_fu_84"
                    },
                    {
                      "ModuleName": "galois_multiplicatio",
                      "InstanceName": "tmp_9_galois_multiplicatio_fu_92"
                    },
                    {
                      "ModuleName": "galois_multiplicatio",
                      "InstanceName": "tmp_s_galois_multiplicatio_fu_100"
                    },
                    {
                      "ModuleName": "galois_multiplicatio",
                      "InstanceName": "tmp_1_galois_multiplicatio_fu_108"
                    },
                    {
                      "ModuleName": "galois_multiplicatio",
                      "InstanceName": "tmp_2_galois_multiplicatio_fu_116"
                    },
                    {
                      "ModuleName": "galois_multiplicatio",
                      "InstanceName": "tmp_8_galois_multiplicatio_fu_124"
                    },
                    {
                      "ModuleName": "galois_multiplicatio",
                      "InstanceName": "tmp_10_galois_multiplicatio_fu_132"
                    }
                  ]
                },
                {
                  "ModuleName": "mixColumn",
                  "InstanceName": "call_ret3_i_i_mixColumn_fu_650",
                  "Instances": [
                    {
                      "ModuleName": "galois_multiplicatio",
                      "InstanceName": "tmp_galois_multiplicatio_fu_44"
                    },
                    {
                      "ModuleName": "galois_multiplicatio",
                      "InstanceName": "tmp_3_galois_multiplicatio_fu_52"
                    },
                    {
                      "ModuleName": "galois_multiplicatio",
                      "InstanceName": "tmp_4_galois_multiplicatio_fu_60"
                    },
                    {
                      "ModuleName": "galois_multiplicatio",
                      "InstanceName": "tmp_5_galois_multiplicatio_fu_68"
                    },
                    {
                      "ModuleName": "galois_multiplicatio",
                      "InstanceName": "tmp_6_galois_multiplicatio_fu_76"
                    },
                    {
                      "ModuleName": "galois_multiplicatio",
                      "InstanceName": "tmp_7_galois_multiplicatio_fu_84"
                    },
                    {
                      "ModuleName": "galois_multiplicatio",
                      "InstanceName": "tmp_9_galois_multiplicatio_fu_92"
                    },
                    {
                      "ModuleName": "galois_multiplicatio",
                      "InstanceName": "tmp_s_galois_multiplicatio_fu_100"
                    },
                    {
                      "ModuleName": "galois_multiplicatio",
                      "InstanceName": "tmp_1_galois_multiplicatio_fu_108"
                    },
                    {
                      "ModuleName": "galois_multiplicatio",
                      "InstanceName": "tmp_2_galois_multiplicatio_fu_116"
                    },
                    {
                      "ModuleName": "galois_multiplicatio",
                      "InstanceName": "tmp_8_galois_multiplicatio_fu_124"
                    },
                    {
                      "ModuleName": "galois_multiplicatio",
                      "InstanceName": "tmp_10_galois_multiplicatio_fu_132"
                    }
                  ]
                }
              ]
            },
            {
              "ModuleName": "expandKey",
              "InstanceName": "grp_expandKey_fu_612"
            }
          ]
        }]
    },
    "Info": {
      "expandKey": {
        "FunctionProtocol": "ap_ctrl_hs",
        "isTaskLevelControl": "1",
        "isPipelined": "0",
        "isCombinational": "0",
        "isOneStateSeq": "0"
      },
      "createRoundKey": {
        "FunctionProtocol": "ap_ctrl_hs",
        "isTaskLevelControl": "1",
        "isPipelined": "1",
        "isCombinational": "0",
        "isOneStateSeq": "0"
      },
      "galois_multiplicatio": {
        "FunctionProtocol": "ap_ctrl_hs",
        "isTaskLevelControl": "1",
        "isPipelined": "0",
        "isCombinational": "1",
        "isOneStateSeq": "0"
      },
      "mixColumn": {
        "FunctionProtocol": "ap_ctrl_hs",
        "isTaskLevelControl": "1",
        "isPipelined": "0",
        "isCombinational": "1",
        "isOneStateSeq": "0"
      },
      "aes_main": {
        "FunctionProtocol": "ap_ctrl_hs",
        "isTaskLevelControl": "1",
        "isPipelined": "0",
        "isCombinational": "0",
        "isOneStateSeq": "0"
      },
      "aes_encrypt": {
        "FunctionProtocol": "ap_ctrl_hs",
        "isTaskLevelControl": "1",
        "isPipelined": "0",
        "isCombinational": "0",
        "isOneStateSeq": "0"
      },
      "encrypt_dut": {
        "FunctionProtocol": "ap_ctrl_hs",
        "isTaskLevelControl": "1",
        "isPipelined": "0",
        "isCombinational": "0",
        "isOneStateSeq": "0"
      }
    },
    "Metrics": {
      "expandKey": {
        "Latency": {
          "LatencyBest": "164",
          "LatencyAvg": "164",
          "LatencyWorst": "164",
          "PipelineII": "164",
          "PipelineDepth": "",
          "PipelineType": "none"
        },
        "Timing": {
          "Target": "10.00",
          "Uncertainty": "1.25",
          "Estimate": "6.824"
        },
        "Loops": [{
            "Name": "EX_WHILE",
            "TripCount": "40",
            "Latency": "161",
            "PipelineII": "4",
            "PipelineDepth": "6"
          }],
        "Area": {
          "BRAM_18K": "2",
          "FF": "177",
          "LUT": "780",
          "DSP48E": "0",
          "URAM": "0"
        }
      },
      "createRoundKey": {
        "Latency": {
          "LatencyBest": "8",
          "LatencyAvg": "8",
          "LatencyWorst": "8",
          "PipelineII": "8",
          "PipelineDepth": "9",
          "PipelineType": "function"
        },
        "Timing": {
          "Target": "10.00",
          "Uncertainty": "1.25",
          "Estimate": "4.280"
        },
        "Area": {
          "FF": "134",
          "LUT": "935",
          "BRAM_18K": "0",
          "DSP48E": "0",
          "URAM": "0"
        }
      },
      "galois_multiplicatio": {
        "Latency": {
          "LatencyBest": "0",
          "LatencyAvg": "0",
          "LatencyWorst": "0",
          "PipelineII": "1",
          "PipelineDepth": "1",
          "PipelineType": "function"
        },
        "Timing": {
          "Target": "10.00",
          "Uncertainty": "1.25",
          "Estimate": "1.248"
        },
        "Area": {
          "FF": "0",
          "LUT": "40",
          "BRAM_18K": "0",
          "DSP48E": "0",
          "URAM": "0"
        }
      },
      "mixColumn": {
        "Latency": {
          "LatencyBest": "0",
          "LatencyAvg": "0",
          "LatencyWorst": "0",
          "PipelineII": "1",
          "PipelineDepth": "1",
          "PipelineType": "function"
        },
        "Timing": {
          "Target": "10.00",
          "Uncertainty": "1.25",
          "Estimate": "2.238"
        },
        "Area": {
          "FF": "0",
          "LUT": "576",
          "BRAM_18K": "0",
          "DSP48E": "0",
          "URAM": "0"
        }
      },
      "aes_main": {
        "Latency": {
          "LatencyBest": "92",
          "LatencyAvg": "92",
          "LatencyWorst": "92",
          "PipelineII": "92",
          "PipelineDepth": "",
          "PipelineType": "none"
        },
        "Timing": {
          "Target": "10.00",
          "Uncertainty": "1.25",
          "Estimate": "6.482"
        },
        "Loops": [{
            "Name": "AES_MAIN_LOOP",
            "TripCount": "9",
            "Latency": "74",
            "PipelineII": "8",
            "PipelineDepth": "11"
          }],
        "Area": {
          "BRAM_18K": "2",
          "FF": "685",
          "LUT": "3254",
          "DSP48E": "0",
          "URAM": "0"
        }
      },
      "aes_encrypt": {
        "Latency": {
          "LatencyBest": "309",
          "LatencyAvg": "309",
          "LatencyWorst": "309",
          "PipelineII": "309",
          "PipelineDepth": "",
          "PipelineType": "none"
        },
        "Timing": {
          "Target": "10.00",
          "Uncertainty": "1.25",
          "Estimate": "6.824"
        },
        "Loops": [
          {
            "Name": "Loop 1",
            "TripCount": "4",
            "Latency": "24",
            "PipelineII": "",
            "PipelineDepth": "6",
            "Loops": [{
                "Name": "Loop 1.1",
                "TripCount": "4",
                "Latency": "4",
                "PipelineII": "",
                "PipelineDepth": "1"
              }]
          },
          {
            "Name": "Loop 2",
            "TripCount": "4",
            "Latency": "24",
            "PipelineII": "",
            "PipelineDepth": "6",
            "Loops": [{
                "Name": "Loop 2.1",
                "TripCount": "4",
                "Latency": "4",
                "PipelineII": "",
                "PipelineDepth": "1"
              }]
          }
        ],
        "Area": {
          "BRAM_18K": "8",
          "FF": "1284",
          "LUT": "5732",
          "URAM": "0",
          "DSP48E": "0"
        }
      },
      "encrypt_dut": {
        "Latency": {
          "LatencyBest": "310",
          "LatencyAvg": "310",
          "LatencyWorst": "310",
          "PipelineII": "311",
          "PipelineDepth": "",
          "PipelineType": "none"
        },
        "Timing": {
          "Target": "10.00",
          "Uncertainty": "1.25",
          "Estimate": "6.824"
        },
        "Area": {
          "BRAM_18K": "8",
          "FF": "1287",
          "LUT": "5747",
          "URAM": "0",
          "DSP48E": "0"
        }
      }
    }
  },
  "Sdx": {
    "Target": "none",
    "ProfileOption": "0",
    "ProfileType": "none",
    "XO": "",
    "KernelName": "encrypt_dut",
    "EnableXoSwEmu": "1"
  },
  "GenData": {
    "DataVersion": "0.2",
    "Time": "2024-12-13 20:23:36 EST",
    "ToolName": "vivado_hls",
    "ToolVersion": "2019.2"
  }
}
