<profile>

<section name = "Vivado HLS Report for 'aes_encrypt'" level="0">
<item name = "Date">Fri Dec 13 20:23:33 2024
</item>
<item name = "Version">2019.2 (Build 2704478 on Wed Nov 06 22:10:23 MST 2019)</item>
<item name = "Project">encrypt.prj</item>
<item name = "Solution">solution1</item>
<item name = "Product family">zynq</item>
<item name = "Target device">xc7z020-clg484-1</item>
</section>

<section name = "Performance Estimates" level="0">
<item name = "Timing">
<section name = "" level="1">
<item name = "Summary"><table name="" hasTotal="0">
<keys size="4">Clock, Target, Estimated, Uncertainty</keys>
<column name="ap_clk">10.00 ns, 6.824 ns, 1.25 ns</column>
</table>
</item>
</section>
</item>
<item name = "Latency">
<section name = "" level="1">
<item name = "Summary"><table name="" hasTotal="0">
<keys size="8">, min, max, min, max, min, max, Type</keys>
<column name="">309, 309, 3.090 us, 3.090 us, 309, 309, none</column>
</table>
</item>
<item name = "Detail">
<section name = "" level="1">
<item name = "Instance"><table name="" hasTotal="0">
<keys size="9">Instance, Module, min, max, min, max, min, max, Type</keys>
<column name="grp_aes_main_fu_586">aes_main, 92, 92, 0.920 us, 0.920 us, 92, 92, none</column>
<column name="grp_expandKey_fu_612">expandKey, 164, 164, 1.640 us, 1.640 us, 164, 164, none</column>
</table>
</item>
<item name = "Loop"><table name="" hasTotal="0">
<keys size="8">Loop Name, min, max, Latency, achieved, target, Count, Pipelined</keys>
<column name="- Loop 1">24, 24, 6, -, -, 4, no</column>
<column name=" + Loop 1.1">4, 4, 1, -, -, 4, no</column>
<column name="- Loop 2">24, 24, 6, -, -, 4, no</column>
<column name=" + Loop 2.1">4, 4, 1, -, -, 4, no</column>
</table>
</item>
</section>
</item>
</section>
</item>
</section>

<section name = "Utilization Estimates" level="0">
<item name = "Summary"><table name="" hasTotal="1">
<keys size="6">Name, BRAM_18K, DSP48E, FF, LUT, URAM</keys>
<column name="DSP">-, -, -, -, -</column>
<column name="Expression">-, -, 0, 136, -</column>
<column name="FIFO">-, -, -, -, -</column>
<column name="Instance">4, -, 862, 5204, -</column>
<column name="Memory">4, -, 0, 0, 0</column>
<column name="Multiplexer">-, -, -, 392, -</column>
<column name="Register">-, -, 422, -, -</column>
<specialColumn name="Available">280, 220, 106400, 53200, 0</specialColumn>
<specialColumn name="Utilization (%)">2, 0, 1, 10, 0</specialColumn>
</table>
</item>
<item name = "Detail">
<section name = "" level="1">
<item name = "Instance"><table name="" hasTotal="1">
<keys size="7">Instance, Module, BRAM_18K, DSP48E, FF, LUT, URAM</keys>
<column name="grp_aes_main_fu_586">aes_main, 2, 0, 685, 3254, 0</column>
<column name="encrypt_dut_mux_1g8j_U60">encrypt_dut_mux_1g8j, 0, 0, 0, 65, 0</column>
<column name="encrypt_dut_mux_1g8j_U61">encrypt_dut_mux_1g8j, 0, 0, 0, 65, 0</column>
<column name="encrypt_dut_mux_1g8j_U62">encrypt_dut_mux_1g8j, 0, 0, 0, 65, 0</column>
<column name="encrypt_dut_mux_1g8j_U63">encrypt_dut_mux_1g8j, 0, 0, 0, 65, 0</column>
<column name="encrypt_dut_mux_1g8j_U64">encrypt_dut_mux_1g8j, 0, 0, 0, 65, 0</column>
<column name="encrypt_dut_mux_1g8j_U65">encrypt_dut_mux_1g8j, 0, 0, 0, 65, 0</column>
<column name="encrypt_dut_mux_1g8j_U66">encrypt_dut_mux_1g8j, 0, 0, 0, 65, 0</column>
<column name="encrypt_dut_mux_1g8j_U67">encrypt_dut_mux_1g8j, 0, 0, 0, 65, 0</column>
<column name="encrypt_dut_mux_1g8j_U68">encrypt_dut_mux_1g8j, 0, 0, 0, 65, 0</column>
<column name="encrypt_dut_mux_1g8j_U69">encrypt_dut_mux_1g8j, 0, 0, 0, 65, 0</column>
<column name="encrypt_dut_mux_1g8j_U70">encrypt_dut_mux_1g8j, 0, 0, 0, 65, 0</column>
<column name="encrypt_dut_mux_1g8j_U71">encrypt_dut_mux_1g8j, 0, 0, 0, 65, 0</column>
<column name="encrypt_dut_mux_1g8j_U72">encrypt_dut_mux_1g8j, 0, 0, 0, 65, 0</column>
<column name="encrypt_dut_mux_1g8j_U73">encrypt_dut_mux_1g8j, 0, 0, 0, 65, 0</column>
<column name="encrypt_dut_mux_1g8j_U74">encrypt_dut_mux_1g8j, 0, 0, 0, 65, 0</column>
<column name="encrypt_dut_mux_1g8j_U75">encrypt_dut_mux_1g8j, 0, 0, 0, 65, 0</column>
<column name="encrypt_dut_mux_1g8j_U76">encrypt_dut_mux_1g8j, 0, 0, 0, 65, 0</column>
<column name="encrypt_dut_mux_1g8j_U77">encrypt_dut_mux_1g8j, 0, 0, 0, 65, 0</column>
<column name="grp_expandKey_fu_612">expandKey, 2, 0, 177, 780, 0</column>
</table>
</item>
<item name = "DSP48E"><table name="" hasTotal="0">
<keys size="3">Instance, Module, Expression</keys>
</table>
</item>
<item name = "Memory"><table name="" hasTotal="1">
<keys size="10">Memory, Module, BRAM_18K, FF, LUT, URAM, Words, Bits, Banks, W*Bits*Banks</keys>
<column name="expandedKey_0_U">aes_encrypt_expancud, 1, 0, 0, 0, 44, 8, 1, 352</column>
<column name="expandedKey_1_U">aes_encrypt_expancud, 1, 0, 0, 0, 44, 8, 1, 352</column>
<column name="expandedKey_2_U">aes_encrypt_expancud, 1, 0, 0, 0, 44, 8, 1, 352</column>
<column name="expandedKey_3_U">aes_encrypt_expancud, 1, 0, 0, 0, 44, 8, 1, 352</column>
</table>
</item>
<item name = "FIFO"><table name="" hasTotal="1">
<keys size="8">Name, BRAM_18K, FF, LUT, URAM, Depth, Bits, Size:D*B</keys>
</table>
</item>
<item name = "Expression"><table name="" hasTotal="1">
<keys size="7">Variable Name, Operation, DSP48E, FF, LUT, Bitwidth P0, Bitwidth P1</keys>
<column name="add_ln56_1_fu_787_p2">+, 0, 0, 13, 4, 4</column>
<column name="add_ln72_1_fu_1643_p2">+, 0, 0, 13, 4, 4</column>
<column name="i_2_fu_1550_p2">+, 0, 0, 12, 3, 1</column>
<column name="i_fu_710_p2">+, 0, 0, 12, 3, 1</column>
<column name="j_2_fu_1578_p2">+, 0, 0, 12, 3, 1</column>
<column name="j_fu_738_p2">+, 0, 0, 12, 3, 1</column>
<column name="tmp_fu_753_p17">+, 0, 0, 13, 4, 4</column>
<column name="tmp_s_fu_1605_p17">+, 0, 0, 13, 4, 4</column>
<column name="icmp_ln51_fu_704_p2">icmp, 0, 0, 9, 3, 4</column>
<column name="icmp_ln54_fu_732_p2">icmp, 0, 0, 9, 3, 4</column>
<column name="icmp_ln67_fu_1544_p2">icmp, 0, 0, 9, 3, 4</column>
<column name="icmp_ln70_fu_1572_p2">icmp, 0, 0, 9, 3, 4</column>
</table>
</item>
<item name = "Multiplexer"><table name="" hasTotal="1">
<keys size="5">Name, LUT, Input Size, Bits, Total Bits</keys>
<column name="ap_NS_fsm">44, 9, 1, 9</column>
<column name="expandedKey_0_address0">15, 3, 6, 18</column>
<column name="expandedKey_0_address1">15, 3, 6, 18</column>
<column name="expandedKey_0_ce0">15, 3, 1, 3</column>
<column name="expandedKey_0_ce1">15, 3, 1, 3</column>
<column name="expandedKey_0_we0">9, 2, 1, 2</column>
<column name="expandedKey_0_we1">9, 2, 1, 2</column>
<column name="expandedKey_1_address0">15, 3, 6, 18</column>
<column name="expandedKey_1_address1">15, 3, 6, 18</column>
<column name="expandedKey_1_ce0">15, 3, 1, 3</column>
<column name="expandedKey_1_ce1">15, 3, 1, 3</column>
<column name="expandedKey_1_we0">9, 2, 1, 2</column>
<column name="expandedKey_1_we1">9, 2, 1, 2</column>
<column name="expandedKey_2_address0">15, 3, 6, 18</column>
<column name="expandedKey_2_address1">15, 3, 6, 18</column>
<column name="expandedKey_2_ce0">15, 3, 1, 3</column>
<column name="expandedKey_2_ce1">15, 3, 1, 3</column>
<column name="expandedKey_2_we0">9, 2, 1, 2</column>
<column name="expandedKey_2_we1">9, 2, 1, 2</column>
<column name="expandedKey_3_address0">15, 3, 6, 18</column>
<column name="expandedKey_3_address1">15, 3, 6, 18</column>
<column name="expandedKey_3_ce0">15, 3, 1, 3</column>
<column name="expandedKey_3_ce1">15, 3, 1, 3</column>
<column name="expandedKey_3_we0">9, 2, 1, 2</column>
<column name="expandedKey_3_we1">9, 2, 1, 2</column>
<column name="i_0_reg_542">9, 2, 3, 6</column>
<column name="i_1_reg_564">9, 2, 3, 6</column>
<column name="j_0_reg_553">9, 2, 3, 6</column>
<column name="j_1_reg_575">9, 2, 3, 6</column>
</table>
</item>
<item name = "Register"><table name="" hasTotal="1">
<keys size="5">Name, FF, LUT, Bits, Const Bits</keys>
<column name="ap_CS_fsm">8, 0, 8, 0</column>
<column name="block_016_fu_158">8, 0, 8, 0</column>
<column name="block_016_load_reg_1930">8, 0, 8, 0</column>
<column name="block_0_reg_2010">8, 0, 8, 0</column>
<column name="block_1026_fu_198">8, 0, 8, 0</column>
<column name="block_1026_load_reg_1980">8, 0, 8, 0</column>
<column name="block_10_22_reg_2060">8, 0, 8, 0</column>
<column name="block_1127_fu_202">8, 0, 8, 0</column>
<column name="block_1127_load_reg_1985">8, 0, 8, 0</column>
<column name="block_117_fu_162">8, 0, 8, 0</column>
<column name="block_117_load_reg_1935">8, 0, 8, 0</column>
<column name="block_11_23_reg_2065">8, 0, 8, 0</column>
<column name="block_1228_fu_206">8, 0, 8, 0</column>
<column name="block_1228_load_reg_1990">8, 0, 8, 0</column>
<column name="block_12_24_reg_2070">8, 0, 8, 0</column>
<column name="block_1329_fu_210">8, 0, 8, 0</column>
<column name="block_1329_load_reg_1995">8, 0, 8, 0</column>
<column name="block_13_25_reg_2075">8, 0, 8, 0</column>
<column name="block_1430_fu_214">8, 0, 8, 0</column>
<column name="block_1430_load_reg_2000">8, 0, 8, 0</column>
<column name="block_14_26_reg_2080">8, 0, 8, 0</column>
<column name="block_1531_fu_218">8, 0, 8, 0</column>
<column name="block_1531_load_reg_2005">8, 0, 8, 0</column>
<column name="block_15_27_reg_2085">8, 0, 8, 0</column>
<column name="block_1_13_reg_2015">8, 0, 8, 0</column>
<column name="block_218_fu_166">8, 0, 8, 0</column>
<column name="block_218_load_reg_1940">8, 0, 8, 0</column>
<column name="block_2_14_reg_2020">8, 0, 8, 0</column>
<column name="block_319_fu_170">8, 0, 8, 0</column>
<column name="block_319_load_reg_1945">8, 0, 8, 0</column>
<column name="block_3_15_reg_2025">8, 0, 8, 0</column>
<column name="block_420_fu_174">8, 0, 8, 0</column>
<column name="block_420_load_reg_1950">8, 0, 8, 0</column>
<column name="block_4_16_reg_2030">8, 0, 8, 0</column>
<column name="block_521_fu_178">8, 0, 8, 0</column>
<column name="block_521_load_reg_1955">8, 0, 8, 0</column>
<column name="block_5_17_reg_2035">8, 0, 8, 0</column>
<column name="block_622_fu_182">8, 0, 8, 0</column>
<column name="block_622_load_reg_1960">8, 0, 8, 0</column>
<column name="block_6_18_reg_2040">8, 0, 8, 0</column>
<column name="block_723_fu_186">8, 0, 8, 0</column>
<column name="block_723_load_reg_1965">8, 0, 8, 0</column>
<column name="block_7_19_reg_2045">8, 0, 8, 0</column>
<column name="block_824_fu_190">8, 0, 8, 0</column>
<column name="block_824_load_reg_1970">8, 0, 8, 0</column>
<column name="block_8_20_reg_2050">8, 0, 8, 0</column>
<column name="block_925_fu_194">8, 0, 8, 0</column>
<column name="block_925_load_reg_1975">8, 0, 8, 0</column>
<column name="block_9_21_reg_2055">8, 0, 8, 0</column>
<column name="grp_aes_main_fu_586_ap_start_reg">1, 0, 1, 0</column>
<column name="grp_expandKey_fu_612_ap_start_reg">1, 0, 1, 0</column>
<column name="i_0_reg_542">3, 0, 3, 0</column>
<column name="i_1_reg_564">3, 0, 3, 0</column>
<column name="i_2_reg_2093">3, 0, 3, 0</column>
<column name="i_reg_1907">3, 0, 3, 0</column>
<column name="j_0_reg_553">3, 0, 3, 0</column>
<column name="j_1_reg_575">3, 0, 3, 0</column>
<column name="shl_ln1_reg_2103">2, 0, 4, 2</column>
<column name="shl_ln_reg_1917">2, 0, 4, 2</column>
<column name="zext_ln56_reg_1912">3, 0, 4, 1</column>
<column name="zext_ln72_reg_2098">3, 0, 4, 1</column>
</table>
</item>
</section>
</item>
</section>

<section name = "Interface" level="0">
<item name = "Summary"><table name="" hasTotal="0">
<keys size="6">RTL Ports, Dir, Bits, Protocol, Source Object, C Type</keys>
<column name="ap_clk">in, 1, ap_ctrl_hs, aes_encrypt, return value</column>
<column name="ap_rst">in, 1, ap_ctrl_hs, aes_encrypt, return value</column>
<column name="ap_start">in, 1, ap_ctrl_hs, aes_encrypt, return value</column>
<column name="ap_done">out, 1, ap_ctrl_hs, aes_encrypt, return value</column>
<column name="ap_idle">out, 1, ap_ctrl_hs, aes_encrypt, return value</column>
<column name="ap_ready">out, 1, ap_ctrl_hs, aes_encrypt, return value</column>
<column name="input_0_read">in, 8, ap_none, input_0_read, scalar</column>
<column name="input_1_read">in, 8, ap_none, input_1_read, scalar</column>
<column name="input_2_read">in, 8, ap_none, input_2_read, scalar</column>
<column name="input_3_read">in, 8, ap_none, input_3_read, scalar</column>
<column name="input_4_read">in, 8, ap_none, input_4_read, scalar</column>
<column name="input_5_read">in, 8, ap_none, input_5_read, scalar</column>
<column name="input_6_read">in, 8, ap_none, input_6_read, scalar</column>
<column name="input_7_read">in, 8, ap_none, input_7_read, scalar</column>
<column name="input_8_read">in, 8, ap_none, input_8_read, scalar</column>
<column name="input_9_read">in, 8, ap_none, input_9_read, scalar</column>
<column name="input_10_read">in, 8, ap_none, input_10_read, scalar</column>
<column name="input_11_read">in, 8, ap_none, input_11_read, scalar</column>
<column name="input_12_read">in, 8, ap_none, input_12_read, scalar</column>
<column name="input_13_read">in, 8, ap_none, input_13_read, scalar</column>
<column name="input_14_read">in, 8, ap_none, input_14_read, scalar</column>
<column name="input_15_read">in, 8, ap_none, input_15_read, scalar</column>
<column name="output_0">out, 8, ap_vld, output_0, pointer</column>
<column name="output_0_ap_vld">out, 1, ap_vld, output_0, pointer</column>
<column name="output_1">out, 8, ap_vld, output_1, pointer</column>
<column name="output_1_ap_vld">out, 1, ap_vld, output_1, pointer</column>
<column name="output_2">out, 8, ap_vld, output_2, pointer</column>
<column name="output_2_ap_vld">out, 1, ap_vld, output_2, pointer</column>
<column name="output_3">out, 8, ap_vld, output_3, pointer</column>
<column name="output_3_ap_vld">out, 1, ap_vld, output_3, pointer</column>
<column name="output_4">out, 8, ap_vld, output_4, pointer</column>
<column name="output_4_ap_vld">out, 1, ap_vld, output_4, pointer</column>
<column name="output_5">out, 8, ap_vld, output_5, pointer</column>
<column name="output_5_ap_vld">out, 1, ap_vld, output_5, pointer</column>
<column name="output_6">out, 8, ap_vld, output_6, pointer</column>
<column name="output_6_ap_vld">out, 1, ap_vld, output_6, pointer</column>
<column name="output_7">out, 8, ap_vld, output_7, pointer</column>
<column name="output_7_ap_vld">out, 1, ap_vld, output_7, pointer</column>
<column name="output_8">out, 8, ap_vld, output_8, pointer</column>
<column name="output_8_ap_vld">out, 1, ap_vld, output_8, pointer</column>
<column name="output_9">out, 8, ap_vld, output_9, pointer</column>
<column name="output_9_ap_vld">out, 1, ap_vld, output_9, pointer</column>
<column name="output_10">out, 8, ap_vld, output_10, pointer</column>
<column name="output_10_ap_vld">out, 1, ap_vld, output_10, pointer</column>
<column name="output_11">out, 8, ap_vld, output_11, pointer</column>
<column name="output_11_ap_vld">out, 1, ap_vld, output_11, pointer</column>
<column name="output_12">out, 8, ap_vld, output_12, pointer</column>
<column name="output_12_ap_vld">out, 1, ap_vld, output_12, pointer</column>
<column name="output_13">out, 8, ap_vld, output_13, pointer</column>
<column name="output_13_ap_vld">out, 1, ap_vld, output_13, pointer</column>
<column name="output_14">out, 8, ap_vld, output_14, pointer</column>
<column name="output_14_ap_vld">out, 1, ap_vld, output_14, pointer</column>
<column name="output_15">out, 8, ap_vld, output_15, pointer</column>
<column name="output_15_ap_vld">out, 1, ap_vld, output_15, pointer</column>
<column name="key_0_read">in, 8, ap_none, key_0_read, scalar</column>
<column name="key_1_read">in, 8, ap_none, key_1_read, scalar</column>
<column name="key_2_read">in, 8, ap_none, key_2_read, scalar</column>
<column name="key_3_read">in, 8, ap_none, key_3_read, scalar</column>
<column name="key_4_read">in, 8, ap_none, key_4_read, scalar</column>
<column name="key_5_read">in, 8, ap_none, key_5_read, scalar</column>
<column name="key_6_read">in, 8, ap_none, key_6_read, scalar</column>
<column name="key_7_read">in, 8, ap_none, key_7_read, scalar</column>
<column name="key_8_read">in, 8, ap_none, key_8_read, scalar</column>
<column name="key_9_read">in, 8, ap_none, key_9_read, scalar</column>
<column name="key_10_read">in, 8, ap_none, key_10_read, scalar</column>
<column name="key_11_read">in, 8, ap_none, key_11_read, scalar</column>
<column name="key_12_read">in, 8, ap_none, key_12_read, scalar</column>
<column name="key_13_read">in, 8, ap_none, key_13_read, scalar</column>
<column name="key_14_read">in, 8, ap_none, key_14_read, scalar</column>
<column name="key_15_read">in, 8, ap_none, key_15_read, scalar</column>
</table>
</item>
</section>
</profile>
