<profile>

<section name = "Vivado HLS Report for 'aes_main'" level="0">
<item name = "Date">Fri Dec 13 20:23:31 2024
</item>
<item name = "Version">2019.2 (Build 2704478 on Wed Nov 06 22:10:23 MST 2019)</item>
<item name = "Project">encrypt.prj</item>
<item name = "Solution">solution1</item>
<item name = "Product family">zynq</item>
<item name = "Target device">xc7z020-clg484-1</item>
</section>

<section name = "Performance Estimates" level="0">
<item name = "Timing">
<section name = "" level="1">
<item name = "Summary"><table name="" hasTotal="0">
<keys size="4">Clock, Target, Estimated, Uncertainty</keys>
<column name="ap_clk">10.00 ns, 6.482 ns, 1.25 ns</column>
</table>
</item>
</section>
</item>
<item name = "Latency">
<section name = "" level="1">
<item name = "Summary"><table name="" hasTotal="0">
<keys size="8">, min, max, min, max, min, max, Type</keys>
<column name="">92, 92, 0.920 us, 0.920 us, 92, 92, none</column>
</table>
</item>
<item name = "Detail">
<section name = "" level="1">
<item name = "Instance"><table name="" hasTotal="0">
<keys size="9">Instance, Module, min, max, min, max, min, max, Type</keys>
<column name="grp_createRoundKey_fu_625">createRoundKey, 8, 8, 80.000 ns, 80.000 ns, 8, 8, function</column>
<column name="grp_mixColumn_fu_640">mixColumn, 0, 0, 0 ns, 0 ns, 1, 1, function</column>
<column name="call_ret3_i_i_mixColumn_fu_650">mixColumn, 0, 0, 0 ns, 0 ns, 1, 1, function</column>
</table>
</item>
<item name = "Loop"><table name="" hasTotal="0">
<keys size="8">Loop Name, min, max, Latency, achieved, target, Count, Pipelined</keys>
<column name="- AES_MAIN_LOOP">74, 74, 11, 8, 1, 9, yes</column>
</table>
</item>
</section>
</item>
</section>
</item>
</section>
</profile>
