<profile>

<section name = "Vivado HLS Report for 'aes_main'" level="0">
<item name = "Date">Fri Dec 13 20:23:33 2024
</item>
<item name = "Version">2019.2 (Build 2704478 on Wed Nov 06 22:10:23 MST 2019)</item>
<item name = "Project">encrypt.prj</item>
<item name = "Solution">solution1</item>
<item name = "Product family">zynq</item>
<item name = "Target device">xc7z020-clg484-1</item>
</section>

<section name = "Performance Estimates" level="0">
<item name = "Timing">
<section name = "" level="1">
<item name = "Summary"><table name="" hasTotal="0">
<keys size="4">Clock, Target, Estimated, Uncertainty</keys>
<column name="ap_clk">10.00 ns, 6.482 ns, 1.25 ns</column>
</table>
</item>
</section>
</item>
<item name = "Latency">
<section name = "" level="1">
<item name = "Summary"><table name="" hasTotal="0">
<keys size="8">, min, max, min, max, min, max, Type</keys>
<column name="">92, 92, 0.920 us, 0.920 us, 92, 92, none</column>
</table>
</item>
<item name = "Detail">
<section name = "" level="1">
<item name = "Instance"><table name="" hasTotal="0">
<keys size="9">Instance, Module, min, max, min, max, min, max, Type</keys>
<column name="grp_createRoundKey_fu_625">createRoundKey, 8, 8, 80.000 ns, 80.000 ns, 8, 8, function</column>
<column name="grp_mixColumn_fu_640">mixColumn, 0, 0, 0 ns, 0 ns, 1, 1, function</column>
<column name="call_ret3_i_i_mixColumn_fu_650">mixColumn, 0, 0, 0 ns, 0 ns, 1, 1, function</column>
</table>
</item>
<item name = "Loop"><table name="" hasTotal="0">
<keys size="8">Loop Name, min, max, Latency, achieved, target, Count, Pipelined</keys>
<column name="- AES_MAIN_LOOP">74, 74, 11, 8, 1, 9, yes</column>
</table>
</item>
</section>
</item>
</section>
</item>
</section>

<section name = "Utilization Estimates" level="0">
<item name = "Summary"><table name="" hasTotal="1">
<keys size="6">Name, BRAM_18K, DSP48E, FF, LUT, URAM</keys>
<column name="DSP">-, -, -, -, -</column>
<column name="Expression">-, -, 0, 414, -</column>
<column name="FIFO">-, -, -, -, -</column>
<column name="Instance">-, -, 134, 2087, -</column>
<column name="Memory">2, -, 0, 0, -</column>
<column name="Multiplexer">-, -, -, 753, -</column>
<column name="Register">-, -, 551, -, -</column>
<specialColumn name="Available">280, 220, 106400, 53200, 0</specialColumn>
<specialColumn name="Utilization (%)">~0, 0, ~0, 6, 0</specialColumn>
</table>
</item>
<item name = "Detail">
<section name = "" level="1">
<item name = "Instance"><table name="" hasTotal="1">
<keys size="7">Instance, Module, BRAM_18K, DSP48E, FF, LUT, URAM</keys>
<column name="grp_createRoundKey_fu_625">createRoundKey, 0, 0, 134, 935, 0</column>
<column name="grp_mixColumn_fu_640">mixColumn, 0, 0, 0, 576, 0</column>
<column name="call_ret3_i_i_mixColumn_fu_650">mixColumn, 0, 0, 0, 576, 0</column>
</table>
</item>
<item name = "DSP48E"><table name="" hasTotal="0">
<keys size="3">Instance, Module, Expression</keys>
</table>
</item>
<item name = "Memory"><table name="" hasTotal="1">
<keys size="10">Memory, Module, BRAM_18K, FF, LUT, URAM, Words, Bits, Banks, W*Bits*Banks</keys>
<column name="sbox_U">aes_main_sbox, 2, 0, 0, 0, 256, 8, 1, 2048</column>
</table>
</item>
<item name = "FIFO"><table name="" hasTotal="1">
<keys size="8">Name, BRAM_18K, FF, LUT, URAM, Depth, Bits, Size:D*B</keys>
</table>
</item>
<item name = "Expression"><table name="" hasTotal="1">
<keys size="7">Variable Name, Operation, DSP48E, FF, LUT, Bitwidth P0, Bitwidth P1</keys>
<column name="i_fu_949_p2">+, 0, 0, 13, 4, 1</column>
<column name="ap_condition_2741">and, 0, 0, 2, 1, 1</column>
<column name="ap_condition_2745">and, 0, 0, 2, 1, 1</column>
<column name="ap_condition_2749">and, 0, 0, 2, 1, 1</column>
<column name="icmp_ln28_fu_870_p2">icmp, 0, 0, 9, 4, 4</column>
<column name="ap_enable_pp0">xor, 0, 0, 2, 1, 2</column>
<column name="xor_ln230_10_fu_834_p2">xor, 0, 0, 8, 8, 8</column>
<column name="xor_ln230_11_fu_840_p2">xor, 0, 0, 8, 8, 8</column>
<column name="xor_ln230_12_fu_846_p2">xor, 0, 0, 8, 8, 8</column>
<column name="xor_ln230_13_fu_852_p2">xor, 0, 0, 8, 8, 8</column>
<column name="xor_ln230_14_fu_858_p2">xor, 0, 0, 8, 8, 8</column>
<column name="xor_ln230_15_fu_864_p2">xor, 0, 0, 8, 8, 8</column>
<column name="xor_ln230_16_fu_1335_p2">xor, 0, 0, 8, 8, 8</column>
<column name="xor_ln230_17_fu_1340_p2">xor, 0, 0, 8, 8, 8</column>
<column name="xor_ln230_18_fu_1346_p2">xor, 0, 0, 8, 8, 8</column>
<column name="xor_ln230_19_fu_1352_p2">xor, 0, 0, 8, 8, 8</column>
<column name="xor_ln230_1_fu_780_p2">xor, 0, 0, 8, 8, 8</column>
<column name="xor_ln230_20_fu_1358_p2">xor, 0, 0, 8, 8, 8</column>
<column name="xor_ln230_21_fu_1364_p2">xor, 0, 0, 8, 8, 8</column>
<column name="xor_ln230_22_fu_1370_p2">xor, 0, 0, 8, 8, 8</column>
<column name="xor_ln230_23_fu_1376_p2">xor, 0, 0, 8, 8, 8</column>
<column name="xor_ln230_24_fu_1382_p2">xor, 0, 0, 8, 8, 8</column>
<column name="xor_ln230_25_fu_1388_p2">xor, 0, 0, 8, 8, 8</column>
<column name="xor_ln230_26_fu_1394_p2">xor, 0, 0, 8, 8, 8</column>
<column name="xor_ln230_27_fu_1400_p2">xor, 0, 0, 8, 8, 8</column>
<column name="xor_ln230_28_fu_1406_p2">xor, 0, 0, 8, 8, 8</column>
<column name="xor_ln230_29_fu_1411_p2">xor, 0, 0, 8, 8, 8</column>
<column name="xor_ln230_2_fu_786_p2">xor, 0, 0, 8, 8, 8</column>
<column name="xor_ln230_30_fu_1417_p2">xor, 0, 0, 8, 8, 8</column>
<column name="xor_ln230_31_fu_1423_p2">xor, 0, 0, 8, 8, 8</column>
<column name="xor_ln230_32_fu_1067_p2">xor, 0, 0, 8, 8, 8</column>
<column name="xor_ln230_33_fu_1073_p2">xor, 0, 0, 8, 8, 8</column>
<column name="xor_ln230_34_fu_1079_p2">xor, 0, 0, 8, 8, 8</column>
<column name="xor_ln230_35_fu_1167_p2">xor, 0, 0, 8, 8, 8</column>
<column name="xor_ln230_36_fu_1085_p2">xor, 0, 0, 8, 8, 8</column>
<column name="xor_ln230_37_fu_1091_p2">xor, 0, 0, 8, 8, 8</column>
<column name="xor_ln230_38_fu_1097_p2">xor, 0, 0, 8, 8, 8</column>
<column name="xor_ln230_39_fu_1173_p2">xor, 0, 0, 8, 8, 8</column>
<column name="xor_ln230_3_fu_792_p2">xor, 0, 0, 8, 8, 8</column>
<column name="xor_ln230_40_fu_1103_p2">xor, 0, 0, 8, 8, 8</column>
<column name="xor_ln230_41_fu_1109_p2">xor, 0, 0, 8, 8, 8</column>
<column name="xor_ln230_42_fu_1115_p2">xor, 0, 0, 8, 8, 8</column>
<column name="xor_ln230_43_fu_1179_p2">xor, 0, 0, 8, 8, 8</column>
<column name="xor_ln230_44_fu_1121_p2">xor, 0, 0, 8, 8, 8</column>
<column name="xor_ln230_45_fu_1127_p2">xor, 0, 0, 8, 8, 8</column>
<column name="xor_ln230_46_fu_1133_p2">xor, 0, 0, 8, 8, 8</column>
<column name="xor_ln230_47_fu_1185_p2">xor, 0, 0, 8, 8, 8</column>
<column name="xor_ln230_4_fu_798_p2">xor, 0, 0, 8, 8, 8</column>
<column name="xor_ln230_5_fu_804_p2">xor, 0, 0, 8, 8, 8</column>
<column name="xor_ln230_6_fu_810_p2">xor, 0, 0, 8, 8, 8</column>
<column name="xor_ln230_7_fu_816_p2">xor, 0, 0, 8, 8, 8</column>
<column name="xor_ln230_8_fu_822_p2">xor, 0, 0, 8, 8, 8</column>
<column name="xor_ln230_9_fu_828_p2">xor, 0, 0, 8, 8, 8</column>
<column name="xor_ln230_fu_774_p2">xor, 0, 0, 8, 8, 8</column>
</table>
</item>
<item name = "Multiplexer"><table name="" hasTotal="1">
<keys size="5">Name, LUT, Input Size, Bits, Total Bits</keys>
<column name="ap_NS_fsm">125, 27, 1, 27</column>
<column name="ap_enable_reg_pp0_iter1">9, 2, 1, 2</column>
<column name="ap_phi_mux_i_0_phi_fu_617_p4">9, 2, 4, 8</column>
<column name="ap_phi_mux_state_5_read_assign_5_phi_fu_506_p4">9, 2, 8, 16</column>
<column name="ap_phi_mux_state_6_read_assign_5_phi_fu_516_p4">9, 2, 8, 16</column>
<column name="ap_return_0">9, 2, 8, 16</column>
<column name="ap_return_1">9, 2, 8, 16</column>
<column name="ap_return_10">9, 2, 8, 16</column>
<column name="ap_return_11">9, 2, 8, 16</column>
<column name="ap_return_12">9, 2, 8, 16</column>
<column name="ap_return_13">9, 2, 8, 16</column>
<column name="ap_return_14">9, 2, 8, 16</column>
<column name="ap_return_15">9, 2, 8, 16</column>
<column name="ap_return_2">9, 2, 8, 16</column>
<column name="ap_return_3">9, 2, 8, 16</column>
<column name="ap_return_4">9, 2, 8, 16</column>
<column name="ap_return_5">9, 2, 8, 16</column>
<column name="ap_return_6">9, 2, 8, 16</column>
<column name="ap_return_7">9, 2, 8, 16</column>
<column name="ap_return_8">9, 2, 8, 16</column>
<column name="ap_return_9">9, 2, 8, 16</column>
<column name="expandedKey_0_ce0">9, 2, 1, 2</column>
<column name="expandedKey_0_ce1">9, 2, 1, 2</column>
<column name="expandedKey_1_ce0">9, 2, 1, 2</column>
<column name="expandedKey_1_ce1">9, 2, 1, 2</column>
<column name="expandedKey_2_ce0">9, 2, 1, 2</column>
<column name="expandedKey_2_ce1">9, 2, 1, 2</column>
<column name="expandedKey_3_ce0">9, 2, 1, 2</column>
<column name="expandedKey_3_ce1">9, 2, 1, 2</column>
<column name="grp_createRoundKey_fu_625_ap_start">9, 2, 1, 2</column>
<column name="grp_createRoundKey_fu_625_ptr">21, 4, 10, 40</column>
<column name="grp_mixColumn_fu_640_column_1_read">21, 4, 8, 32</column>
<column name="grp_mixColumn_fu_640_column_2_read">21, 4, 8, 32</column>
<column name="grp_mixColumn_fu_640_column_3_read">21, 4, 8, 32</column>
<column name="i_0_reg_613">9, 2, 4, 8</column>
<column name="sbox_address0">65, 16, 8, 128</column>
<column name="sbox_address1">65, 16, 8, 128</column>
<column name="state_0_read_assign_4_reg_453">9, 2, 8, 16</column>
<column name="state_10_read_assig_reg_553">9, 2, 8, 16</column>
<column name="state_11_read_assig_reg_563">9, 2, 8, 16</column>
<column name="state_12_read_assig_reg_573">9, 2, 8, 16</column>
<column name="state_13_read_assig_reg_583">9, 2, 8, 16</column>
<column name="state_14_read_assig_reg_593">9, 2, 8, 16</column>
<column name="state_15_read_assig_reg_603">9, 2, 8, 16</column>
<column name="state_1_read_assign_4_reg_463">9, 2, 8, 16</column>
<column name="state_2_read_assign_4_reg_473">9, 2, 8, 16</column>
<column name="state_3_read_assign_4_reg_483">9, 2, 8, 16</column>
<column name="state_4_read_assign_5_reg_493">9, 2, 8, 16</column>
<column name="state_5_read_assign_5_reg_503">9, 2, 8, 16</column>
<column name="state_6_read_assign_5_reg_513">9, 2, 8, 16</column>
<column name="state_7_read_assign_5_reg_523">9, 2, 8, 16</column>
<column name="state_8_read_assign_5_reg_533">9, 2, 8, 16</column>
<column name="state_9_read_assign_5_reg_543">9, 2, 8, 16</column>
</table>
</item>
<item name = "Register"><table name="" hasTotal="1">
<keys size="5">Name, FF, LUT, Bits, Const Bits</keys>
<column name="ap_CS_fsm">26, 0, 26, 0</column>
<column name="ap_enable_reg_pp0_iter0">1, 0, 1, 0</column>
<column name="ap_enable_reg_pp0_iter1">1, 0, 1, 0</column>
<column name="ap_return_0_preg">8, 0, 8, 0</column>
<column name="ap_return_10_preg">8, 0, 8, 0</column>
<column name="ap_return_11_preg">8, 0, 8, 0</column>
<column name="ap_return_12_preg">8, 0, 8, 0</column>
<column name="ap_return_13_preg">8, 0, 8, 0</column>
<column name="ap_return_14_preg">8, 0, 8, 0</column>
<column name="ap_return_15_preg">8, 0, 8, 0</column>
<column name="ap_return_1_preg">8, 0, 8, 0</column>
<column name="ap_return_2_preg">8, 0, 8, 0</column>
<column name="ap_return_3_preg">8, 0, 8, 0</column>
<column name="ap_return_4_preg">8, 0, 8, 0</column>
<column name="ap_return_5_preg">8, 0, 8, 0</column>
<column name="ap_return_6_preg">8, 0, 8, 0</column>
<column name="ap_return_7_preg">8, 0, 8, 0</column>
<column name="ap_return_8_preg">8, 0, 8, 0</column>
<column name="ap_return_9_preg">8, 0, 8, 0</column>
<column name="call_ret1_i_i_reg_1684_0">8, 0, 8, 0</column>
<column name="call_ret1_i_i_reg_1684_1">8, 0, 8, 0</column>
<column name="call_ret1_i_i_reg_1684_2">8, 0, 8, 0</column>
<column name="call_ret1_i_i_reg_1684_3">8, 0, 8, 0</column>
<column name="call_ret1_reg_1692_11">8, 0, 8, 0</column>
<column name="call_ret1_reg_1692_15">8, 0, 8, 0</column>
<column name="call_ret1_reg_1692_3">8, 0, 8, 0</column>
<column name="call_ret1_reg_1692_7">8, 0, 8, 0</column>
<column name="grp_createRoundKey_fu_625_ap_start_reg">1, 0, 1, 0</column>
<column name="i_0_reg_613">4, 0, 4, 0</column>
<column name="i_reg_1669">4, 0, 4, 0</column>
<column name="icmp_ln28_reg_1605">1, 0, 1, 0</column>
<column name="icmp_ln28_reg_1605_pp0_iter1_reg">1, 0, 1, 0</column>
<column name="reg_660">8, 0, 8, 0</column>
<column name="reg_665">8, 0, 8, 0</column>
<column name="reg_670">8, 0, 8, 0</column>
<column name="reg_675">8, 0, 8, 0</column>
<column name="reg_680">8, 0, 8, 0</column>
<column name="reg_685">8, 0, 8, 0</column>
<column name="reg_690">8, 0, 8, 0</column>
<column name="reg_695">8, 0, 8, 0</column>
<column name="reg_700">8, 0, 8, 0</column>
<column name="reg_705">8, 0, 8, 0</column>
<column name="sbox_load_18_reg_1875">8, 0, 8, 0</column>
<column name="sbox_load_reg_1850">8, 0, 8, 0</column>
<column name="state_0_read_assign_4_reg_453">8, 0, 8, 0</column>
<column name="state_10_read_assig_reg_553">8, 0, 8, 0</column>
<column name="state_11_read_assig_reg_563">8, 0, 8, 0</column>
<column name="state_12_read_assig_reg_573">8, 0, 8, 0</column>
<column name="state_13_read_assig_reg_583">8, 0, 8, 0</column>
<column name="state_14_read_assig_reg_593">8, 0, 8, 0</column>
<column name="state_15_read_assig_reg_603">8, 0, 8, 0</column>
<column name="state_1_read_assign_4_reg_463">8, 0, 8, 0</column>
<column name="state_2_read_assign_4_reg_473">8, 0, 8, 0</column>
<column name="state_3_read_assign_4_reg_483">8, 0, 8, 0</column>
<column name="state_4_read_assign_5_reg_493">8, 0, 8, 0</column>
<column name="state_5_read_assign_5_reg_503">8, 0, 8, 0</column>
<column name="state_6_read_assign_5_reg_513">8, 0, 8, 0</column>
<column name="state_7_read_assign_5_reg_523">8, 0, 8, 0</column>
<column name="state_8_read_assign_5_reg_533">8, 0, 8, 0</column>
<column name="state_9_read_assign_5_reg_543">8, 0, 8, 0</column>
<column name="xor_ln230_32_reg_1710">8, 0, 8, 0</column>
<column name="xor_ln230_33_reg_1715">8, 0, 8, 0</column>
<column name="xor_ln230_34_reg_1720">8, 0, 8, 0</column>
<column name="xor_ln230_36_reg_1725">8, 0, 8, 0</column>
<column name="xor_ln230_37_reg_1730">8, 0, 8, 0</column>
<column name="xor_ln230_38_reg_1735">8, 0, 8, 0</column>
<column name="xor_ln230_40_reg_1740">8, 0, 8, 0</column>
<column name="xor_ln230_41_reg_1745">8, 0, 8, 0</column>
<column name="xor_ln230_42_reg_1750">8, 0, 8, 0</column>
<column name="xor_ln230_44_reg_1755">8, 0, 8, 0</column>
<column name="xor_ln230_45_reg_1760">8, 0, 8, 0</column>
<column name="xor_ln230_46_reg_1765">8, 0, 8, 0</column>
</table>
</item>
</section>
</item>
</section>

<section name = "Interface" level="0">
<item name = "Summary"><table name="" hasTotal="0">
<keys size="6">RTL Ports, Dir, Bits, Protocol, Source Object, C Type</keys>
<column name="ap_clk">in, 1, ap_ctrl_hs, aes_main, return value</column>
<column name="ap_rst">in, 1, ap_ctrl_hs, aes_main, return value</column>
<column name="ap_start">in, 1, ap_ctrl_hs, aes_main, return value</column>
<column name="ap_done">out, 1, ap_ctrl_hs, aes_main, return value</column>
<column name="ap_idle">out, 1, ap_ctrl_hs, aes_main, return value</column>
<column name="ap_ready">out, 1, ap_ctrl_hs, aes_main, return value</column>
<column name="ap_return_0">out, 8, ap_ctrl_hs, aes_main, return value</column>
<column name="ap_return_1">out, 8, ap_ctrl_hs, aes_main, return value</column>
<column name="ap_return_2">out, 8, ap_ctrl_hs, aes_main, return value</column>
<column name="ap_return_3">out, 8, ap_ctrl_hs, aes_main, return value</column>
<column name="ap_return_4">out, 8, ap_ctrl_hs, aes_main, return value</column>
<column name="ap_return_5">out, 8, ap_ctrl_hs, aes_main, return value</column>
<column name="ap_return_6">out, 8, ap_ctrl_hs, aes_main, return value</column>
<column name="ap_return_7">out, 8, ap_ctrl_hs, aes_main, return value</column>
<column name="ap_return_8">out, 8, ap_ctrl_hs, aes_main, return value</column>
<column name="ap_return_9">out, 8, ap_ctrl_hs, aes_main, return value</column>
<column name="ap_return_10">out, 8, ap_ctrl_hs, aes_main, return value</column>
<column name="ap_return_11">out, 8, ap_ctrl_hs, aes_main, return value</column>
<column name="ap_return_12">out, 8, ap_ctrl_hs, aes_main, return value</column>
<column name="ap_return_13">out, 8, ap_ctrl_hs, aes_main, return value</column>
<column name="ap_return_14">out, 8, ap_ctrl_hs, aes_main, return value</column>
<column name="ap_return_15">out, 8, ap_ctrl_hs, aes_main, return value</column>
<column name="state_0_read">in, 8, ap_none, state_0_read, scalar</column>
<column name="state_1_read">in, 8, ap_none, state_1_read, scalar</column>
<column name="state_2_read">in, 8, ap_none, state_2_read, scalar</column>
<column name="state_3_read">in, 8, ap_none, state_3_read, scalar</column>
<column name="state_4_read">in, 8, ap_none, state_4_read, scalar</column>
<column name="state_5_read">in, 8, ap_none, state_5_read, scalar</column>
<column name="state_6_read">in, 8, ap_none, state_6_read, scalar</column>
<column name="state_7_read">in, 8, ap_none, state_7_read, scalar</column>
<column name="state_8_read">in, 8, ap_none, state_8_read, scalar</column>
<column name="state_9_read">in, 8, ap_none, state_9_read, scalar</column>
<column name="state_10_read">in, 8, ap_none, state_10_read, scalar</column>
<column name="state_11_read">in, 8, ap_none, state_11_read, scalar</column>
<column name="state_12_read">in, 8, ap_none, state_12_read, scalar</column>
<column name="state_13_read">in, 8, ap_none, state_13_read, scalar</column>
<column name="state_14_read">in, 8, ap_none, state_14_read, scalar</column>
<column name="state_15_read">in, 8, ap_none, state_15_read, scalar</column>
<column name="expandedKey_0_address0">out, 6, ap_memory, expandedKey_0, array</column>
<column name="expandedKey_0_ce0">out, 1, ap_memory, expandedKey_0, array</column>
<column name="expandedKey_0_q0">in, 8, ap_memory, expandedKey_0, array</column>
<column name="expandedKey_0_address1">out, 6, ap_memory, expandedKey_0, array</column>
<column name="expandedKey_0_ce1">out, 1, ap_memory, expandedKey_0, array</column>
<column name="expandedKey_0_q1">in, 8, ap_memory, expandedKey_0, array</column>
<column name="expandedKey_1_address0">out, 6, ap_memory, expandedKey_1, array</column>
<column name="expandedKey_1_ce0">out, 1, ap_memory, expandedKey_1, array</column>
<column name="expandedKey_1_q0">in, 8, ap_memory, expandedKey_1, array</column>
<column name="expandedKey_1_address1">out, 6, ap_memory, expandedKey_1, array</column>
<column name="expandedKey_1_ce1">out, 1, ap_memory, expandedKey_1, array</column>
<column name="expandedKey_1_q1">in, 8, ap_memory, expandedKey_1, array</column>
<column name="expandedKey_2_address0">out, 6, ap_memory, expandedKey_2, array</column>
<column name="expandedKey_2_ce0">out, 1, ap_memory, expandedKey_2, array</column>
<column name="expandedKey_2_q0">in, 8, ap_memory, expandedKey_2, array</column>
<column name="expandedKey_2_address1">out, 6, ap_memory, expandedKey_2, array</column>
<column name="expandedKey_2_ce1">out, 1, ap_memory, expandedKey_2, array</column>
<column name="expandedKey_2_q1">in, 8, ap_memory, expandedKey_2, array</column>
<column name="expandedKey_3_address0">out, 6, ap_memory, expandedKey_3, array</column>
<column name="expandedKey_3_ce0">out, 1, ap_memory, expandedKey_3, array</column>
<column name="expandedKey_3_q0">in, 8, ap_memory, expandedKey_3, array</column>
<column name="expandedKey_3_address1">out, 6, ap_memory, expandedKey_3, array</column>
<column name="expandedKey_3_ce1">out, 1, ap_memory, expandedKey_3, array</column>
<column name="expandedKey_3_q1">in, 8, ap_memory, expandedKey_3, array</column>
</table>
</item>
</section>
</profile>
