<profile>

<section name = "Vivado HLS Report for 'encrypt_dut'" level="0">
<item name = "Date">Fri Dec 13 20:23:34 2024
</item>
<item name = "Version">2019.2 (Build 2704478 on Wed Nov 06 22:10:23 MST 2019)</item>
<item name = "Project">encrypt.prj</item>
<item name = "Solution">solution1</item>
<item name = "Product family">zynq</item>
<item name = "Target device">xc7z020-clg484-1</item>
</section>

<section name = "Performance Estimates" level="0">
<item name = "Timing">
<section name = "" level="1">
<item name = "Summary"><table name="" hasTotal="0">
<keys size="4">Clock, Target, Estimated, Uncertainty</keys>
<column name="ap_clk">10.00 ns, 6.824 ns, 1.25 ns</column>
</table>
</item>
</section>
</item>
<item name = "Latency">
<section name = "" level="1">
<item name = "Summary"><table name="" hasTotal="0">
<keys size="8">, min, max, min, max, min, max, Type</keys>
<column name="">310, 310, 3.100 us, 3.100 us, 310, 310, none</column>
</table>
</item>
<item name = "Detail">
<section name = "" level="1">
<item name = "Instance"><table name="" hasTotal="0">
<keys size="9">Instance, Module, min, max, min, max, min, max, Type</keys>
<column name="grp_aes_encrypt_fu_302">aes_encrypt, 309, 309, 3.090 us, 3.090 us, 309, 309, none</column>
</table>
</item>
<item name = "Loop"><table name="" hasTotal="0">
<keys size="8">Loop Name, min, max, Latency, achieved, target, Count, Pipelined</keys>
</table>
</item>
</section>
</item>
</section>
</item>
</section>

<section name = "Utilization Estimates" level="0">
<item name = "Summary"><table name="" hasTotal="1">
<keys size="6">Name, BRAM_18K, DSP48E, FF, LUT, URAM</keys>
<column name="DSP">-, -, -, -, -</column>
<column name="Expression">-, -, -, -, -</column>
<column name="FIFO">-, -, -, -, -</column>
<column name="Instance">8, -, 1284, 5732, 0</column>
<column name="Memory">-, -, -, -, -</column>
<column name="Multiplexer">-, -, -, 15, -</column>
<column name="Register">-, -, 3, -, -</column>
<specialColumn name="Available">280, 220, 106400, 53200, 0</specialColumn>
<specialColumn name="Utilization (%)">2, 0, 1, 10, 0</specialColumn>
</table>
</item>
<item name = "Detail">
<section name = "" level="1">
<item name = "Instance"><table name="" hasTotal="1">
<keys size="7">Instance, Module, BRAM_18K, DSP48E, FF, LUT, URAM</keys>
<column name="grp_aes_encrypt_fu_302">aes_encrypt, 8, 0, 1284, 5732, 0</column>
</table>
</item>
<item name = "DSP48E"><table name="" hasTotal="0">
<keys size="3">Instance, Module, Expression</keys>
</table>
</item>
<item name = "Memory"><table name="" hasTotal="1">
<keys size="10">Memory, Module, BRAM_18K, FF, LUT, URAM, Words, Bits, Banks, W*Bits*Banks</keys>
</table>
</item>
<item name = "FIFO"><table name="" hasTotal="1">
<keys size="8">Name, BRAM_18K, FF, LUT, URAM, Depth, Bits, Size:D*B</keys>
</table>
</item>
<item name = "Expression"><table name="" hasTotal="1">
<keys size="7">Variable Name, Operation, DSP48E, FF, LUT, Bitwidth P0, Bitwidth P1</keys>
</table>
</item>
<item name = "Multiplexer"><table name="" hasTotal="1">
<keys size="5">Name, LUT, Input Size, Bits, Total Bits</keys>
<column name="ap_NS_fsm">15, 3, 1, 3</column>
</table>
</item>
<item name = "Register"><table name="" hasTotal="1">
<keys size="5">Name, FF, LUT, Bits, Const Bits</keys>
<column name="ap_CS_fsm">2, 0, 2, 0</column>
<column name="grp_aes_encrypt_fu_302_ap_start_reg">1, 0, 1, 0</column>
</table>
</item>
</section>
</item>
</section>

<section name = "Interface" level="0">
<item name = "Summary"><table name="" hasTotal="0">
<keys size="6">RTL Ports, Dir, Bits, Protocol, Source Object, C Type</keys>
<column name="ap_clk">in, 1, ap_ctrl_hs, encrypt_dut, return value</column>
<column name="ap_rst">in, 1, ap_ctrl_hs, encrypt_dut, return value</column>
<column name="ap_start">in, 1, ap_ctrl_hs, encrypt_dut, return value</column>
<column name="ap_done">out, 1, ap_ctrl_hs, encrypt_dut, return value</column>
<column name="ap_idle">out, 1, ap_ctrl_hs, encrypt_dut, return value</column>
<column name="ap_ready">out, 1, ap_ctrl_hs, encrypt_dut, return value</column>
<column name="input_0">in, 8, ap_none, input_0, pointer</column>
<column name="input_1">in, 8, ap_none, input_1, pointer</column>
<column name="input_2">in, 8, ap_none, input_2, pointer</column>
<column name="input_3">in, 8, ap_none, input_3, pointer</column>
<column name="input_4">in, 8, ap_none, input_4, pointer</column>
<column name="input_5">in, 8, ap_none, input_5, pointer</column>
<column name="input_6">in, 8, ap_none, input_6, pointer</column>
<column name="input_7">in, 8, ap_none, input_7, pointer</column>
<column name="input_8">in, 8, ap_none, input_8, pointer</column>
<column name="input_9">in, 8, ap_none, input_9, pointer</column>
<column name="input_10">in, 8, ap_none, input_10, pointer</column>
<column name="input_11">in, 8, ap_none, input_11, pointer</column>
<column name="input_12">in, 8, ap_none, input_12, pointer</column>
<column name="input_13">in, 8, ap_none, input_13, pointer</column>
<column name="input_14">in, 8, ap_none, input_14, pointer</column>
<column name="input_15">in, 8, ap_none, input_15, pointer</column>
<column name="output_0">out, 8, ap_vld, output_0, pointer</column>
<column name="output_0_ap_vld">out, 1, ap_vld, output_0, pointer</column>
<column name="output_1">out, 8, ap_vld, output_1, pointer</column>
<column name="output_1_ap_vld">out, 1, ap_vld, output_1, pointer</column>
<column name="output_2">out, 8, ap_vld, output_2, pointer</column>
<column name="output_2_ap_vld">out, 1, ap_vld, output_2, pointer</column>
<column name="output_3">out, 8, ap_vld, output_3, pointer</column>
<column name="output_3_ap_vld">out, 1, ap_vld, output_3, pointer</column>
<column name="output_4">out, 8, ap_vld, output_4, pointer</column>
<column name="output_4_ap_vld">out, 1, ap_vld, output_4, pointer</column>
<column name="output_5">out, 8, ap_vld, output_5, pointer</column>
<column name="output_5_ap_vld">out, 1, ap_vld, output_5, pointer</column>
<column name="output_6">out, 8, ap_vld, output_6, pointer</column>
<column name="output_6_ap_vld">out, 1, ap_vld, output_6, pointer</column>
<column name="output_7">out, 8, ap_vld, output_7, pointer</column>
<column name="output_7_ap_vld">out, 1, ap_vld, output_7, pointer</column>
<column name="output_8">out, 8, ap_vld, output_8, pointer</column>
<column name="output_8_ap_vld">out, 1, ap_vld, output_8, pointer</column>
<column name="output_9">out, 8, ap_vld, output_9, pointer</column>
<column name="output_9_ap_vld">out, 1, ap_vld, output_9, pointer</column>
<column name="output_10">out, 8, ap_vld, output_10, pointer</column>
<column name="output_10_ap_vld">out, 1, ap_vld, output_10, pointer</column>
<column name="output_11">out, 8, ap_vld, output_11, pointer</column>
<column name="output_11_ap_vld">out, 1, ap_vld, output_11, pointer</column>
<column name="output_12">out, 8, ap_vld, output_12, pointer</column>
<column name="output_12_ap_vld">out, 1, ap_vld, output_12, pointer</column>
<column name="output_13">out, 8, ap_vld, output_13, pointer</column>
<column name="output_13_ap_vld">out, 1, ap_vld, output_13, pointer</column>
<column name="output_14">out, 8, ap_vld, output_14, pointer</column>
<column name="output_14_ap_vld">out, 1, ap_vld, output_14, pointer</column>
<column name="output_15">out, 8, ap_vld, output_15, pointer</column>
<column name="output_15_ap_vld">out, 1, ap_vld, output_15, pointer</column>
<column name="key_0">in, 8, ap_none, key_0, pointer</column>
<column name="key_1">in, 8, ap_none, key_1, pointer</column>
<column name="key_2">in, 8, ap_none, key_2, pointer</column>
<column name="key_3">in, 8, ap_none, key_3, pointer</column>
<column name="key_4">in, 8, ap_none, key_4, pointer</column>
<column name="key_5">in, 8, ap_none, key_5, pointer</column>
<column name="key_6">in, 8, ap_none, key_6, pointer</column>
<column name="key_7">in, 8, ap_none, key_7, pointer</column>
<column name="key_8">in, 8, ap_none, key_8, pointer</column>
<column name="key_9">in, 8, ap_none, key_9, pointer</column>
<column name="key_10">in, 8, ap_none, key_10, pointer</column>
<column name="key_11">in, 8, ap_none, key_11, pointer</column>
<column name="key_12">in, 8, ap_none, key_12, pointer</column>
<column name="key_13">in, 8, ap_none, key_13, pointer</column>
<column name="key_14">in, 8, ap_none, key_14, pointer</column>
<column name="key_15">in, 8, ap_none, key_15, pointer</column>
</table>
</item>
</section>
</profile>
