<annotationInfo>
<item  id="77" filename="helper.cpp" linenumber="136" name="icmp_ln136" contextFuncName="expandKey" moduleName="expandKey" rtlName="icmp_ln136_fu_573_p2" latency="0" BRAM="-1" DSP="-1" FF="0" LUT="11" fileDirectory="/home/npr29/hls6775/development/ece6775Final/refactored"&gt;&lt;\/item&gt;
<item  id="81" filename="helper.cpp" linenumber="136" name="trunc_ln136" contextFuncName="expandKey" moduleName="expandKey" rtlName="trunc_ln136_fu_579_p1" latency="0" BRAM="-1" DSP="-1" FF="-1" LUT="-1" fileDirectory="/home/npr29/hls6775/development/ece6775Final/refactored"&gt;&lt;\/item&gt;
<item  id="85" filename="helper.cpp" linenumber="142" name="add_ln142" contextFuncName="expandKey" moduleName="expandKey" rtlName="add_ln142_fu_583_p2" latency="0" BRAM="-1" DSP="-1" FF="0" LUT="15" fileDirectory="/home/npr29/hls6775/development/ece6775Final/refactored"&gt;&lt;\/item&gt;
<item  id="86" filename="helper.cpp" linenumber="142" name="lshr_ln" contextFuncName="expandKey" moduleName="expandKey" rtlName="lshr_ln_fu_589_p4" latency="0" BRAM="-1" DSP="-1" FF="-1" LUT="-1" fileDirectory="/home/npr29/hls6775/development/ece6775Final/refactored"&gt;&lt;\/item&gt;
<item  id="87" filename="helper.cpp" linenumber="142" name="zext_ln142" contextFuncName="expandKey" moduleName="expandKey" rtlName="zext_ln142_fu_599_p1" latency="0" BRAM="-1" DSP="-1" FF="-1" LUT="-1" fileDirectory="/home/npr29/hls6775/development/ece6775Final/refactored"&gt;&lt;\/item&gt;
<item  id="90" filename="helper.cpp" linenumber="142" name="add_ln142_1" contextFuncName="expandKey" moduleName="expandKey" rtlName="add_ln142_1_fu_745_p2" latency="0" BRAM="-1" DSP="-1" FF="0" LUT="15" fileDirectory="/home/npr29/hls6775/development/ece6775Final/refactored"&gt;&lt;\/item&gt;
<item  id="91" filename="helper.cpp" linenumber="142" name="lshr_ln142_1" contextFuncName="expandKey" moduleName="expandKey" rtlName="lshr_ln142_1_fu_751_p4" latency="0" BRAM="-1" DSP="-1" FF="-1" LUT="-1" fileDirectory="/home/npr29/hls6775/development/ece6775Final/refactored"&gt;&lt;\/item&gt;
<item  id="92" filename="helper.cpp" linenumber="142" name="zext_ln142_1" contextFuncName="expandKey" moduleName="expandKey" rtlName="zext_ln142_1_fu_761_p1" latency="0" BRAM="-1" DSP="-1" FF="-1" LUT="-1" fileDirectory="/home/npr29/hls6775/development/ece6775Final/refactored"&gt;&lt;\/item&gt;
<item  id="95" filename="helper.cpp" linenumber="142" name="add_ln142_2" contextFuncName="expandKey" moduleName="expandKey" rtlName="add_ln142_2_fu_771_p2" latency="0" BRAM="-1" DSP="-1" FF="0" LUT="15" fileDirectory="/home/npr29/hls6775/development/ece6775Final/refactored"&gt;&lt;\/item&gt;
<item  id="96" filename="helper.cpp" linenumber="142" name="lshr_ln142_2" contextFuncName="expandKey" moduleName="expandKey" rtlName="lshr_ln142_2_fu_777_p4" latency="0" BRAM="-1" DSP="-1" FF="-1" LUT="-1" fileDirectory="/home/npr29/hls6775/development/ece6775Final/refactored"&gt;&lt;\/item&gt;
<item  id="97" filename="helper.cpp" linenumber="142" name="zext_ln142_2" contextFuncName="expandKey" moduleName="expandKey" rtlName="zext_ln142_2_fu_787_p1" latency="0" BRAM="-1" DSP="-1" FF="-1" LUT="-1" fileDirectory="/home/npr29/hls6775/development/ece6775Final/refactored"&gt;&lt;\/item&gt;
<item  id="100" filename="helper.cpp" linenumber="142" name="add_ln142_3" contextFuncName="expandKey" moduleName="expandKey" rtlName="add_ln142_3_fu_604_p2" latency="0" BRAM="-1" DSP="-1" FF="0" LUT="15" fileDirectory="/home/npr29/hls6775/development/ece6775Final/refactored"&gt;&lt;\/item&gt;
<item  id="101" filename="helper.cpp" linenumber="142" name="lshr_ln142_3" contextFuncName="expandKey" moduleName="expandKey" rtlName="lshr_ln142_3_fu_610_p4" latency="0" BRAM="-1" DSP="-1" FF="-1" LUT="-1" fileDirectory="/home/npr29/hls6775/development/ece6775Final/refactored"&gt;&lt;\/item&gt;
<item  id="102" filename="helper.cpp" linenumber="142" name="zext_ln142_3" contextFuncName="expandKey" moduleName="expandKey" rtlName="zext_ln142_3_fu_620_p1" latency="0" BRAM="-1" DSP="-1" FF="-1" LUT="-1" fileDirectory="/home/npr29/hls6775/development/ece6775Final/refactored"&gt;&lt;\/item&gt;
<item  id="105" filename="helper.cpp" linenumber="147" name="icmp_ln147" contextFuncName="expandKey" moduleName="expandKey" rtlName="icmp_ln147_fu_625_p2" latency="0" BRAM="-1" DSP="-1" FF="0" LUT="9" fileDirectory="/home/npr29/hls6775/development/ece6775Final/refactored"&gt;&lt;\/item&gt;
<item  id="106" filename="helper.cpp" linenumber="149" name="rconIteration" contextFuncName="expandKey" moduleName="expandKey" rtlName="rconIteration_fu_631_p2" latency="0" BRAM="-1" DSP="-1" FF="0" LUT="39" fileDirectory="/home/npr29/hls6775/development/ece6775Final/refactored"&gt;&lt;\/item&gt;
<item  id="107" filename="helper.cpp" linenumber="46" name="zext_ln46" contextFuncName="getSBoxValue" moduleName="expandKey" rtlName="zext_ln46_fu_792_p1" latency="0" BRAM="-1" DSP="-1" FF="-1" LUT="-1" fileDirectory="/home/npr29/hls6775/development/ece6775Final/refactored"&gt;&lt;\/item&gt;
<item  id="110" filename="helper.cpp" linenumber="46" name="zext_ln46_1" contextFuncName="getSBoxValue" moduleName="expandKey" rtlName="zext_ln46_1_fu_824_p1" latency="0" BRAM="-1" DSP="-1" FF="-1" LUT="-1" fileDirectory="/home/npr29/hls6775/development/ece6775Final/refactored"&gt;&lt;\/item&gt;
<item  id="113" filename="helper.cpp" linenumber="46" name="zext_ln46_2" contextFuncName="getSBoxValue" moduleName="expandKey" rtlName="zext_ln46_2_fu_852_p1" latency="0" BRAM="-1" DSP="-1" FF="-1" LUT="-1" fileDirectory="/home/npr29/hls6775/development/ece6775Final/refactored"&gt;&lt;\/item&gt;
<item  id="116" filename="helper.cpp" linenumber="46" name="zext_ln46_3" contextFuncName="getSBoxValue" moduleName="expandKey" rtlName="zext_ln46_3_fu_766_p1" latency="0" BRAM="-1" DSP="-1" FF="-1" LUT="-1" fileDirectory="/home/npr29/hls6775/development/ece6775Final/refactored"&gt;&lt;\/item&gt;
<item  id="119" filename="helper.cpp" linenumber="114" name="trunc_ln114" contextFuncName="core" moduleName="expandKey" rtlName="trunc_ln114_fu_637_p1" latency="0" BRAM="-1" DSP="-1" FF="-1" LUT="-1" fileDirectory="/home/npr29/hls6775/development/ece6775Final/refactored"&gt;&lt;\/item&gt;
<item  id="120" filename="helper.cpp" linenumber="97" name="zext_ln97" contextFuncName="getRconValue" moduleName="expandKey" rtlName="zext_ln97_fu_641_p1" latency="0" BRAM="-1" DSP="-1" FF="-1" LUT="-1" fileDirectory="/home/npr29/hls6775/development/ece6775Final/refactored"&gt;&lt;\/item&gt;
<item  id="123" filename="helper.cpp" linenumber="114" name="t_0" contextFuncName="core" moduleName="expandKey" rtlName="t_0_fu_829_p2" latency="0" BRAM="-1" DSP="-1" FF="0" LUT="8" fileDirectory="/home/npr29/hls6775/development/ece6775Final/refactored"&gt;&lt;\/item&gt;
<item  id="124" filename="helper.cpp" linenumber="147" name="t_3_2" contextFuncName="expandKey" moduleName="expandKey" rtlName="t_3_2_fu_797_p3" latency="0" BRAM="-1" DSP="-1" FF="0" LUT="8" fileDirectory="/home/npr29/hls6775/development/ece6775Final/refactored"&gt;&lt;\/item&gt;
<item  id="125" filename="helper.cpp" linenumber="147" name="t_2_2" contextFuncName="expandKey" moduleName="expandKey" rtlName="t_2_2_fu_907_p3" latency="0" BRAM="-1" DSP="-1" FF="0" LUT="8" fileDirectory="/home/npr29/hls6775/development/ece6775Final/refactored"&gt;&lt;\/item&gt;
<item  id="126" filename="helper.cpp" linenumber="147" name="t_1_2" contextFuncName="expandKey" moduleName="expandKey" rtlName="t_1_2_fu_856_p3" latency="0" BRAM="-1" DSP="-1" FF="0" LUT="8" fileDirectory="/home/npr29/hls6775/development/ece6775Final/refactored"&gt;&lt;\/item&gt;
<item  id="127" filename="helper.cpp" linenumber="147" name="t_0_2" contextFuncName="expandKey" moduleName="expandKey" rtlName="t_0_2_fu_834_p3" latency="0" BRAM="-1" DSP="-1" FF="0" LUT="8" fileDirectory="/home/npr29/hls6775/development/ece6775Final/refactored"&gt;&lt;\/item&gt;
<item  id="128" filename="helper.cpp" linenumber="147" name="rconIteration_1" contextFuncName="expandKey" moduleName="expandKey" rtlName="rconIteration_1_fu_646_p3" latency="0" BRAM="-1" DSP="-1" FF="0" LUT="32" fileDirectory="/home/npr29/hls6775/development/ece6775Final/refactored"&gt;&lt;\/item&gt;
<item  id="129" filename="helper.cpp" linenumber="166" name="currentSize" contextFuncName="expandKey" moduleName="expandKey" rtlName="currentSize_fu_840_p2" latency="0" BRAM="-1" DSP="-1" FF="0" LUT="15" fileDirectory="/home/npr29/hls6775/development/ece6775Final/refactored"&gt;&lt;\/item&gt;
<item  id="130" filename="helper.cpp" linenumber="164" name="add_ln164" contextFuncName="expandKey" moduleName="expandKey" rtlName="add_ln164_fu_654_p2" latency="0" BRAM="-1" DSP="-1" FF="0" LUT="15" fileDirectory="/home/npr29/hls6775/development/ece6775Final/refactored"&gt;&lt;\/item&gt;
<item  id="131" filename="helper.cpp" linenumber="164" name="lshr_ln1" contextFuncName="expandKey" moduleName="expandKey" rtlName="lshr_ln1_fu_660_p4" latency="0" BRAM="-1" DSP="-1" FF="-1" LUT="-1" fileDirectory="/home/npr29/hls6775/development/ece6775Final/refactored"&gt;&lt;\/item&gt;
<item  id="132" filename="helper.cpp" linenumber="164" name="zext_ln164" contextFuncName="expandKey" moduleName="expandKey" rtlName="zext_ln164_fu_670_p1" latency="0" BRAM="-1" DSP="-1" FF="-1" LUT="-1" fileDirectory="/home/npr29/hls6775/development/ece6775Final/refactored"&gt;&lt;\/item&gt;
<item  id="135" filename="helper.cpp" linenumber="165" name="xor_ln165" contextFuncName="expandKey" moduleName="expandKey" rtlName="xor_ln165_fu_846_p2" latency="0" BRAM="-1" DSP="-1" FF="0" LUT="8" fileDirectory="/home/npr29/hls6775/development/ece6775Final/refactored"&gt;&lt;\/item&gt;
<item  id="136" filename="helper.cpp" linenumber="165" name="lshr_ln2" contextFuncName="expandKey" moduleName="expandKey" rtlName="lshr_ln2_fu_803_p4" latency="0" BRAM="-1" DSP="-1" FF="-1" LUT="-1" fileDirectory="/home/npr29/hls6775/development/ece6775Final/refactored"&gt;&lt;\/item&gt;
<item  id="137" filename="helper.cpp" linenumber="165" name="zext_ln165" contextFuncName="expandKey" moduleName="expandKey" rtlName="zext_ln165_fu_813_p1" latency="0" BRAM="-1" DSP="-1" FF="-1" LUT="-1" fileDirectory="/home/npr29/hls6775/development/ece6775Final/refactored"&gt;&lt;\/item&gt;
<item  id="140" filename="helper.cpp" linenumber="166" name="or_ln166" contextFuncName="expandKey" moduleName="expandKey" rtlName="or_ln166_fu_675_p2" latency="0" BRAM="-1" DSP="-1" FF="0" LUT="8" fileDirectory="/home/npr29/hls6775/development/ece6775Final/refactored"&gt;&lt;\/item&gt;
<item  id="141" filename="helper.cpp" linenumber="166" name="zext_ln166" contextFuncName="expandKey" moduleName="expandKey" rtlName="zext_ln166_fu_681_p1" latency="0" BRAM="-1" DSP="-1" FF="-1" LUT="-1" fileDirectory="/home/npr29/hls6775/development/ece6775Final/refactored"&gt;&lt;\/item&gt;
<item  id="142" filename="helper.cpp" linenumber="164" name="add_ln164_1" contextFuncName="expandKey" moduleName="expandKey" rtlName="add_ln164_1_fu_685_p2" latency="0" BRAM="-1" DSP="-1" FF="0" LUT="15" fileDirectory="/home/npr29/hls6775/development/ece6775Final/refactored"&gt;&lt;\/item&gt;
<item  id="143" filename="helper.cpp" linenumber="164" name="trunc_ln1" contextFuncName="expandKey" moduleName="expandKey" rtlName="trunc_ln1_fu_691_p4" latency="0" BRAM="-1" DSP="-1" FF="-1" LUT="-1" fileDirectory="/home/npr29/hls6775/development/ece6775Final/refactored"&gt;&lt;\/item&gt;
<item  id="144" filename="helper.cpp" linenumber="164" name="sext_ln164" contextFuncName="expandKey" moduleName="expandKey" rtlName="sext_ln164_fu_701_p1" latency="0" BRAM="-1" DSP="-1" FF="-1" LUT="-1" fileDirectory="/home/npr29/hls6775/development/ece6775Final/refactored"&gt;&lt;\/item&gt;
<item  id="145" filename="helper.cpp" linenumber="164" name="zext_ln164_1" contextFuncName="expandKey" moduleName="expandKey" rtlName="zext_ln164_1_fu_705_p1" latency="0" BRAM="-1" DSP="-1" FF="-1" LUT="-1" fileDirectory="/home/npr29/hls6775/development/ece6775Final/refactored"&gt;&lt;\/item&gt;
<item  id="148" filename="helper.cpp" linenumber="165" name="xor_ln165_1" contextFuncName="expandKey" moduleName="expandKey" rtlName="xor_ln165_1_fu_862_p2" latency="0" BRAM="-1" DSP="-1" FF="0" LUT="8" fileDirectory="/home/npr29/hls6775/development/ece6775Final/refactored"&gt;&lt;\/item&gt;
<item  id="151" filename="helper.cpp" linenumber="166" name="add_ln166" contextFuncName="expandKey" moduleName="expandKey" rtlName="add_ln166_fu_868_p2" latency="0" BRAM="-1" DSP="-1" FF="0" LUT="15" fileDirectory="/home/npr29/hls6775/development/ece6775Final/refactored"&gt;&lt;\/item&gt;
<item  id="152" filename="helper.cpp" linenumber="164" name="add_ln164_2" contextFuncName="expandKey" moduleName="expandKey" rtlName="add_ln164_2_fu_873_p2" latency="0" BRAM="-1" DSP="-1" FF="0" LUT="15" fileDirectory="/home/npr29/hls6775/development/ece6775Final/refactored"&gt;&lt;\/item&gt;
<item  id="153" filename="helper.cpp" linenumber="164" name="trunc_ln164_1" contextFuncName="expandKey" moduleName="expandKey" rtlName="trunc_ln164_1_fu_878_p4" latency="0" BRAM="-1" DSP="-1" FF="-1" LUT="-1" fileDirectory="/home/npr29/hls6775/development/ece6775Final/refactored"&gt;&lt;\/item&gt;
<item  id="154" filename="helper.cpp" linenumber="164" name="sext_ln164_1" contextFuncName="expandKey" moduleName="expandKey" rtlName="sext_ln164_1_fu_888_p1" latency="0" BRAM="-1" DSP="-1" FF="-1" LUT="-1" fileDirectory="/home/npr29/hls6775/development/ece6775Final/refactored"&gt;&lt;\/item&gt;
<item  id="155" filename="helper.cpp" linenumber="164" name="zext_ln164_2" contextFuncName="expandKey" moduleName="expandKey" rtlName="zext_ln164_2_fu_892_p1" latency="0" BRAM="-1" DSP="-1" FF="-1" LUT="-1" fileDirectory="/home/npr29/hls6775/development/ece6775Final/refactored"&gt;&lt;\/item&gt;
<item  id="158" filename="helper.cpp" linenumber="165" name="xor_ln165_2" contextFuncName="expandKey" moduleName="expandKey" rtlName="xor_ln165_2_fu_913_p2" latency="0" BRAM="-1" DSP="-1" FF="0" LUT="8" fileDirectory="/home/npr29/hls6775/development/ece6775Final/refactored"&gt;&lt;\/item&gt;
<item  id="159" filename="helper.cpp" linenumber="165" name="lshr_ln165_1" contextFuncName="expandKey" moduleName="expandKey" rtlName="lshr_ln165_1_reg_1064" latency="0" BRAM="-1" DSP="-1" FF="-1" LUT="-1" fileDirectory="/home/npr29/hls6775/development/ece6775Final/refactored"&gt;&lt;\/item&gt;
<item  id="160" filename="helper.cpp" linenumber="165" name="zext_ln165_1" contextFuncName="expandKey" moduleName="expandKey" rtlName="zext_ln165_1_fu_920_p1" latency="0" BRAM="-1" DSP="-1" FF="-1" LUT="-1" fileDirectory="/home/npr29/hls6775/development/ece6775Final/refactored"&gt;&lt;\/item&gt;
<item  id="163" filename="helper.cpp" linenumber="166" name="or_ln166_1" contextFuncName="expandKey" moduleName="expandKey" rtlName="or_ln166_1_fu_710_p2" latency="0" BRAM="-1" DSP="-1" FF="0" LUT="8" fileDirectory="/home/npr29/hls6775/development/ece6775Final/refactored"&gt;&lt;\/item&gt;
<item  id="164" filename="helper.cpp" linenumber="166" name="zext_ln166_1" contextFuncName="expandKey" moduleName="expandKey" rtlName="zext_ln166_1_fu_716_p1" latency="0" BRAM="-1" DSP="-1" FF="-1" LUT="-1" fileDirectory="/home/npr29/hls6775/development/ece6775Final/refactored"&gt;&lt;\/item&gt;
<item  id="165" filename="helper.cpp" linenumber="164" name="add_ln164_3" contextFuncName="expandKey" moduleName="expandKey" rtlName="add_ln164_3_fu_720_p2" latency="0" BRAM="-1" DSP="-1" FF="0" LUT="15" fileDirectory="/home/npr29/hls6775/development/ece6775Final/refactored"&gt;&lt;\/item&gt;
<item  id="166" filename="helper.cpp" linenumber="164" name="trunc_ln164_2" contextFuncName="expandKey" moduleName="expandKey" rtlName="trunc_ln164_2_fu_726_p4" latency="0" BRAM="-1" DSP="-1" FF="-1" LUT="-1" fileDirectory="/home/npr29/hls6775/development/ece6775Final/refactored"&gt;&lt;\/item&gt;
<item  id="167" filename="helper.cpp" linenumber="164" name="sext_ln164_2" contextFuncName="expandKey" moduleName="expandKey" rtlName="sext_ln164_2_fu_736_p1" latency="0" BRAM="-1" DSP="-1" FF="-1" LUT="-1" fileDirectory="/home/npr29/hls6775/development/ece6775Final/refactored"&gt;&lt;\/item&gt;
<item  id="168" filename="helper.cpp" linenumber="164" name="zext_ln164_3" contextFuncName="expandKey" moduleName="expandKey" rtlName="zext_ln164_3_fu_740_p1" latency="0" BRAM="-1" DSP="-1" FF="-1" LUT="-1" fileDirectory="/home/npr29/hls6775/development/ece6775Final/refactored"&gt;&lt;\/item&gt;
<item  id="171" filename="helper.cpp" linenumber="165" name="xor_ln165_3" contextFuncName="expandKey" moduleName="expandKey" rtlName="xor_ln165_3_fu_818_p2" latency="0" BRAM="-1" DSP="-1" FF="0" LUT="8" fileDirectory="/home/npr29/hls6775/development/ece6775Final/refactored"&gt;&lt;\/item&gt;
<item  id="7" filename="helper.cpp" linenumber="312" name="trunc_ln312" contextFuncName="createRoundKey" moduleName="createRoundKey" rtlName="trunc_ln312_fu_662_p1" latency="0" BRAM="-1" DSP="-1" FF="-1" LUT="-1" fileDirectory="/home/npr29/hls6775/development/ece6775Final/refactored"&gt;&lt;\/item&gt;
<item  id="8" filename="helper.cpp" linenumber="312" name="zext_ln312" contextFuncName="createRoundKey" moduleName="createRoundKey" rtlName="zext_ln312_fu_712_p1" latency="0" BRAM="-1" DSP="-1" FF="-1" LUT="-1" fileDirectory="/home/npr29/hls6775/development/ece6775Final/refactored"&gt;&lt;\/item&gt;
<item  id="9" filename="helper.cpp" linenumber="312" name="trunc_ln312_1" contextFuncName="createRoundKey" moduleName="createRoundKey" rtlName="trunc_ln312_1_fu_666_p1" latency="0" BRAM="-1" DSP="-1" FF="-1" LUT="-1" fileDirectory="/home/npr29/hls6775/development/ece6775Final/refactored"&gt;&lt;\/item&gt;
<item  id="10" filename="helper.cpp" linenumber="312" name="lshr_ln" contextFuncName="createRoundKey" moduleName="createRoundKey" rtlName="lshr_ln_fu_670_p4" latency="0" BRAM="-1" DSP="-1" FF="-1" LUT="-1" fileDirectory="/home/npr29/hls6775/development/ece6775Final/refactored"&gt;&lt;\/item&gt;
<item  id="11" filename="helper.cpp" linenumber="312" name="zext_ln312_1" contextFuncName="createRoundKey" moduleName="createRoundKey" rtlName="zext_ln312_1_fu_680_p1" latency="0" BRAM="-1" DSP="-1" FF="-1" LUT="-1" fileDirectory="/home/npr29/hls6775/development/ece6775Final/refactored"&gt;&lt;\/item&gt;
<item  id="20" filename="helper.cpp" linenumber="312" name="roundKey_0_write_as" contextFuncName="createRoundKey" moduleName="createRoundKey" rtlName="encrypt_dut_mux_4bkb_U23" latency="0" BRAM="-1" DSP="-1" FF="-1" LUT="-1" fileDirectory="/home/npr29/hls6775/development/ece6775Final/refactored"&gt;&lt;\/item&gt;
<item  id="21" filename="helper.cpp" linenumber="312" name="add_ln312" contextFuncName="createRoundKey" moduleName="createRoundKey" rtlName="add_ln312_fu_688_p2" latency="0" BRAM="-1" DSP="-1" FF="0" LUT="15" fileDirectory="/home/npr29/hls6775/development/ece6775Final/refactored"&gt;&lt;\/item&gt;
<item  id="22" filename="helper.cpp" linenumber="312" name="lshr_ln312_1" contextFuncName="createRoundKey" moduleName="createRoundKey" rtlName="lshr_ln312_1_fu_694_p4" latency="0" BRAM="-1" DSP="-1" FF="-1" LUT="-1" fileDirectory="/home/npr29/hls6775/development/ece6775Final/refactored"&gt;&lt;\/item&gt;
<item  id="23" filename="helper.cpp" linenumber="312" name="zext_ln312_2" contextFuncName="createRoundKey" moduleName="createRoundKey" rtlName="zext_ln312_2_fu_704_p1" latency="0" BRAM="-1" DSP="-1" FF="-1" LUT="-1" fileDirectory="/home/npr29/hls6775/development/ece6775Final/refactored"&gt;&lt;\/item&gt;
<item  id="32" filename="helper.cpp" linenumber="312" name="roundKey_4_write_as" contextFuncName="createRoundKey" moduleName="createRoundKey" rtlName="encrypt_dut_mux_4bkb_U24" latency="0" BRAM="-1" DSP="-1" FF="-1" LUT="-1" fileDirectory="/home/npr29/hls6775/development/ece6775Final/refactored"&gt;&lt;\/item&gt;
<item  id="33" filename="helper.cpp" linenumber="312" name="add_ln312_1" contextFuncName="createRoundKey" moduleName="createRoundKey" rtlName="add_ln312_1_fu_717_p2" latency="0" BRAM="-1" DSP="-1" FF="0" LUT="15" fileDirectory="/home/npr29/hls6775/development/ece6775Final/refactored"&gt;&lt;\/item&gt;
<item  id="34" filename="helper.cpp" linenumber="312" name="lshr_ln312_2" contextFuncName="createRoundKey" moduleName="createRoundKey" rtlName="lshr_ln312_2_fu_722_p4" latency="0" BRAM="-1" DSP="-1" FF="-1" LUT="-1" fileDirectory="/home/npr29/hls6775/development/ece6775Final/refactored"&gt;&lt;\/item&gt;
<item  id="35" filename="helper.cpp" linenumber="312" name="zext_ln312_3" contextFuncName="createRoundKey" moduleName="createRoundKey" rtlName="zext_ln312_3_fu_732_p1" latency="0" BRAM="-1" DSP="-1" FF="-1" LUT="-1" fileDirectory="/home/npr29/hls6775/development/ece6775Final/refactored"&gt;&lt;\/item&gt;
<item  id="44" filename="helper.cpp" linenumber="312" name="roundKey_8_write_as" contextFuncName="createRoundKey" moduleName="createRoundKey" rtlName="encrypt_dut_mux_4bkb_U25" latency="0" BRAM="-1" DSP="-1" FF="-1" LUT="-1" fileDirectory="/home/npr29/hls6775/development/ece6775Final/refactored"&gt;&lt;\/item&gt;
<item  id="45" filename="helper.cpp" linenumber="312" name="add_ln312_2" contextFuncName="createRoundKey" moduleName="createRoundKey" rtlName="add_ln312_2_fu_740_p2" latency="0" BRAM="-1" DSP="-1" FF="0" LUT="15" fileDirectory="/home/npr29/hls6775/development/ece6775Final/refactored"&gt;&lt;\/item&gt;
<item  id="46" filename="helper.cpp" linenumber="312" name="lshr_ln312_3" contextFuncName="createRoundKey" moduleName="createRoundKey" rtlName="lshr_ln312_3_fu_745_p4" latency="0" BRAM="-1" DSP="-1" FF="-1" LUT="-1" fileDirectory="/home/npr29/hls6775/development/ece6775Final/refactored"&gt;&lt;\/item&gt;
<item  id="47" filename="helper.cpp" linenumber="312" name="zext_ln312_4" contextFuncName="createRoundKey" moduleName="createRoundKey" rtlName="zext_ln312_4_fu_755_p1" latency="0" BRAM="-1" DSP="-1" FF="-1" LUT="-1" fileDirectory="/home/npr29/hls6775/development/ece6775Final/refactored"&gt;&lt;\/item&gt;
<item  id="56" filename="helper.cpp" linenumber="312" name="roundKey_12_write_a" contextFuncName="createRoundKey" moduleName="createRoundKey" rtlName="encrypt_dut_mux_4bkb_U26" latency="0" BRAM="-1" DSP="-1" FF="-1" LUT="-1" fileDirectory="/home/npr29/hls6775/development/ece6775Final/refactored"&gt;&lt;\/item&gt;
<item  id="57" filename="helper.cpp" linenumber="312" name="add_ln312_3" contextFuncName="createRoundKey" moduleName="createRoundKey" rtlName="add_ln312_3_fu_763_p2" latency="0" BRAM="-1" DSP="-1" FF="0" LUT="15" fileDirectory="/home/npr29/hls6775/development/ece6775Final/refactored"&gt;&lt;\/item&gt;
<item  id="58" filename="helper.cpp" linenumber="312" name="lshr_ln312_4" contextFuncName="createRoundKey" moduleName="createRoundKey" rtlName="lshr_ln312_4_fu_768_p4" latency="0" BRAM="-1" DSP="-1" FF="-1" LUT="-1" fileDirectory="/home/npr29/hls6775/development/ece6775Final/refactored"&gt;&lt;\/item&gt;
<item  id="59" filename="helper.cpp" linenumber="312" name="zext_ln312_5" contextFuncName="createRoundKey" moduleName="createRoundKey" rtlName="zext_ln312_5_fu_778_p1" latency="0" BRAM="-1" DSP="-1" FF="-1" LUT="-1" fileDirectory="/home/npr29/hls6775/development/ece6775Final/refactored"&gt;&lt;\/item&gt;
<item  id="68" filename="helper.cpp" linenumber="312" name="roundKey_1_write_as" contextFuncName="createRoundKey" moduleName="createRoundKey" rtlName="encrypt_dut_mux_4bkb_U23" latency="0" BRAM="-1" DSP="-1" FF="-1" LUT="-1" fileDirectory="/home/npr29/hls6775/development/ece6775Final/refactored"&gt;&lt;\/item&gt;
<item  id="69" filename="helper.cpp" linenumber="312" name="add_ln312_4" contextFuncName="createRoundKey" moduleName="createRoundKey" rtlName="add_ln312_4_fu_786_p2" latency="0" BRAM="-1" DSP="-1" FF="0" LUT="15" fileDirectory="/home/npr29/hls6775/development/ece6775Final/refactored"&gt;&lt;\/item&gt;
<item  id="70" filename="helper.cpp" linenumber="312" name="lshr_ln312_5" contextFuncName="createRoundKey" moduleName="createRoundKey" rtlName="lshr_ln312_5_fu_791_p4" latency="0" BRAM="-1" DSP="-1" FF="-1" LUT="-1" fileDirectory="/home/npr29/hls6775/development/ece6775Final/refactored"&gt;&lt;\/item&gt;
<item  id="71" filename="helper.cpp" linenumber="312" name="zext_ln312_6" contextFuncName="createRoundKey" moduleName="createRoundKey" rtlName="zext_ln312_6_fu_801_p1" latency="0" BRAM="-1" DSP="-1" FF="-1" LUT="-1" fileDirectory="/home/npr29/hls6775/development/ece6775Final/refactored"&gt;&lt;\/item&gt;
<item  id="80" filename="helper.cpp" linenumber="312" name="roundKey_5_write_as" contextFuncName="createRoundKey" moduleName="createRoundKey" rtlName="encrypt_dut_mux_4bkb_U24" latency="0" BRAM="-1" DSP="-1" FF="-1" LUT="-1" fileDirectory="/home/npr29/hls6775/development/ece6775Final/refactored"&gt;&lt;\/item&gt;
<item  id="81" filename="helper.cpp" linenumber="312" name="add_ln312_5" contextFuncName="createRoundKey" moduleName="createRoundKey" rtlName="add_ln312_5_fu_809_p2" latency="0" BRAM="-1" DSP="-1" FF="0" LUT="15" fileDirectory="/home/npr29/hls6775/development/ece6775Final/refactored"&gt;&lt;\/item&gt;
<item  id="82" filename="helper.cpp" linenumber="312" name="lshr_ln312_6" contextFuncName="createRoundKey" moduleName="createRoundKey" rtlName="lshr_ln312_6_fu_814_p4" latency="0" BRAM="-1" DSP="-1" FF="-1" LUT="-1" fileDirectory="/home/npr29/hls6775/development/ece6775Final/refactored"&gt;&lt;\/item&gt;
<item  id="83" filename="helper.cpp" linenumber="312" name="zext_ln312_7" contextFuncName="createRoundKey" moduleName="createRoundKey" rtlName="zext_ln312_7_fu_824_p1" latency="0" BRAM="-1" DSP="-1" FF="-1" LUT="-1" fileDirectory="/home/npr29/hls6775/development/ece6775Final/refactored"&gt;&lt;\/item&gt;
<item  id="92" filename="helper.cpp" linenumber="312" name="roundKey_9_write_as" contextFuncName="createRoundKey" moduleName="createRoundKey" rtlName="encrypt_dut_mux_4bkb_U25" latency="0" BRAM="-1" DSP="-1" FF="-1" LUT="-1" fileDirectory="/home/npr29/hls6775/development/ece6775Final/refactored"&gt;&lt;\/item&gt;
<item  id="93" filename="helper.cpp" linenumber="312" name="add_ln312_6" contextFuncName="createRoundKey" moduleName="createRoundKey" rtlName="add_ln312_6_fu_832_p2" latency="0" BRAM="-1" DSP="-1" FF="0" LUT="15" fileDirectory="/home/npr29/hls6775/development/ece6775Final/refactored"&gt;&lt;\/item&gt;
<item  id="94" filename="helper.cpp" linenumber="312" name="lshr_ln312_7" contextFuncName="createRoundKey" moduleName="createRoundKey" rtlName="lshr_ln312_7_fu_837_p4" latency="0" BRAM="-1" DSP="-1" FF="-1" LUT="-1" fileDirectory="/home/npr29/hls6775/development/ece6775Final/refactored"&gt;&lt;\/item&gt;
<item  id="95" filename="helper.cpp" linenumber="312" name="zext_ln312_8" contextFuncName="createRoundKey" moduleName="createRoundKey" rtlName="zext_ln312_8_fu_847_p1" latency="0" BRAM="-1" DSP="-1" FF="-1" LUT="-1" fileDirectory="/home/npr29/hls6775/development/ece6775Final/refactored"&gt;&lt;\/item&gt;
<item  id="104" filename="helper.cpp" linenumber="312" name="roundKey_13_write_a" contextFuncName="createRoundKey" moduleName="createRoundKey" rtlName="encrypt_dut_mux_4bkb_U26" latency="0" BRAM="-1" DSP="-1" FF="-1" LUT="-1" fileDirectory="/home/npr29/hls6775/development/ece6775Final/refactored"&gt;&lt;\/item&gt;
<item  id="105" filename="helper.cpp" linenumber="312" name="add_ln312_7" contextFuncName="createRoundKey" moduleName="createRoundKey" rtlName="add_ln312_7_fu_855_p2" latency="0" BRAM="-1" DSP="-1" FF="0" LUT="15" fileDirectory="/home/npr29/hls6775/development/ece6775Final/refactored"&gt;&lt;\/item&gt;
<item  id="106" filename="helper.cpp" linenumber="312" name="lshr_ln312_8" contextFuncName="createRoundKey" moduleName="createRoundKey" rtlName="lshr_ln312_8_fu_860_p4" latency="0" BRAM="-1" DSP="-1" FF="-1" LUT="-1" fileDirectory="/home/npr29/hls6775/development/ece6775Final/refactored"&gt;&lt;\/item&gt;
<item  id="107" filename="helper.cpp" linenumber="312" name="zext_ln312_9" contextFuncName="createRoundKey" moduleName="createRoundKey" rtlName="zext_ln312_9_fu_870_p1" latency="0" BRAM="-1" DSP="-1" FF="-1" LUT="-1" fileDirectory="/home/npr29/hls6775/development/ece6775Final/refactored"&gt;&lt;\/item&gt;
<item  id="116" filename="helper.cpp" linenumber="312" name="roundKey_2_write_as" contextFuncName="createRoundKey" moduleName="createRoundKey" rtlName="encrypt_dut_mux_4bkb_U23" latency="0" BRAM="-1" DSP="-1" FF="-1" LUT="-1" fileDirectory="/home/npr29/hls6775/development/ece6775Final/refactored"&gt;&lt;\/item&gt;
<item  id="117" filename="helper.cpp" linenumber="312" name="add_ln312_8" contextFuncName="createRoundKey" moduleName="createRoundKey" rtlName="add_ln312_8_fu_878_p2" latency="0" BRAM="-1" DSP="-1" FF="0" LUT="15" fileDirectory="/home/npr29/hls6775/development/ece6775Final/refactored"&gt;&lt;\/item&gt;
<item  id="118" filename="helper.cpp" linenumber="312" name="lshr_ln312_9" contextFuncName="createRoundKey" moduleName="createRoundKey" rtlName="lshr_ln312_9_fu_883_p4" latency="0" BRAM="-1" DSP="-1" FF="-1" LUT="-1" fileDirectory="/home/npr29/hls6775/development/ece6775Final/refactored"&gt;&lt;\/item&gt;
<item  id="119" filename="helper.cpp" linenumber="312" name="zext_ln312_10" contextFuncName="createRoundKey" moduleName="createRoundKey" rtlName="zext_ln312_10_fu_893_p1" latency="0" BRAM="-1" DSP="-1" FF="-1" LUT="-1" fileDirectory="/home/npr29/hls6775/development/ece6775Final/refactored"&gt;&lt;\/item&gt;
<item  id="128" filename="helper.cpp" linenumber="312" name="roundKey_6_write_as" contextFuncName="createRoundKey" moduleName="createRoundKey" rtlName="encrypt_dut_mux_4bkb_U24" latency="0" BRAM="-1" DSP="-1" FF="-1" LUT="-1" fileDirectory="/home/npr29/hls6775/development/ece6775Final/refactored"&gt;&lt;\/item&gt;
<item  id="129" filename="helper.cpp" linenumber="312" name="add_ln312_9" contextFuncName="createRoundKey" moduleName="createRoundKey" rtlName="add_ln312_9_fu_901_p2" latency="0" BRAM="-1" DSP="-1" FF="0" LUT="15" fileDirectory="/home/npr29/hls6775/development/ece6775Final/refactored"&gt;&lt;\/item&gt;
<item  id="130" filename="helper.cpp" linenumber="312" name="lshr_ln312_s" contextFuncName="createRoundKey" moduleName="createRoundKey" rtlName="lshr_ln312_s_fu_906_p4" latency="0" BRAM="-1" DSP="-1" FF="-1" LUT="-1" fileDirectory="/home/npr29/hls6775/development/ece6775Final/refactored"&gt;&lt;\/item&gt;
<item  id="131" filename="helper.cpp" linenumber="312" name="zext_ln312_11" contextFuncName="createRoundKey" moduleName="createRoundKey" rtlName="zext_ln312_11_fu_916_p1" latency="0" BRAM="-1" DSP="-1" FF="-1" LUT="-1" fileDirectory="/home/npr29/hls6775/development/ece6775Final/refactored"&gt;&lt;\/item&gt;
<item  id="140" filename="helper.cpp" linenumber="312" name="roundKey_10_write_a" contextFuncName="createRoundKey" moduleName="createRoundKey" rtlName="encrypt_dut_mux_4bkb_U25" latency="0" BRAM="-1" DSP="-1" FF="-1" LUT="-1" fileDirectory="/home/npr29/hls6775/development/ece6775Final/refactored"&gt;&lt;\/item&gt;
<item  id="141" filename="helper.cpp" linenumber="312" name="add_ln312_10" contextFuncName="createRoundKey" moduleName="createRoundKey" rtlName="add_ln312_10_fu_924_p2" latency="0" BRAM="-1" DSP="-1" FF="0" LUT="15" fileDirectory="/home/npr29/hls6775/development/ece6775Final/refactored"&gt;&lt;\/item&gt;
<item  id="142" filename="helper.cpp" linenumber="312" name="lshr_ln312_10" contextFuncName="createRoundKey" moduleName="createRoundKey" rtlName="lshr_ln312_10_fu_929_p4" latency="0" BRAM="-1" DSP="-1" FF="-1" LUT="-1" fileDirectory="/home/npr29/hls6775/development/ece6775Final/refactored"&gt;&lt;\/item&gt;
<item  id="143" filename="helper.cpp" linenumber="312" name="zext_ln312_12" contextFuncName="createRoundKey" moduleName="createRoundKey" rtlName="zext_ln312_12_fu_939_p1" latency="0" BRAM="-1" DSP="-1" FF="-1" LUT="-1" fileDirectory="/home/npr29/hls6775/development/ece6775Final/refactored"&gt;&lt;\/item&gt;
<item  id="152" filename="helper.cpp" linenumber="312" name="roundKey_14_write_a" contextFuncName="createRoundKey" moduleName="createRoundKey" rtlName="encrypt_dut_mux_4bkb_U26" latency="0" BRAM="-1" DSP="-1" FF="-1" LUT="-1" fileDirectory="/home/npr29/hls6775/development/ece6775Final/refactored"&gt;&lt;\/item&gt;
<item  id="153" filename="helper.cpp" linenumber="312" name="add_ln312_11" contextFuncName="createRoundKey" moduleName="createRoundKey" rtlName="add_ln312_11_fu_947_p2" latency="0" BRAM="-1" DSP="-1" FF="0" LUT="15" fileDirectory="/home/npr29/hls6775/development/ece6775Final/refactored"&gt;&lt;\/item&gt;
<item  id="154" filename="helper.cpp" linenumber="312" name="lshr_ln312_11" contextFuncName="createRoundKey" moduleName="createRoundKey" rtlName="lshr_ln312_11_fu_952_p4" latency="0" BRAM="-1" DSP="-1" FF="-1" LUT="-1" fileDirectory="/home/npr29/hls6775/development/ece6775Final/refactored"&gt;&lt;\/item&gt;
<item  id="155" filename="helper.cpp" linenumber="312" name="zext_ln312_13" contextFuncName="createRoundKey" moduleName="createRoundKey" rtlName="zext_ln312_13_fu_962_p1" latency="0" BRAM="-1" DSP="-1" FF="-1" LUT="-1" fileDirectory="/home/npr29/hls6775/development/ece6775Final/refactored"&gt;&lt;\/item&gt;
<item  id="164" filename="helper.cpp" linenumber="312" name="roundKey_3_write_as" contextFuncName="createRoundKey" moduleName="createRoundKey" rtlName="encrypt_dut_mux_4bkb_U23" latency="0" BRAM="-1" DSP="-1" FF="-1" LUT="-1" fileDirectory="/home/npr29/hls6775/development/ece6775Final/refactored"&gt;&lt;\/item&gt;
<item  id="165" filename="helper.cpp" linenumber="312" name="add_ln312_12" contextFuncName="createRoundKey" moduleName="createRoundKey" rtlName="add_ln312_12_fu_970_p2" latency="0" BRAM="-1" DSP="-1" FF="0" LUT="15" fileDirectory="/home/npr29/hls6775/development/ece6775Final/refactored"&gt;&lt;\/item&gt;
<item  id="166" filename="helper.cpp" linenumber="312" name="lshr_ln312_12" contextFuncName="createRoundKey" moduleName="createRoundKey" rtlName="lshr_ln312_12_fu_975_p4" latency="0" BRAM="-1" DSP="-1" FF="-1" LUT="-1" fileDirectory="/home/npr29/hls6775/development/ece6775Final/refactored"&gt;&lt;\/item&gt;
<item  id="167" filename="helper.cpp" linenumber="312" name="zext_ln312_14" contextFuncName="createRoundKey" moduleName="createRoundKey" rtlName="zext_ln312_14_fu_985_p1" latency="0" BRAM="-1" DSP="-1" FF="-1" LUT="-1" fileDirectory="/home/npr29/hls6775/development/ece6775Final/refactored"&gt;&lt;\/item&gt;
<item  id="176" filename="helper.cpp" linenumber="312" name="roundKey_7_write_as" contextFuncName="createRoundKey" moduleName="createRoundKey" rtlName="encrypt_dut_mux_4bkb_U24" latency="0" BRAM="-1" DSP="-1" FF="-1" LUT="-1" fileDirectory="/home/npr29/hls6775/development/ece6775Final/refactored"&gt;&lt;\/item&gt;
<item  id="177" filename="helper.cpp" linenumber="312" name="add_ln312_13" contextFuncName="createRoundKey" moduleName="createRoundKey" rtlName="add_ln312_13_fu_993_p2" latency="0" BRAM="-1" DSP="-1" FF="0" LUT="15" fileDirectory="/home/npr29/hls6775/development/ece6775Final/refactored"&gt;&lt;\/item&gt;
<item  id="178" filename="helper.cpp" linenumber="312" name="lshr_ln312_13" contextFuncName="createRoundKey" moduleName="createRoundKey" rtlName="lshr_ln312_13_fu_998_p4" latency="0" BRAM="-1" DSP="-1" FF="-1" LUT="-1" fileDirectory="/home/npr29/hls6775/development/ece6775Final/refactored"&gt;&lt;\/item&gt;
<item  id="179" filename="helper.cpp" linenumber="312" name="zext_ln312_15" contextFuncName="createRoundKey" moduleName="createRoundKey" rtlName="zext_ln312_15_fu_1008_p1" latency="0" BRAM="-1" DSP="-1" FF="-1" LUT="-1" fileDirectory="/home/npr29/hls6775/development/ece6775Final/refactored"&gt;&lt;\/item&gt;
<item  id="188" filename="helper.cpp" linenumber="312" name="roundKey_11_write_a" contextFuncName="createRoundKey" moduleName="createRoundKey" rtlName="encrypt_dut_mux_4bkb_U25" latency="0" BRAM="-1" DSP="-1" FF="-1" LUT="-1" fileDirectory="/home/npr29/hls6775/development/ece6775Final/refactored"&gt;&lt;\/item&gt;
<item  id="189" filename="helper.cpp" linenumber="312" name="add_ln312_14" contextFuncName="createRoundKey" moduleName="createRoundKey" rtlName="add_ln312_14_fu_1016_p2" latency="0" BRAM="-1" DSP="-1" FF="0" LUT="15" fileDirectory="/home/npr29/hls6775/development/ece6775Final/refactored"&gt;&lt;\/item&gt;
<item  id="190" filename="helper.cpp" linenumber="312" name="lshr_ln312_14" contextFuncName="createRoundKey" moduleName="createRoundKey" rtlName="lshr_ln312_14_fu_1021_p4" latency="0" BRAM="-1" DSP="-1" FF="-1" LUT="-1" fileDirectory="/home/npr29/hls6775/development/ece6775Final/refactored"&gt;&lt;\/item&gt;
<item  id="191" filename="helper.cpp" linenumber="312" name="zext_ln312_16" contextFuncName="createRoundKey" moduleName="createRoundKey" rtlName="zext_ln312_16_fu_1031_p1" latency="0" BRAM="-1" DSP="-1" FF="-1" LUT="-1" fileDirectory="/home/npr29/hls6775/development/ece6775Final/refactored"&gt;&lt;\/item&gt;
<item  id="200" filename="helper.cpp" linenumber="312" name="roundKey_15_write_a" contextFuncName="createRoundKey" moduleName="createRoundKey" rtlName="encrypt_dut_mux_4bkb_U26" latency="0" BRAM="-1" DSP="-1" FF="-1" LUT="-1" fileDirectory="/home/npr29/hls6775/development/ece6775Final/refactored"&gt;&lt;\/item&gt;
<item  id="5" filename="helper.cpp" linenumber="239" name="trunc_ln239" contextFuncName="galois_multiplication" moduleName="galois_multiplicatio" rtlName="trunc_ln239_fu_34_p1" latency="0" BRAM="-1" DSP="-1" FF="-1" LUT="-1" fileDirectory="/home/npr29/hls6775/development/ece6775Final/refactored"&gt;&lt;\/item&gt;
<item  id="6" filename="helper.cpp" linenumber="239" name="select_ln239" contextFuncName="galois_multiplication" moduleName="galois_multiplicatio" rtlName="select_ln239_fu_38_p3" latency="0" BRAM="-1" DSP="-1" FF="0" LUT="8" fileDirectory="/home/npr29/hls6775/development/ece6775Final/refactored"&gt;&lt;\/item&gt;
<item  id="7" filename="helper.cpp" linenumber="242" name="shl_ln242" contextFuncName="galois_multiplication" moduleName="galois_multiplicatio" rtlName="shl_ln242_fu_46_p2" latency="0" BRAM="-1" DSP="-1" FF="-1" LUT="-1" fileDirectory="/home/npr29/hls6775/development/ece6775Final/refactored"&gt;&lt;\/item&gt;
<item  id="8" filename="helper.cpp" linenumber="243" name="tmp" contextFuncName="galois_multiplication" moduleName="galois_multiplicatio" rtlName="tmp_fu_52_p3" latency="0" BRAM="-1" DSP="-1" FF="-1" LUT="-1" fileDirectory="/home/npr29/hls6775/development/ece6775Final/refactored"&gt;&lt;\/item&gt;
<item  id="9" filename="helper.cpp" linenumber="244" name="xor_ln244" contextFuncName="galois_multiplication" moduleName="galois_multiplicatio" rtlName="xor_ln244_fu_60_p2" latency="0" BRAM="-1" DSP="-1" FF="0" LUT="8" fileDirectory="/home/npr29/hls6775/development/ece6775Final/refactored"&gt;&lt;\/item&gt;
<item  id="10" filename="helper.cpp" linenumber="243" name="select_ln243" contextFuncName="galois_multiplication" moduleName="galois_multiplicatio" rtlName="select_ln243_fu_66_p3" latency="0" BRAM="-1" DSP="-1" FF="0" LUT="8" fileDirectory="/home/npr29/hls6775/development/ece6775Final/refactored"&gt;&lt;\/item&gt;
<item  id="11" filename="helper.cpp" linenumber="239" name="tmp_1" contextFuncName="galois_multiplication" moduleName="galois_multiplicatio" rtlName="tmp_1_fu_74_p3" latency="0" BRAM="-1" DSP="-1" FF="-1" LUT="-1" fileDirectory="/home/npr29/hls6775/development/ece6775Final/refactored"&gt;&lt;\/item&gt;
<item  id="12" filename="helper.cpp" linenumber="239" name="select_ln239_1" contextFuncName="galois_multiplication" moduleName="galois_multiplicatio" rtlName="select_ln239_1_fu_82_p3" latency="0" BRAM="-1" DSP="-1" FF="0" LUT="8" fileDirectory="/home/npr29/hls6775/development/ece6775Final/refactored"&gt;&lt;\/item&gt;
<item  id="13" filename="helper.cpp" linenumber="239" name="xor_ln239" contextFuncName="galois_multiplication" moduleName="galois_multiplicatio" rtlName="ap_return" latency="0" BRAM="-1" DSP="-1" FF="0" LUT="8" fileDirectory="/home/npr29/hls6775/development/ece6775Final/refactored"&gt;&lt;\/item&gt;
<item  id="9" filename="helper.cpp" linenumber="258" name="tmp" contextFuncName="mixColumn" moduleName="mixColumn" rtlName="tmp_galois_multiplicatio_fu_44" latency="0" BRAM="-1" DSP="-1" FF="-1" LUT="-1" fileDirectory="/home/npr29/hls6775/development/ece6775Final/refactored"&gt;&lt;\/item&gt;
<item  id="10" filename="helper.cpp" linenumber="259" name="tmp_3" contextFuncName="mixColumn" moduleName="mixColumn" rtlName="tmp_3_galois_multiplicatio_fu_52" latency="0" BRAM="-1" DSP="-1" FF="-1" LUT="-1" fileDirectory="/home/npr29/hls6775/development/ece6775Final/refactored"&gt;&lt;\/item&gt;
<item  id="11" filename="helper.cpp" linenumber="260" name="tmp_4" contextFuncName="mixColumn" moduleName="mixColumn" rtlName="tmp_4_galois_multiplicatio_fu_60" latency="0" BRAM="-1" DSP="-1" FF="-1" LUT="-1" fileDirectory="/home/npr29/hls6775/development/ece6775Final/refactored"&gt;&lt;\/item&gt;
<item  id="12" filename="helper.cpp" linenumber="261" name="tmp_5" contextFuncName="mixColumn" moduleName="mixColumn" rtlName="tmp_5_galois_multiplicatio_fu_68" latency="0" BRAM="-1" DSP="-1" FF="-1" LUT="-1" fileDirectory="/home/npr29/hls6775/development/ece6775Final/refactored"&gt;&lt;\/item&gt;
<item  id="13" filename="helper.cpp" linenumber="261" name="xor_ln261_1" contextFuncName="mixColumn" moduleName="mixColumn" rtlName="xor_ln261_1_fu_140_p2" latency="0" BRAM="-1" DSP="-1" FF="0" LUT="8" fileDirectory="/home/npr29/hls6775/development/ece6775Final/refactored"&gt;&lt;\/item&gt;
<item  id="14" filename="helper.cpp" linenumber="261" name="xor_ln261_2" contextFuncName="mixColumn" moduleName="mixColumn" rtlName="xor_ln261_2_fu_146_p2" latency="0" BRAM="-1" DSP="-1" FF="0" LUT="8" fileDirectory="/home/npr29/hls6775/development/ece6775Final/refactored"&gt;&lt;\/item&gt;
<item  id="15" filename="helper.cpp" linenumber="261" name="xor_ln261" contextFuncName="mixColumn" moduleName="mixColumn" rtlName="xor_ln261_fu_152_p2" latency="0" BRAM="-1" DSP="-1" FF="0" LUT="8" fileDirectory="/home/npr29/hls6775/development/ece6775Final/refactored"&gt;&lt;\/item&gt;
<item  id="16" filename="helper.cpp" linenumber="263" name="tmp_6" contextFuncName="mixColumn" moduleName="mixColumn" rtlName="tmp_6_galois_multiplicatio_fu_76" latency="0" BRAM="-1" DSP="-1" FF="-1" LUT="-1" fileDirectory="/home/npr29/hls6775/development/ece6775Final/refactored"&gt;&lt;\/item&gt;
<item  id="17" filename="helper.cpp" linenumber="264" name="tmp_7" contextFuncName="mixColumn" moduleName="mixColumn" rtlName="tmp_7_galois_multiplicatio_fu_84" latency="0" BRAM="-1" DSP="-1" FF="-1" LUT="-1" fileDirectory="/home/npr29/hls6775/development/ece6775Final/refactored"&gt;&lt;\/item&gt;
<item  id="18" filename="helper.cpp" linenumber="266" name="tmp_9" contextFuncName="mixColumn" moduleName="mixColumn" rtlName="tmp_9_galois_multiplicatio_fu_92" latency="0" BRAM="-1" DSP="-1" FF="-1" LUT="-1" fileDirectory="/home/npr29/hls6775/development/ece6775Final/refactored"&gt;&lt;\/item&gt;
<item  id="19" filename="helper.cpp" linenumber="266" name="xor_ln266_1" contextFuncName="mixColumn" moduleName="mixColumn" rtlName="xor_ln266_1_fu_158_p2" latency="0" BRAM="-1" DSP="-1" FF="0" LUT="8" fileDirectory="/home/npr29/hls6775/development/ece6775Final/refactored"&gt;&lt;\/item&gt;
<item  id="20" filename="helper.cpp" linenumber="266" name="xor_ln266_2" contextFuncName="mixColumn" moduleName="mixColumn" rtlName="xor_ln266_2_fu_164_p2" latency="0" BRAM="-1" DSP="-1" FF="0" LUT="8" fileDirectory="/home/npr29/hls6775/development/ece6775Final/refactored"&gt;&lt;\/item&gt;
<item  id="21" filename="helper.cpp" linenumber="266" name="xor_ln266" contextFuncName="mixColumn" moduleName="mixColumn" rtlName="xor_ln266_fu_170_p2" latency="0" BRAM="-1" DSP="-1" FF="0" LUT="8" fileDirectory="/home/npr29/hls6775/development/ece6775Final/refactored"&gt;&lt;\/item&gt;
<item  id="22" filename="helper.cpp" linenumber="268" name="tmp_s" contextFuncName="mixColumn" moduleName="mixColumn" rtlName="tmp_s_galois_multiplicatio_fu_100" latency="0" BRAM="-1" DSP="-1" FF="-1" LUT="-1" fileDirectory="/home/npr29/hls6775/development/ece6775Final/refactored"&gt;&lt;\/item&gt;
<item  id="23" filename="helper.cpp" linenumber="269" name="tmp_1" contextFuncName="mixColumn" moduleName="mixColumn" rtlName="tmp_1_galois_multiplicatio_fu_108" latency="0" BRAM="-1" DSP="-1" FF="-1" LUT="-1" fileDirectory="/home/npr29/hls6775/development/ece6775Final/refactored"&gt;&lt;\/item&gt;
<item  id="24" filename="helper.cpp" linenumber="271" name="tmp_2" contextFuncName="mixColumn" moduleName="mixColumn" rtlName="tmp_2_galois_multiplicatio_fu_116" latency="0" BRAM="-1" DSP="-1" FF="-1" LUT="-1" fileDirectory="/home/npr29/hls6775/development/ece6775Final/refactored"&gt;&lt;\/item&gt;
<item  id="25" filename="helper.cpp" linenumber="271" name="xor_ln271_1" contextFuncName="mixColumn" moduleName="mixColumn" rtlName="xor_ln271_1_fu_176_p2" latency="0" BRAM="-1" DSP="-1" FF="0" LUT="8" fileDirectory="/home/npr29/hls6775/development/ece6775Final/refactored"&gt;&lt;\/item&gt;
<item  id="26" filename="helper.cpp" linenumber="271" name="xor_ln271_2" contextFuncName="mixColumn" moduleName="mixColumn" rtlName="xor_ln271_2_fu_182_p2" latency="0" BRAM="-1" DSP="-1" FF="0" LUT="8" fileDirectory="/home/npr29/hls6775/development/ece6775Final/refactored"&gt;&lt;\/item&gt;
<item  id="27" filename="helper.cpp" linenumber="271" name="xor_ln271" contextFuncName="mixColumn" moduleName="mixColumn" rtlName="xor_ln271_fu_188_p2" latency="0" BRAM="-1" DSP="-1" FF="0" LUT="8" fileDirectory="/home/npr29/hls6775/development/ece6775Final/refactored"&gt;&lt;\/item&gt;
<item  id="28" filename="helper.cpp" linenumber="273" name="tmp_8" contextFuncName="mixColumn" moduleName="mixColumn" rtlName="tmp_8_galois_multiplicatio_fu_124" latency="0" BRAM="-1" DSP="-1" FF="-1" LUT="-1" fileDirectory="/home/npr29/hls6775/development/ece6775Final/refactored"&gt;&lt;\/item&gt;
<item  id="29" filename="helper.cpp" linenumber="276" name="tmp_10" contextFuncName="mixColumn" moduleName="mixColumn" rtlName="tmp_10_galois_multiplicatio_fu_132" latency="0" BRAM="-1" DSP="-1" FF="-1" LUT="-1" fileDirectory="/home/npr29/hls6775/development/ece6775Final/refactored"&gt;&lt;\/item&gt;
<item  id="30" filename="helper.cpp" linenumber="276" name="xor_ln276_1" contextFuncName="mixColumn" moduleName="mixColumn" rtlName="xor_ln276_1_fu_194_p2" latency="0" BRAM="-1" DSP="-1" FF="0" LUT="8" fileDirectory="/home/npr29/hls6775/development/ece6775Final/refactored"&gt;&lt;\/item&gt;
<item  id="31" filename="helper.cpp" linenumber="276" name="xor_ln276_2" contextFuncName="mixColumn" moduleName="mixColumn" rtlName="xor_ln276_2_fu_200_p2" latency="0" BRAM="-1" DSP="-1" FF="0" LUT="8" fileDirectory="/home/npr29/hls6775/development/ece6775Final/refactored"&gt;&lt;\/item&gt;
<item  id="32" filename="helper.cpp" linenumber="276" name="xor_ln276" contextFuncName="mixColumn" moduleName="mixColumn" rtlName="xor_ln276_fu_206_p2" latency="0" BRAM="-1" DSP="-1" FF="0" LUT="8" fileDirectory="/home/npr29/hls6775/development/ece6775Final/refactored"&gt;&lt;\/item&gt;
<item  id="39" filename="encrypt.cpp" linenumber="24" name="call_ret" contextFuncName="aes_main" moduleName="aes_main" rtlName="grp_createRoundKey_fu_625" latency="8" BRAM="-1" DSP="-1" FF="-1" LUT="-1" fileDirectory="/home/npr29/hls6775/development/ece6775Final/refactored"&gt;&lt;\/item&gt;
<item  id="56" filename="helper.cpp" linenumber="230" name="xor_ln230" contextFuncName="addRoundKey" moduleName="aes_main" rtlName="xor_ln230_fu_774_p2" latency="0" BRAM="-1" DSP="-1" FF="0" LUT="8" fileDirectory="/home/npr29/hls6775/development/ece6775Final/refactored"&gt;&lt;\/item&gt;
<item  id="57" filename="helper.cpp" linenumber="230" name="xor_ln230_1" contextFuncName="addRoundKey" moduleName="aes_main" rtlName="xor_ln230_1_fu_780_p2" latency="0" BRAM="-1" DSP="-1" FF="0" LUT="8" fileDirectory="/home/npr29/hls6775/development/ece6775Final/refactored"&gt;&lt;\/item&gt;
<item  id="58" filename="helper.cpp" linenumber="230" name="xor_ln230_2" contextFuncName="addRoundKey" moduleName="aes_main" rtlName="xor_ln230_2_fu_786_p2" latency="0" BRAM="-1" DSP="-1" FF="0" LUT="8" fileDirectory="/home/npr29/hls6775/development/ece6775Final/refactored"&gt;&lt;\/item&gt;
<item  id="59" filename="helper.cpp" linenumber="230" name="xor_ln230_3" contextFuncName="addRoundKey" moduleName="aes_main" rtlName="xor_ln230_3_fu_792_p2" latency="0" BRAM="-1" DSP="-1" FF="0" LUT="8" fileDirectory="/home/npr29/hls6775/development/ece6775Final/refactored"&gt;&lt;\/item&gt;
<item  id="60" filename="helper.cpp" linenumber="230" name="xor_ln230_4" contextFuncName="addRoundKey" moduleName="aes_main" rtlName="xor_ln230_4_fu_798_p2" latency="0" BRAM="-1" DSP="-1" FF="0" LUT="8" fileDirectory="/home/npr29/hls6775/development/ece6775Final/refactored"&gt;&lt;\/item&gt;
<item  id="61" filename="helper.cpp" linenumber="230" name="xor_ln230_5" contextFuncName="addRoundKey" moduleName="aes_main" rtlName="xor_ln230_5_fu_804_p2" latency="0" BRAM="-1" DSP="-1" FF="0" LUT="8" fileDirectory="/home/npr29/hls6775/development/ece6775Final/refactored"&gt;&lt;\/item&gt;
<item  id="62" filename="helper.cpp" linenumber="230" name="xor_ln230_6" contextFuncName="addRoundKey" moduleName="aes_main" rtlName="xor_ln230_6_fu_810_p2" latency="0" BRAM="-1" DSP="-1" FF="0" LUT="8" fileDirectory="/home/npr29/hls6775/development/ece6775Final/refactored"&gt;&lt;\/item&gt;
<item  id="63" filename="helper.cpp" linenumber="230" name="xor_ln230_7" contextFuncName="addRoundKey" moduleName="aes_main" rtlName="xor_ln230_7_fu_816_p2" latency="0" BRAM="-1" DSP="-1" FF="0" LUT="8" fileDirectory="/home/npr29/hls6775/development/ece6775Final/refactored"&gt;&lt;\/item&gt;
<item  id="64" filename="helper.cpp" linenumber="230" name="xor_ln230_8" contextFuncName="addRoundKey" moduleName="aes_main" rtlName="xor_ln230_8_fu_822_p2" latency="0" BRAM="-1" DSP="-1" FF="0" LUT="8" fileDirectory="/home/npr29/hls6775/development/ece6775Final/refactored"&gt;&lt;\/item&gt;
<item  id="65" filename="helper.cpp" linenumber="230" name="xor_ln230_9" contextFuncName="addRoundKey" moduleName="aes_main" rtlName="xor_ln230_9_fu_828_p2" latency="0" BRAM="-1" DSP="-1" FF="0" LUT="8" fileDirectory="/home/npr29/hls6775/development/ece6775Final/refactored"&gt;&lt;\/item&gt;
<item  id="66" filename="helper.cpp" linenumber="230" name="xor_ln230_10" contextFuncName="addRoundKey" moduleName="aes_main" rtlName="xor_ln230_10_fu_834_p2" latency="0" BRAM="-1" DSP="-1" FF="0" LUT="8" fileDirectory="/home/npr29/hls6775/development/ece6775Final/refactored"&gt;&lt;\/item&gt;
<item  id="67" filename="helper.cpp" linenumber="230" name="xor_ln230_11" contextFuncName="addRoundKey" moduleName="aes_main" rtlName="xor_ln230_11_fu_840_p2" latency="0" BRAM="-1" DSP="-1" FF="0" LUT="8" fileDirectory="/home/npr29/hls6775/development/ece6775Final/refactored"&gt;&lt;\/item&gt;
<item  id="68" filename="helper.cpp" linenumber="230" name="xor_ln230_12" contextFuncName="addRoundKey" moduleName="aes_main" rtlName="xor_ln230_12_fu_846_p2" latency="0" BRAM="-1" DSP="-1" FF="0" LUT="8" fileDirectory="/home/npr29/hls6775/development/ece6775Final/refactored"&gt;&lt;\/item&gt;
<item  id="69" filename="helper.cpp" linenumber="230" name="xor_ln230_13" contextFuncName="addRoundKey" moduleName="aes_main" rtlName="xor_ln230_13_fu_852_p2" latency="0" BRAM="-1" DSP="-1" FF="0" LUT="8" fileDirectory="/home/npr29/hls6775/development/ece6775Final/refactored"&gt;&lt;\/item&gt;
<item  id="70" filename="helper.cpp" linenumber="230" name="xor_ln230_14" contextFuncName="addRoundKey" moduleName="aes_main" rtlName="xor_ln230_14_fu_858_p2" latency="0" BRAM="-1" DSP="-1" FF="0" LUT="8" fileDirectory="/home/npr29/hls6775/development/ece6775Final/refactored"&gt;&lt;\/item&gt;
<item  id="71" filename="helper.cpp" linenumber="230" name="xor_ln230_15" contextFuncName="addRoundKey" moduleName="aes_main" rtlName="xor_ln230_15_fu_864_p2" latency="0" BRAM="-1" DSP="-1" FF="0" LUT="8" fileDirectory="/home/npr29/hls6775/development/ece6775Final/refactored"&gt;&lt;\/item&gt;
<item  id="91" filename="encrypt.cpp" linenumber="28" name="icmp_ln28" contextFuncName="aes_main" moduleName="aes_main" rtlName="icmp_ln28_fu_870_p2" latency="0" BRAM="-1" DSP="-1" FF="0" LUT="9" fileDirectory="/home/npr29/hls6775/development/ece6775Final/refactored"&gt;&lt;\/item&gt;
<item  id="98" filename="encrypt.cpp" linenumber="30" name="shl_ln" contextFuncName="aes_main" moduleName="aes_main" rtlName="shl_ln_fu_876_p3" latency="0" BRAM="-1" DSP="-1" FF="-1" LUT="-1" fileDirectory="/home/npr29/hls6775/development/ece6775Final/refactored"&gt;&lt;\/item&gt;
<item  id="99" filename="encrypt.cpp" linenumber="30" name="zext_ln30" contextFuncName="aes_main" moduleName="aes_main" rtlName="zext_ln30_fu_884_p1" latency="0" BRAM="-1" DSP="-1" FF="-1" LUT="-1" fileDirectory="/home/npr29/hls6775/development/ece6775Final/refactored"&gt;&lt;\/item&gt;
<item  id="100" filename="encrypt.cpp" linenumber="30" name="call_ret1" contextFuncName="aes_main" moduleName="aes_main" rtlName="grp_createRoundKey_fu_625" latency="8" BRAM="-1" DSP="-1" FF="-1" LUT="-1" fileDirectory="/home/npr29/hls6775/development/ece6775Final/refactored"&gt;&lt;\/item&gt;
<item  id="117" filename="helper.cpp" linenumber="46" name="zext_ln46_19" contextFuncName="getSBoxValue" moduleName="aes_main" rtlName="zext_ln46_19_fu_939_p1" latency="0" BRAM="-1" DSP="-1" FF="-1" LUT="-1" fileDirectory="/home/npr29/hls6775/development/ece6775Final/refactored"&gt;&lt;\/item&gt;
<item  id="120" filename="helper.cpp" linenumber="46" name="zext_ln46_20" contextFuncName="getSBoxValue" moduleName="aes_main" rtlName="zext_ln46_20_fu_955_p1" latency="0" BRAM="-1" DSP="-1" FF="-1" LUT="-1" fileDirectory="/home/npr29/hls6775/development/ece6775Final/refactored"&gt;&lt;\/item&gt;
<item  id="123" filename="helper.cpp" linenumber="46" name="zext_ln46_21" contextFuncName="getSBoxValue" moduleName="aes_main" rtlName="zext_ln46_21_fu_960_p1" latency="0" BRAM="-1" DSP="-1" FF="-1" LUT="-1" fileDirectory="/home/npr29/hls6775/development/ece6775Final/refactored"&gt;&lt;\/item&gt;
<item  id="126" filename="helper.cpp" linenumber="46" name="zext_ln46_22" contextFuncName="getSBoxValue" moduleName="aes_main" rtlName="zext_ln46_22_fu_1013_p1" latency="0" BRAM="-1" DSP="-1" FF="-1" LUT="-1" fileDirectory="/home/npr29/hls6775/development/ece6775Final/refactored"&gt;&lt;\/item&gt;
<item  id="129" filename="helper.cpp" linenumber="46" name="zext_ln46_23" contextFuncName="getSBoxValue" moduleName="aes_main" rtlName="zext_ln46_23_fu_1018_p1" latency="0" BRAM="-1" DSP="-1" FF="-1" LUT="-1" fileDirectory="/home/npr29/hls6775/development/ece6775Final/refactored"&gt;&lt;\/item&gt;
<item  id="132" filename="helper.cpp" linenumber="46" name="zext_ln46_24" contextFuncName="getSBoxValue" moduleName="aes_main" rtlName="zext_ln46_24_fu_889_p1" latency="0" BRAM="-1" DSP="-1" FF="-1" LUT="-1" fileDirectory="/home/npr29/hls6775/development/ece6775Final/refactored"&gt;&lt;\/item&gt;
<item  id="135" filename="helper.cpp" linenumber="46" name="zext_ln46_25" contextFuncName="getSBoxValue" moduleName="aes_main" rtlName="zext_ln46_25_fu_894_p1" latency="0" BRAM="-1" DSP="-1" FF="-1" LUT="-1" fileDirectory="/home/npr29/hls6775/development/ece6775Final/refactored"&gt;&lt;\/item&gt;
<item  id="138" filename="helper.cpp" linenumber="46" name="zext_ln46_26" contextFuncName="getSBoxValue" moduleName="aes_main" rtlName="zext_ln46_26_fu_899_p1" latency="0" BRAM="-1" DSP="-1" FF="-1" LUT="-1" fileDirectory="/home/npr29/hls6775/development/ece6775Final/refactored"&gt;&lt;\/item&gt;
<item  id="141" filename="helper.cpp" linenumber="46" name="zext_ln46_27" contextFuncName="getSBoxValue" moduleName="aes_main" rtlName="zext_ln46_27_fu_904_p1" latency="0" BRAM="-1" DSP="-1" FF="-1" LUT="-1" fileDirectory="/home/npr29/hls6775/development/ece6775Final/refactored"&gt;&lt;\/item&gt;
<item  id="144" filename="helper.cpp" linenumber="46" name="zext_ln46_28" contextFuncName="getSBoxValue" moduleName="aes_main" rtlName="zext_ln46_28_fu_909_p1" latency="0" BRAM="-1" DSP="-1" FF="-1" LUT="-1" fileDirectory="/home/npr29/hls6775/development/ece6775Final/refactored"&gt;&lt;\/item&gt;
<item  id="147" filename="helper.cpp" linenumber="46" name="zext_ln46_29" contextFuncName="getSBoxValue" moduleName="aes_main" rtlName="zext_ln46_29_fu_914_p1" latency="0" BRAM="-1" DSP="-1" FF="-1" LUT="-1" fileDirectory="/home/npr29/hls6775/development/ece6775Final/refactored"&gt;&lt;\/item&gt;
<item  id="150" filename="helper.cpp" linenumber="46" name="zext_ln46_30" contextFuncName="getSBoxValue" moduleName="aes_main" rtlName="zext_ln46_30_fu_919_p1" latency="0" BRAM="-1" DSP="-1" FF="-1" LUT="-1" fileDirectory="/home/npr29/hls6775/development/ece6775Final/refactored"&gt;&lt;\/item&gt;
<item  id="153" filename="helper.cpp" linenumber="46" name="zext_ln46_31" contextFuncName="getSBoxValue" moduleName="aes_main" rtlName="zext_ln46_31_fu_924_p1" latency="0" BRAM="-1" DSP="-1" FF="-1" LUT="-1" fileDirectory="/home/npr29/hls6775/development/ece6775Final/refactored"&gt;&lt;\/item&gt;
<item  id="156" filename="helper.cpp" linenumber="46" name="zext_ln46_32" contextFuncName="getSBoxValue" moduleName="aes_main" rtlName="zext_ln46_32_fu_929_p1" latency="0" BRAM="-1" DSP="-1" FF="-1" LUT="-1" fileDirectory="/home/npr29/hls6775/development/ece6775Final/refactored"&gt;&lt;\/item&gt;
<item  id="159" filename="helper.cpp" linenumber="46" name="zext_ln46_33" contextFuncName="getSBoxValue" moduleName="aes_main" rtlName="zext_ln46_33_fu_934_p1" latency="0" BRAM="-1" DSP="-1" FF="-1" LUT="-1" fileDirectory="/home/npr29/hls6775/development/ece6775Final/refactored"&gt;&lt;\/item&gt;
<item  id="162" filename="helper.cpp" linenumber="46" name="zext_ln46_34" contextFuncName="getSBoxValue" moduleName="aes_main" rtlName="zext_ln46_34_fu_944_p1" latency="0" BRAM="-1" DSP="-1" FF="-1" LUT="-1" fileDirectory="/home/npr29/hls6775/development/ece6775Final/refactored"&gt;&lt;\/item&gt;
<item  id="165" filename="helper.cpp" linenumber="294" name="call_ret1_i_i" contextFuncName="mixColumns" moduleName="aes_main" rtlName="grp_mixColumn_fu_640" latency="0" BRAM="-1" DSP="-1" FF="-1" LUT="-1" fileDirectory="/home/npr29/hls6775/development/ece6775Final/refactored"&gt;&lt;\/item&gt;
<item  id="170" filename="helper.cpp" linenumber="294" name="call_ret2_i_i" contextFuncName="mixColumns" moduleName="aes_main" rtlName="grp_mixColumn_fu_640" latency="0" BRAM="-1" DSP="-1" FF="-1" LUT="-1" fileDirectory="/home/npr29/hls6775/development/ece6775Final/refactored"&gt;&lt;\/item&gt;
<item  id="175" filename="helper.cpp" linenumber="294" name="call_ret3_i_i" contextFuncName="mixColumns" moduleName="aes_main" rtlName="call_ret3_i_i_mixColumn_fu_650" latency="0" BRAM="-1" DSP="-1" FF="-1" LUT="-1" fileDirectory="/home/npr29/hls6775/development/ece6775Final/refactored"&gt;&lt;\/item&gt;
<item  id="180" filename="helper.cpp" linenumber="294" name="call_ret_i_i" contextFuncName="mixColumns" moduleName="aes_main" rtlName="grp_mixColumn_fu_640" latency="0" BRAM="-1" DSP="-1" FF="-1" LUT="-1" fileDirectory="/home/npr29/hls6775/development/ece6775Final/refactored"&gt;&lt;\/item&gt;
<item  id="185" filename="helper.cpp" linenumber="230" name="xor_ln230_32" contextFuncName="addRoundKey" moduleName="aes_main" rtlName="xor_ln230_32_fu_1067_p2" latency="0" BRAM="-1" DSP="-1" FF="0" LUT="8" fileDirectory="/home/npr29/hls6775/development/ece6775Final/refactored"&gt;&lt;\/item&gt;
<item  id="186" filename="helper.cpp" linenumber="230" name="xor_ln230_33" contextFuncName="addRoundKey" moduleName="aes_main" rtlName="xor_ln230_33_fu_1073_p2" latency="0" BRAM="-1" DSP="-1" FF="0" LUT="8" fileDirectory="/home/npr29/hls6775/development/ece6775Final/refactored"&gt;&lt;\/item&gt;
<item  id="187" filename="helper.cpp" linenumber="230" name="xor_ln230_34" contextFuncName="addRoundKey" moduleName="aes_main" rtlName="xor_ln230_34_fu_1079_p2" latency="0" BRAM="-1" DSP="-1" FF="0" LUT="8" fileDirectory="/home/npr29/hls6775/development/ece6775Final/refactored"&gt;&lt;\/item&gt;
<item  id="188" filename="helper.cpp" linenumber="230" name="xor_ln230_35" contextFuncName="addRoundKey" moduleName="aes_main" rtlName="xor_ln230_35_fu_1167_p2" latency="0" BRAM="-1" DSP="-1" FF="0" LUT="8" fileDirectory="/home/npr29/hls6775/development/ece6775Final/refactored"&gt;&lt;\/item&gt;
<item  id="189" filename="helper.cpp" linenumber="230" name="xor_ln230_36" contextFuncName="addRoundKey" moduleName="aes_main" rtlName="xor_ln230_36_fu_1085_p2" latency="0" BRAM="-1" DSP="-1" FF="0" LUT="8" fileDirectory="/home/npr29/hls6775/development/ece6775Final/refactored"&gt;&lt;\/item&gt;
<item  id="190" filename="helper.cpp" linenumber="230" name="xor_ln230_37" contextFuncName="addRoundKey" moduleName="aes_main" rtlName="xor_ln230_37_fu_1091_p2" latency="0" BRAM="-1" DSP="-1" FF="0" LUT="8" fileDirectory="/home/npr29/hls6775/development/ece6775Final/refactored"&gt;&lt;\/item&gt;
<item  id="191" filename="helper.cpp" linenumber="230" name="xor_ln230_38" contextFuncName="addRoundKey" moduleName="aes_main" rtlName="xor_ln230_38_fu_1097_p2" latency="0" BRAM="-1" DSP="-1" FF="0" LUT="8" fileDirectory="/home/npr29/hls6775/development/ece6775Final/refactored"&gt;&lt;\/item&gt;
<item  id="192" filename="helper.cpp" linenumber="230" name="xor_ln230_39" contextFuncName="addRoundKey" moduleName="aes_main" rtlName="xor_ln230_39_fu_1173_p2" latency="0" BRAM="-1" DSP="-1" FF="0" LUT="8" fileDirectory="/home/npr29/hls6775/development/ece6775Final/refactored"&gt;&lt;\/item&gt;
<item  id="193" filename="helper.cpp" linenumber="230" name="xor_ln230_40" contextFuncName="addRoundKey" moduleName="aes_main" rtlName="xor_ln230_40_fu_1103_p2" latency="0" BRAM="-1" DSP="-1" FF="0" LUT="8" fileDirectory="/home/npr29/hls6775/development/ece6775Final/refactored"&gt;&lt;\/item&gt;
<item  id="194" filename="helper.cpp" linenumber="230" name="xor_ln230_41" contextFuncName="addRoundKey" moduleName="aes_main" rtlName="xor_ln230_41_fu_1109_p2" latency="0" BRAM="-1" DSP="-1" FF="0" LUT="8" fileDirectory="/home/npr29/hls6775/development/ece6775Final/refactored"&gt;&lt;\/item&gt;
<item  id="195" filename="helper.cpp" linenumber="230" name="xor_ln230_42" contextFuncName="addRoundKey" moduleName="aes_main" rtlName="xor_ln230_42_fu_1115_p2" latency="0" BRAM="-1" DSP="-1" FF="0" LUT="8" fileDirectory="/home/npr29/hls6775/development/ece6775Final/refactored"&gt;&lt;\/item&gt;
<item  id="196" filename="helper.cpp" linenumber="230" name="xor_ln230_43" contextFuncName="addRoundKey" moduleName="aes_main" rtlName="xor_ln230_43_fu_1179_p2" latency="0" BRAM="-1" DSP="-1" FF="0" LUT="8" fileDirectory="/home/npr29/hls6775/development/ece6775Final/refactored"&gt;&lt;\/item&gt;
<item  id="197" filename="helper.cpp" linenumber="230" name="xor_ln230_44" contextFuncName="addRoundKey" moduleName="aes_main" rtlName="xor_ln230_44_fu_1121_p2" latency="0" BRAM="-1" DSP="-1" FF="0" LUT="8" fileDirectory="/home/npr29/hls6775/development/ece6775Final/refactored"&gt;&lt;\/item&gt;
<item  id="198" filename="helper.cpp" linenumber="230" name="xor_ln230_45" contextFuncName="addRoundKey" moduleName="aes_main" rtlName="xor_ln230_45_fu_1127_p2" latency="0" BRAM="-1" DSP="-1" FF="0" LUT="8" fileDirectory="/home/npr29/hls6775/development/ece6775Final/refactored"&gt;&lt;\/item&gt;
<item  id="199" filename="helper.cpp" linenumber="230" name="xor_ln230_46" contextFuncName="addRoundKey" moduleName="aes_main" rtlName="xor_ln230_46_fu_1133_p2" latency="0" BRAM="-1" DSP="-1" FF="0" LUT="8" fileDirectory="/home/npr29/hls6775/development/ece6775Final/refactored"&gt;&lt;\/item&gt;
<item  id="200" filename="helper.cpp" linenumber="230" name="xor_ln230_47" contextFuncName="addRoundKey" moduleName="aes_main" rtlName="xor_ln230_47_fu_1185_p2" latency="0" BRAM="-1" DSP="-1" FF="0" LUT="8" fileDirectory="/home/npr29/hls6775/development/ece6775Final/refactored"&gt;&lt;\/item&gt;
<item  id="202" filename="encrypt.cpp" linenumber="28" name="i" contextFuncName="aes_main" moduleName="aes_main" rtlName="i_fu_949_p2" latency="0" BRAM="-1" DSP="-1" FF="0" LUT="13" fileDirectory="/home/npr29/hls6775/development/ece6775Final/refactored"&gt;&lt;\/item&gt;
<item  id="205" filename="encrypt.cpp" linenumber="34" name="call_ret8" contextFuncName="aes_main" moduleName="aes_main" rtlName="grp_createRoundKey_fu_625" latency="8" BRAM="-1" DSP="-1" FF="-1" LUT="-1" fileDirectory="/home/npr29/hls6775/development/ece6775Final/refactored"&gt;&lt;\/item&gt;
<item  id="222" filename="helper.cpp" linenumber="46" name="zext_ln46" contextFuncName="getSBoxValue" moduleName="aes_main" rtlName="zext_ln46_fu_1241_p1" latency="0" BRAM="-1" DSP="-1" FF="-1" LUT="-1" fileDirectory="/home/npr29/hls6775/development/ece6775Final/refactored"&gt;&lt;\/item&gt;
<item  id="225" filename="helper.cpp" linenumber="46" name="zext_ln46_4" contextFuncName="getSBoxValue" moduleName="aes_main" rtlName="zext_ln46_4_fu_1251_p1" latency="0" BRAM="-1" DSP="-1" FF="-1" LUT="-1" fileDirectory="/home/npr29/hls6775/development/ece6775Final/refactored"&gt;&lt;\/item&gt;
<item  id="228" filename="helper.cpp" linenumber="46" name="zext_ln46_5" contextFuncName="getSBoxValue" moduleName="aes_main" rtlName="zext_ln46_5_fu_1256_p1" latency="0" BRAM="-1" DSP="-1" FF="-1" LUT="-1" fileDirectory="/home/npr29/hls6775/development/ece6775Final/refactored"&gt;&lt;\/item&gt;
<item  id="231" filename="helper.cpp" linenumber="46" name="zext_ln46_6" contextFuncName="getSBoxValue" moduleName="aes_main" rtlName="zext_ln46_6_fu_1261_p1" latency="0" BRAM="-1" DSP="-1" FF="-1" LUT="-1" fileDirectory="/home/npr29/hls6775/development/ece6775Final/refactored"&gt;&lt;\/item&gt;
<item  id="234" filename="helper.cpp" linenumber="46" name="zext_ln46_7" contextFuncName="getSBoxValue" moduleName="aes_main" rtlName="zext_ln46_7_fu_1266_p1" latency="0" BRAM="-1" DSP="-1" FF="-1" LUT="-1" fileDirectory="/home/npr29/hls6775/development/ece6775Final/refactored"&gt;&lt;\/item&gt;
<item  id="237" filename="helper.cpp" linenumber="46" name="zext_ln46_8" contextFuncName="getSBoxValue" moduleName="aes_main" rtlName="zext_ln46_8_fu_1191_p1" latency="0" BRAM="-1" DSP="-1" FF="-1" LUT="-1" fileDirectory="/home/npr29/hls6775/development/ece6775Final/refactored"&gt;&lt;\/item&gt;
<item  id="240" filename="helper.cpp" linenumber="46" name="zext_ln46_9" contextFuncName="getSBoxValue" moduleName="aes_main" rtlName="zext_ln46_9_fu_1196_p1" latency="0" BRAM="-1" DSP="-1" FF="-1" LUT="-1" fileDirectory="/home/npr29/hls6775/development/ece6775Final/refactored"&gt;&lt;\/item&gt;
<item  id="243" filename="helper.cpp" linenumber="46" name="zext_ln46_10" contextFuncName="getSBoxValue" moduleName="aes_main" rtlName="zext_ln46_10_fu_1201_p1" latency="0" BRAM="-1" DSP="-1" FF="-1" LUT="-1" fileDirectory="/home/npr29/hls6775/development/ece6775Final/refactored"&gt;&lt;\/item&gt;
<item  id="246" filename="helper.cpp" linenumber="46" name="zext_ln46_11" contextFuncName="getSBoxValue" moduleName="aes_main" rtlName="zext_ln46_11_fu_1206_p1" latency="0" BRAM="-1" DSP="-1" FF="-1" LUT="-1" fileDirectory="/home/npr29/hls6775/development/ece6775Final/refactored"&gt;&lt;\/item&gt;
<item  id="249" filename="helper.cpp" linenumber="46" name="zext_ln46_12" contextFuncName="getSBoxValue" moduleName="aes_main" rtlName="zext_ln46_12_fu_1211_p1" latency="0" BRAM="-1" DSP="-1" FF="-1" LUT="-1" fileDirectory="/home/npr29/hls6775/development/ece6775Final/refactored"&gt;&lt;\/item&gt;
<item  id="252" filename="helper.cpp" linenumber="46" name="zext_ln46_13" contextFuncName="getSBoxValue" moduleName="aes_main" rtlName="zext_ln46_13_fu_1216_p1" latency="0" BRAM="-1" DSP="-1" FF="-1" LUT="-1" fileDirectory="/home/npr29/hls6775/development/ece6775Final/refactored"&gt;&lt;\/item&gt;
<item  id="255" filename="helper.cpp" linenumber="46" name="zext_ln46_14" contextFuncName="getSBoxValue" moduleName="aes_main" rtlName="zext_ln46_14_fu_1221_p1" latency="0" BRAM="-1" DSP="-1" FF="-1" LUT="-1" fileDirectory="/home/npr29/hls6775/development/ece6775Final/refactored"&gt;&lt;\/item&gt;
<item  id="258" filename="helper.cpp" linenumber="46" name="zext_ln46_15" contextFuncName="getSBoxValue" moduleName="aes_main" rtlName="zext_ln46_15_fu_1226_p1" latency="0" BRAM="-1" DSP="-1" FF="-1" LUT="-1" fileDirectory="/home/npr29/hls6775/development/ece6775Final/refactored"&gt;&lt;\/item&gt;
<item  id="261" filename="helper.cpp" linenumber="46" name="zext_ln46_16" contextFuncName="getSBoxValue" moduleName="aes_main" rtlName="zext_ln46_16_fu_1231_p1" latency="0" BRAM="-1" DSP="-1" FF="-1" LUT="-1" fileDirectory="/home/npr29/hls6775/development/ece6775Final/refactored"&gt;&lt;\/item&gt;
<item  id="264" filename="helper.cpp" linenumber="46" name="zext_ln46_17" contextFuncName="getSBoxValue" moduleName="aes_main" rtlName="zext_ln46_17_fu_1236_p1" latency="0" BRAM="-1" DSP="-1" FF="-1" LUT="-1" fileDirectory="/home/npr29/hls6775/development/ece6775Final/refactored"&gt;&lt;\/item&gt;
<item  id="267" filename="helper.cpp" linenumber="46" name="zext_ln46_18" contextFuncName="getSBoxValue" moduleName="aes_main" rtlName="zext_ln46_18_fu_1246_p1" latency="0" BRAM="-1" DSP="-1" FF="-1" LUT="-1" fileDirectory="/home/npr29/hls6775/development/ece6775Final/refactored"&gt;&lt;\/item&gt;
<item  id="270" filename="helper.cpp" linenumber="230" name="xor_ln230_16" contextFuncName="addRoundKey" moduleName="aes_main" rtlName="xor_ln230_16_fu_1335_p2" latency="0" BRAM="-1" DSP="-1" FF="0" LUT="8" fileDirectory="/home/npr29/hls6775/development/ece6775Final/refactored"&gt;&lt;\/item&gt;
<item  id="271" filename="helper.cpp" linenumber="230" name="xor_ln230_17" contextFuncName="addRoundKey" moduleName="aes_main" rtlName="xor_ln230_17_fu_1340_p2" latency="0" BRAM="-1" DSP="-1" FF="0" LUT="8" fileDirectory="/home/npr29/hls6775/development/ece6775Final/refactored"&gt;&lt;\/item&gt;
<item  id="272" filename="helper.cpp" linenumber="230" name="xor_ln230_18" contextFuncName="addRoundKey" moduleName="aes_main" rtlName="xor_ln230_18_fu_1346_p2" latency="0" BRAM="-1" DSP="-1" FF="0" LUT="8" fileDirectory="/home/npr29/hls6775/development/ece6775Final/refactored"&gt;&lt;\/item&gt;
<item  id="273" filename="helper.cpp" linenumber="230" name="xor_ln230_19" contextFuncName="addRoundKey" moduleName="aes_main" rtlName="xor_ln230_19_fu_1352_p2" latency="0" BRAM="-1" DSP="-1" FF="0" LUT="8" fileDirectory="/home/npr29/hls6775/development/ece6775Final/refactored"&gt;&lt;\/item&gt;
<item  id="274" filename="helper.cpp" linenumber="230" name="xor_ln230_20" contextFuncName="addRoundKey" moduleName="aes_main" rtlName="xor_ln230_20_fu_1358_p2" latency="0" BRAM="-1" DSP="-1" FF="0" LUT="8" fileDirectory="/home/npr29/hls6775/development/ece6775Final/refactored"&gt;&lt;\/item&gt;
<item  id="275" filename="helper.cpp" linenumber="230" name="xor_ln230_21" contextFuncName="addRoundKey" moduleName="aes_main" rtlName="xor_ln230_21_fu_1364_p2" latency="0" BRAM="-1" DSP="-1" FF="0" LUT="8" fileDirectory="/home/npr29/hls6775/development/ece6775Final/refactored"&gt;&lt;\/item&gt;
<item  id="276" filename="helper.cpp" linenumber="230" name="xor_ln230_22" contextFuncName="addRoundKey" moduleName="aes_main" rtlName="xor_ln230_22_fu_1370_p2" latency="0" BRAM="-1" DSP="-1" FF="0" LUT="8" fileDirectory="/home/npr29/hls6775/development/ece6775Final/refactored"&gt;&lt;\/item&gt;
<item  id="277" filename="helper.cpp" linenumber="230" name="xor_ln230_23" contextFuncName="addRoundKey" moduleName="aes_main" rtlName="xor_ln230_23_fu_1376_p2" latency="0" BRAM="-1" DSP="-1" FF="0" LUT="8" fileDirectory="/home/npr29/hls6775/development/ece6775Final/refactored"&gt;&lt;\/item&gt;
<item  id="278" filename="helper.cpp" linenumber="230" name="xor_ln230_24" contextFuncName="addRoundKey" moduleName="aes_main" rtlName="xor_ln230_24_fu_1382_p2" latency="0" BRAM="-1" DSP="-1" FF="0" LUT="8" fileDirectory="/home/npr29/hls6775/development/ece6775Final/refactored"&gt;&lt;\/item&gt;
<item  id="279" filename="helper.cpp" linenumber="230" name="xor_ln230_25" contextFuncName="addRoundKey" moduleName="aes_main" rtlName="xor_ln230_25_fu_1388_p2" latency="0" BRAM="-1" DSP="-1" FF="0" LUT="8" fileDirectory="/home/npr29/hls6775/development/ece6775Final/refactored"&gt;&lt;\/item&gt;
<item  id="280" filename="helper.cpp" linenumber="230" name="xor_ln230_26" contextFuncName="addRoundKey" moduleName="aes_main" rtlName="xor_ln230_26_fu_1394_p2" latency="0" BRAM="-1" DSP="-1" FF="0" LUT="8" fileDirectory="/home/npr29/hls6775/development/ece6775Final/refactored"&gt;&lt;\/item&gt;
<item  id="281" filename="helper.cpp" linenumber="230" name="xor_ln230_27" contextFuncName="addRoundKey" moduleName="aes_main" rtlName="xor_ln230_27_fu_1400_p2" latency="0" BRAM="-1" DSP="-1" FF="0" LUT="8" fileDirectory="/home/npr29/hls6775/development/ece6775Final/refactored"&gt;&lt;\/item&gt;
<item  id="282" filename="helper.cpp" linenumber="230" name="xor_ln230_28" contextFuncName="addRoundKey" moduleName="aes_main" rtlName="xor_ln230_28_fu_1406_p2" latency="0" BRAM="-1" DSP="-1" FF="0" LUT="8" fileDirectory="/home/npr29/hls6775/development/ece6775Final/refactored"&gt;&lt;\/item&gt;
<item  id="283" filename="helper.cpp" linenumber="230" name="xor_ln230_29" contextFuncName="addRoundKey" moduleName="aes_main" rtlName="xor_ln230_29_fu_1411_p2" latency="0" BRAM="-1" DSP="-1" FF="0" LUT="8" fileDirectory="/home/npr29/hls6775/development/ece6775Final/refactored"&gt;&lt;\/item&gt;
<item  id="284" filename="helper.cpp" linenumber="230" name="xor_ln230_30" contextFuncName="addRoundKey" moduleName="aes_main" rtlName="xor_ln230_30_fu_1417_p2" latency="0" BRAM="-1" DSP="-1" FF="0" LUT="8" fileDirectory="/home/npr29/hls6775/development/ece6775Final/refactored"&gt;&lt;\/item&gt;
<item  id="285" filename="helper.cpp" linenumber="230" name="xor_ln230_31" contextFuncName="addRoundKey" moduleName="aes_main" rtlName="xor_ln230_31_fu_1423_p2" latency="0" BRAM="-1" DSP="-1" FF="0" LUT="8" fileDirectory="/home/npr29/hls6775/development/ece6775Final/refactored"&gt;&lt;\/item&gt;
<item  id="101" filename="encrypt.cpp" linenumber="48" name="expandedKey_0" contextFuncName="aes_encrypt" moduleName="aes_encrypt" rtlName="expandedKey_0_U" latency="0" BRAM="-1" DSP="-1" FF="-1" LUT="-1" fileDirectory="/home/npr29/hls6775/development/ece6775Final/refactored"&gt;&lt;\/item&gt;
<item  id="102" filename="encrypt.cpp" linenumber="48" name="expandedKey_1" contextFuncName="aes_encrypt" moduleName="aes_encrypt" rtlName="expandedKey_1_U" latency="0" BRAM="-1" DSP="-1" FF="-1" LUT="-1" fileDirectory="/home/npr29/hls6775/development/ece6775Final/refactored"&gt;&lt;\/item&gt;
<item  id="103" filename="encrypt.cpp" linenumber="48" name="expandedKey_2" contextFuncName="aes_encrypt" moduleName="aes_encrypt" rtlName="expandedKey_2_U" latency="0" BRAM="-1" DSP="-1" FF="-1" LUT="-1" fileDirectory="/home/npr29/hls6775/development/ece6775Final/refactored"&gt;&lt;\/item&gt;
<item  id="104" filename="encrypt.cpp" linenumber="48" name="expandedKey_3" contextFuncName="aes_encrypt" moduleName="aes_encrypt" rtlName="expandedKey_3_U" latency="0" BRAM="-1" DSP="-1" FF="-1" LUT="-1" fileDirectory="/home/npr29/hls6775/development/ece6775Final/refactored"&gt;&lt;\/item&gt;
<item  id="108" filename="encrypt.cpp" linenumber="51" name="icmp_ln51" contextFuncName="aes_encrypt" moduleName="aes_encrypt" rtlName="icmp_ln51_fu_704_p2" latency="0" BRAM="-1" DSP="-1" FF="0" LUT="9" fileDirectory="/home/npr29/hls6775/development/ece6775Final/refactored"&gt;&lt;\/item&gt;
<item  id="110" filename="encrypt.cpp" linenumber="51" name="i" contextFuncName="aes_encrypt" moduleName="aes_encrypt" rtlName="i_fu_710_p2" latency="0" BRAM="-1" DSP="-1" FF="0" LUT="12" fileDirectory="/home/npr29/hls6775/development/ece6775Final/refactored"&gt;&lt;\/item&gt;
<item  id="113" filename="encrypt.cpp" linenumber="56" name="zext_ln56" contextFuncName="aes_encrypt" moduleName="aes_encrypt" rtlName="zext_ln56_fu_716_p1" latency="0" BRAM="-1" DSP="-1" FF="-1" LUT="-1" fileDirectory="/home/npr29/hls6775/development/ece6775Final/refactored"&gt;&lt;\/item&gt;
<item  id="114" filename="encrypt.cpp" linenumber="56" name="trunc_ln56" contextFuncName="aes_encrypt" moduleName="aes_encrypt" rtlName="trunc_ln56_fu_720_p1" latency="0" BRAM="-1" DSP="-1" FF="-1" LUT="-1" fileDirectory="/home/npr29/hls6775/development/ece6775Final/refactored"&gt;&lt;\/item&gt;
<item  id="115" filename="encrypt.cpp" linenumber="56" name="shl_ln" contextFuncName="aes_encrypt" moduleName="aes_encrypt" rtlName="shl_ln_fu_724_p3" latency="0" BRAM="-1" DSP="-1" FF="-1" LUT="-1" fileDirectory="/home/npr29/hls6775/development/ece6775Final/refactored"&gt;&lt;\/item&gt;
<item  id="119" filename="encrypt.cpp" linenumber="54" name="icmp_ln54" contextFuncName="aes_encrypt" moduleName="aes_encrypt" rtlName="icmp_ln54_fu_732_p2" latency="0" BRAM="-1" DSP="-1" FF="0" LUT="9" fileDirectory="/home/npr29/hls6775/development/ece6775Final/refactored"&gt;&lt;\/item&gt;
<item  id="121" filename="encrypt.cpp" linenumber="54" name="j" contextFuncName="aes_encrypt" moduleName="aes_encrypt" rtlName="j_fu_738_p2" latency="0" BRAM="-1" DSP="-1" FF="0" LUT="12" fileDirectory="/home/npr29/hls6775/development/ece6775Final/refactored"&gt;&lt;\/item&gt;
<item  id="140" filename="encrypt.cpp" linenumber="56" name="zext_ln56_1" contextFuncName="aes_encrypt" moduleName="aes_encrypt" rtlName="zext_ln56_1_fu_744_p1" latency="0" BRAM="-1" DSP="-1" FF="-1" LUT="-1" fileDirectory="/home/npr29/hls6775/development/ece6775Final/refactored"&gt;&lt;\/item&gt;
<item  id="141" filename="encrypt.cpp" linenumber="56" name="add_ln56" contextFuncName="aes_encrypt" moduleName="aes_encrypt" rtlName="tmp_fu_753_p17" latency="0" BRAM="-1" DSP="-1" FF="0" LUT="13" fileDirectory="/home/npr29/hls6775/development/ece6775Final/refactored"&gt;&lt;\/item&gt;
<item  id="142" filename="encrypt.cpp" linenumber="56" name="tmp" contextFuncName="aes_encrypt" moduleName="aes_encrypt" rtlName="encrypt_dut_mux_1g8j_U60" latency="0" BRAM="-1" DSP="-1" FF="-1" LUT="-1" fileDirectory="/home/npr29/hls6775/development/ece6775Final/refactored"&gt;&lt;\/item&gt;
<item  id="143" filename="encrypt.cpp" linenumber="56" name="trunc_ln56_1" contextFuncName="aes_encrypt" moduleName="aes_encrypt" rtlName="trunc_ln56_1_fu_775_p1" latency="0" BRAM="-1" DSP="-1" FF="-1" LUT="-1" fileDirectory="/home/npr29/hls6775/development/ece6775Final/refactored"&gt;&lt;\/item&gt;
<item  id="144" filename="encrypt.cpp" linenumber="56" name="shl_ln56_1" contextFuncName="aes_encrypt" moduleName="aes_encrypt" rtlName="shl_ln56_1_fu_779_p3" latency="0" BRAM="-1" DSP="-1" FF="-1" LUT="-1" fileDirectory="/home/npr29/hls6775/development/ece6775Final/refactored"&gt;&lt;\/item&gt;
<item  id="145" filename="encrypt.cpp" linenumber="56" name="add_ln56_1" contextFuncName="aes_encrypt" moduleName="aes_encrypt" rtlName="add_ln56_1_fu_787_p2" latency="0" BRAM="-1" DSP="-1" FF="0" LUT="13" fileDirectory="/home/npr29/hls6775/development/ece6775Final/refactored"&gt;&lt;\/item&gt;
<item  id="146" filename="encrypt.cpp" linenumber="56" name="block_s" contextFuncName="aes_encrypt" moduleName="aes_encrypt" rtlName="encrypt_dut_mux_1g8j_U61" latency="0" BRAM="-1" DSP="-1" FF="-1" LUT="-1" fileDirectory="/home/npr29/hls6775/development/ece6775Final/refactored"&gt;&lt;\/item&gt;
<item  id="147" filename="encrypt.cpp" linenumber="56" name="block_1" contextFuncName="aes_encrypt" moduleName="aes_encrypt" rtlName="encrypt_dut_mux_1g8j_U62" latency="0" BRAM="-1" DSP="-1" FF="-1" LUT="-1" fileDirectory="/home/npr29/hls6775/development/ece6775Final/refactored"&gt;&lt;\/item&gt;
<item  id="148" filename="encrypt.cpp" linenumber="56" name="block_2" contextFuncName="aes_encrypt" moduleName="aes_encrypt" rtlName="encrypt_dut_mux_1g8j_U63" latency="0" BRAM="-1" DSP="-1" FF="-1" LUT="-1" fileDirectory="/home/npr29/hls6775/development/ece6775Final/refactored"&gt;&lt;\/item&gt;
<item  id="149" filename="encrypt.cpp" linenumber="56" name="block_3" contextFuncName="aes_encrypt" moduleName="aes_encrypt" rtlName="encrypt_dut_mux_1g8j_U64" latency="0" BRAM="-1" DSP="-1" FF="-1" LUT="-1" fileDirectory="/home/npr29/hls6775/development/ece6775Final/refactored"&gt;&lt;\/item&gt;
<item  id="150" filename="encrypt.cpp" linenumber="56" name="block_4" contextFuncName="aes_encrypt" moduleName="aes_encrypt" rtlName="encrypt_dut_mux_1g8j_U65" latency="0" BRAM="-1" DSP="-1" FF="-1" LUT="-1" fileDirectory="/home/npr29/hls6775/development/ece6775Final/refactored"&gt;&lt;\/item&gt;
<item  id="151" filename="encrypt.cpp" linenumber="56" name="block_5" contextFuncName="aes_encrypt" moduleName="aes_encrypt" rtlName="encrypt_dut_mux_1g8j_U66" latency="0" BRAM="-1" DSP="-1" FF="-1" LUT="-1" fileDirectory="/home/npr29/hls6775/development/ece6775Final/refactored"&gt;&lt;\/item&gt;
<item  id="152" filename="encrypt.cpp" linenumber="56" name="block_6" contextFuncName="aes_encrypt" moduleName="aes_encrypt" rtlName="encrypt_dut_mux_1g8j_U67" latency="0" BRAM="-1" DSP="-1" FF="-1" LUT="-1" fileDirectory="/home/npr29/hls6775/development/ece6775Final/refactored"&gt;&lt;\/item&gt;
<item  id="153" filename="encrypt.cpp" linenumber="56" name="block_7" contextFuncName="aes_encrypt" moduleName="aes_encrypt" rtlName="encrypt_dut_mux_1g8j_U68" latency="0" BRAM="-1" DSP="-1" FF="-1" LUT="-1" fileDirectory="/home/npr29/hls6775/development/ece6775Final/refactored"&gt;&lt;\/item&gt;
<item  id="154" filename="encrypt.cpp" linenumber="56" name="block_8" contextFuncName="aes_encrypt" moduleName="aes_encrypt" rtlName="encrypt_dut_mux_1g8j_U69" latency="0" BRAM="-1" DSP="-1" FF="-1" LUT="-1" fileDirectory="/home/npr29/hls6775/development/ece6775Final/refactored"&gt;&lt;\/item&gt;
<item  id="155" filename="encrypt.cpp" linenumber="56" name="block_9" contextFuncName="aes_encrypt" moduleName="aes_encrypt" rtlName="encrypt_dut_mux_1g8j_U70" latency="0" BRAM="-1" DSP="-1" FF="-1" LUT="-1" fileDirectory="/home/npr29/hls6775/development/ece6775Final/refactored"&gt;&lt;\/item&gt;
<item  id="156" filename="encrypt.cpp" linenumber="56" name="block_10" contextFuncName="aes_encrypt" moduleName="aes_encrypt" rtlName="encrypt_dut_mux_1g8j_U71" latency="0" BRAM="-1" DSP="-1" FF="-1" LUT="-1" fileDirectory="/home/npr29/hls6775/development/ece6775Final/refactored"&gt;&lt;\/item&gt;
<item  id="157" filename="encrypt.cpp" linenumber="56" name="block_11" contextFuncName="aes_encrypt" moduleName="aes_encrypt" rtlName="encrypt_dut_mux_1g8j_U72" latency="0" BRAM="-1" DSP="-1" FF="-1" LUT="-1" fileDirectory="/home/npr29/hls6775/development/ece6775Final/refactored"&gt;&lt;\/item&gt;
<item  id="158" filename="encrypt.cpp" linenumber="56" name="block_12" contextFuncName="aes_encrypt" moduleName="aes_encrypt" rtlName="encrypt_dut_mux_1g8j_U73" latency="0" BRAM="-1" DSP="-1" FF="-1" LUT="-1" fileDirectory="/home/npr29/hls6775/development/ece6775Final/refactored"&gt;&lt;\/item&gt;
<item  id="159" filename="encrypt.cpp" linenumber="56" name="block_13" contextFuncName="aes_encrypt" moduleName="aes_encrypt" rtlName="encrypt_dut_mux_1g8j_U74" latency="0" BRAM="-1" DSP="-1" FF="-1" LUT="-1" fileDirectory="/home/npr29/hls6775/development/ece6775Final/refactored"&gt;&lt;\/item&gt;
<item  id="160" filename="encrypt.cpp" linenumber="56" name="block_14" contextFuncName="aes_encrypt" moduleName="aes_encrypt" rtlName="encrypt_dut_mux_1g8j_U75" latency="0" BRAM="-1" DSP="-1" FF="-1" LUT="-1" fileDirectory="/home/npr29/hls6775/development/ece6775Final/refactored"&gt;&lt;\/item&gt;
<item  id="161" filename="encrypt.cpp" linenumber="56" name="block_15" contextFuncName="aes_encrypt" moduleName="aes_encrypt" rtlName="encrypt_dut_mux_1g8j_U76" latency="0" BRAM="-1" DSP="-1" FF="-1" LUT="-1" fileDirectory="/home/npr29/hls6775/development/ece6775Final/refactored"&gt;&lt;\/item&gt;
<item  id="198" filename="encrypt.cpp" linenumber="61" name="_ln61" contextFuncName="aes_encrypt" moduleName="aes_encrypt" rtlName="grp_expandKey_fu_612" latency="1" BRAM="-1" DSP="-1" FF="-1" LUT="-1" fileDirectory="/home/npr29/hls6775/development/ece6775Final/refactored"&gt;&lt;\/item&gt;
<item  id="199" filename="encrypt.cpp" linenumber="64" name="call_ret" contextFuncName="aes_encrypt" moduleName="aes_encrypt" rtlName="grp_aes_main_fu_586" latency="1" BRAM="-1" DSP="-1" FF="-1" LUT="-1" fileDirectory="/home/npr29/hls6775/development/ece6775Final/refactored"&gt;&lt;\/item&gt;
<item  id="219" filename="encrypt.cpp" linenumber="67" name="icmp_ln67" contextFuncName="aes_encrypt" moduleName="aes_encrypt" rtlName="icmp_ln67_fu_1544_p2" latency="0" BRAM="-1" DSP="-1" FF="0" LUT="9" fileDirectory="/home/npr29/hls6775/development/ece6775Final/refactored"&gt;&lt;\/item&gt;
<item  id="221" filename="encrypt.cpp" linenumber="67" name="i_2" contextFuncName="aes_encrypt" moduleName="aes_encrypt" rtlName="i_2_fu_1550_p2" latency="0" BRAM="-1" DSP="-1" FF="0" LUT="12" fileDirectory="/home/npr29/hls6775/development/ece6775Final/refactored"&gt;&lt;\/item&gt;
<item  id="224" filename="encrypt.cpp" linenumber="72" name="zext_ln72" contextFuncName="aes_encrypt" moduleName="aes_encrypt" rtlName="zext_ln72_fu_1556_p1" latency="0" BRAM="-1" DSP="-1" FF="-1" LUT="-1" fileDirectory="/home/npr29/hls6775/development/ece6775Final/refactored"&gt;&lt;\/item&gt;
<item  id="225" filename="encrypt.cpp" linenumber="72" name="trunc_ln72" contextFuncName="aes_encrypt" moduleName="aes_encrypt" rtlName="trunc_ln72_fu_1560_p1" latency="0" BRAM="-1" DSP="-1" FF="-1" LUT="-1" fileDirectory="/home/npr29/hls6775/development/ece6775Final/refactored"&gt;&lt;\/item&gt;
<item  id="226" filename="encrypt.cpp" linenumber="72" name="shl_ln1" contextFuncName="aes_encrypt" moduleName="aes_encrypt" rtlName="shl_ln1_fu_1564_p3" latency="0" BRAM="-1" DSP="-1" FF="-1" LUT="-1" fileDirectory="/home/npr29/hls6775/development/ece6775Final/refactored"&gt;&lt;\/item&gt;
<item  id="230" filename="encrypt.cpp" linenumber="70" name="icmp_ln70" contextFuncName="aes_encrypt" moduleName="aes_encrypt" rtlName="icmp_ln70_fu_1572_p2" latency="0" BRAM="-1" DSP="-1" FF="0" LUT="9" fileDirectory="/home/npr29/hls6775/development/ece6775Final/refactored"&gt;&lt;\/item&gt;
<item  id="232" filename="encrypt.cpp" linenumber="70" name="j_2" contextFuncName="aes_encrypt" moduleName="aes_encrypt" rtlName="j_2_fu_1578_p2" latency="0" BRAM="-1" DSP="-1" FF="0" LUT="12" fileDirectory="/home/npr29/hls6775/development/ece6775Final/refactored"&gt;&lt;\/item&gt;
<item  id="235" filename="encrypt.cpp" linenumber="72" name="zext_ln72_1" contextFuncName="aes_encrypt" moduleName="aes_encrypt" rtlName="zext_ln72_1_fu_1584_p1" latency="0" BRAM="-1" DSP="-1" FF="-1" LUT="-1" fileDirectory="/home/npr29/hls6775/development/ece6775Final/refactored"&gt;&lt;\/item&gt;
<item  id="236" filename="encrypt.cpp" linenumber="72" name="trunc_ln72_1" contextFuncName="aes_encrypt" moduleName="aes_encrypt" rtlName="trunc_ln72_1_fu_1588_p1" latency="0" BRAM="-1" DSP="-1" FF="-1" LUT="-1" fileDirectory="/home/npr29/hls6775/development/ece6775Final/refactored"&gt;&lt;\/item&gt;
<item  id="237" filename="encrypt.cpp" linenumber="72" name="shl_ln72_1" contextFuncName="aes_encrypt" moduleName="aes_encrypt" rtlName="shl_ln72_1_fu_1592_p3" latency="0" BRAM="-1" DSP="-1" FF="-1" LUT="-1" fileDirectory="/home/npr29/hls6775/development/ece6775Final/refactored"&gt;&lt;\/item&gt;
<item  id="238" filename="encrypt.cpp" linenumber="72" name="add_ln72" contextFuncName="aes_encrypt" moduleName="aes_encrypt" rtlName="tmp_s_fu_1605_p17" latency="0" BRAM="-1" DSP="-1" FF="0" LUT="13" fileDirectory="/home/npr29/hls6775/development/ece6775Final/refactored"&gt;&lt;\/item&gt;
<item  id="239" filename="encrypt.cpp" linenumber="72" name="tmp_s" contextFuncName="aes_encrypt" moduleName="aes_encrypt" rtlName="encrypt_dut_mux_1g8j_U77" latency="0" BRAM="-1" DSP="-1" FF="-1" LUT="-1" fileDirectory="/home/npr29/hls6775/development/ece6775Final/refactored"&gt;&lt;\/item&gt;
<item  id="240" filename="encrypt.cpp" linenumber="72" name="add_ln72_1" contextFuncName="aes_encrypt" moduleName="aes_encrypt" rtlName="add_ln72_1_fu_1643_p2" latency="0" BRAM="-1" DSP="-1" FF="0" LUT="13" fileDirectory="/home/npr29/hls6775/development/ece6775Final/refactored"&gt;&lt;\/item&gt;
<item  id="134" filename="encrypt.cpp" linenumber="83" name="_ln83" contextFuncName="encrypt_dut" moduleName="encrypt_dut" rtlName="grp_aes_encrypt_fu_302" latency="1" BRAM="-1" DSP="-1" FF="-1" LUT="-1" fileDirectory="/home/npr29/hls6775/development/ece6775Final/refactored"><\/item>
</annotationInfo>
