<stg><name>galois_multiplicatio</name>


<trans_list>
</trans_list>



<state_list>

<state id="1" st_id="1">

<operation id="2" st_id="1" stage="1" lat="1">
<core>NULL</core>
<MemPortIdVec></MemPortIdVec>
<condition id="-1">
<or_exp><and_exp></and_exp></or_exp>
</condition>

<Node id="3" bw="3" op_0_bw="3" op_1_bw="3">
<![CDATA[
:0  %b_read = call i3 @_ssdm_op_Read.ap_auto.i3(i3 %b) nounwind

]]></Node>
<StgValue><ssdm name="b_read"/></StgValue>
</operation>

<operation id="3" st_id="1" stage="1" lat="1">
<core>NULL</core>
<MemPortIdVec></MemPortIdVec>
<condition id="-1">
<or_exp><and_exp></and_exp></or_exp>
</condition>

<Node id="4" bw="8" op_0_bw="8" op_1_bw="8">
<![CDATA[
:1  %a_read = call i8 @_ssdm_op_Read.ap_auto.i8(i8 %a) nounwind

]]></Node>
<StgValue><ssdm name="a_read"/></StgValue>
</operation>

<operation id="4" st_id="1" stage="1" lat="1">
<core>NULL</core>
<MemPortIdVec></MemPortIdVec>
<condition id="-1">
<or_exp><and_exp></and_exp></or_exp>
</condition>

<Node id="5" bw="1" op_0_bw="3">
<![CDATA[
:2  %trunc_ln239 = trunc i3 %b_read to i1

]]></Node>
<StgValue><ssdm name="trunc_ln239"/></StgValue>
</operation>

<operation id="5" st_id="1" stage="1" lat="1">
<core>Sel</core>
<MemPortIdVec></MemPortIdVec>
<condition id="-1">
<or_exp><and_exp></and_exp></or_exp>
</condition>

<Node id="6" bw="8" op_0_bw="1" op_1_bw="8" op_2_bw="8">
<![CDATA[
:3  %select_ln239 = select i1 %trunc_ln239, i8 %a_read, i8 0

]]></Node>
<StgValue><ssdm name="select_ln239"/></StgValue>
</operation>

<operation id="6" st_id="1" stage="1" lat="1">
<core>NULL</core>
<MemPortIdVec></MemPortIdVec>
<condition id="-1">
<or_exp><and_exp><literal name="tmp_1" val="1"/>
</and_exp></or_exp>
</condition>

<Node id="7" bw="8" op_0_bw="8" op_1_bw="8">
<![CDATA[
:4  %shl_ln242 = shl i8 %a_read, 1

]]></Node>
<StgValue><ssdm name="shl_ln242"/></StgValue>
</operation>

<operation id="7" st_id="1" stage="1" lat="1">
<core>NULL</core>
<MemPortIdVec></MemPortIdVec>
<condition id="-1">
<or_exp><and_exp><literal name="tmp_1" val="1"/>
</and_exp></or_exp>
</condition>

<Node id="8" bw="1" op_0_bw="1" op_1_bw="8" op_2_bw="32">
<![CDATA[
:5  %tmp = call i1 @_ssdm_op_BitSelect.i1.i8.i32(i8 %a_read, i32 7)

]]></Node>
<StgValue><ssdm name="tmp"/></StgValue>
</operation>

<operation id="8" st_id="1" stage="1" lat="1">
<core>LogicGate</core>
<MemPortIdVec></MemPortIdVec>
<condition id="-1">
<or_exp><and_exp><literal name="tmp" val="1"/>
<literal name="tmp_1" val="1"/>
</and_exp></or_exp>
</condition>

<Node id="9" bw="8" op_0_bw="8" op_1_bw="8">
<![CDATA[
:6  %xor_ln244 = xor i8 %shl_ln242, 27

]]></Node>
<StgValue><ssdm name="xor_ln244"/></StgValue>
</operation>

<operation id="9" st_id="1" stage="1" lat="1">
<core>Sel</core>
<MemPortIdVec></MemPortIdVec>
<condition id="-1">
<or_exp><and_exp><literal name="tmp_1" val="1"/>
</and_exp></or_exp>
</condition>

<Node id="10" bw="8" op_0_bw="1" op_1_bw="8" op_2_bw="8">
<![CDATA[
:7  %select_ln243 = select i1 %tmp, i8 %xor_ln244, i8 %shl_ln242

]]></Node>
<StgValue><ssdm name="select_ln243"/></StgValue>
</operation>

<operation id="10" st_id="1" stage="1" lat="1">
<core>NULL</core>
<MemPortIdVec></MemPortIdVec>
<condition id="-1">
<or_exp><and_exp></and_exp></or_exp>
</condition>

<Node id="11" bw="1" op_0_bw="1" op_1_bw="3" op_2_bw="32">
<![CDATA[
:8  %tmp_1 = call i1 @_ssdm_op_BitSelect.i1.i3.i32(i3 %b_read, i32 1)

]]></Node>
<StgValue><ssdm name="tmp_1"/></StgValue>
</operation>

<operation id="11" st_id="1" stage="1" lat="1">
<core>Sel</core>
<MemPortIdVec></MemPortIdVec>
<condition id="-1">
<or_exp><and_exp></and_exp></or_exp>
</condition>

<Node id="12" bw="8" op_0_bw="1" op_1_bw="8" op_2_bw="8">
<![CDATA[
:9  %select_ln239_1 = select i1 %tmp_1, i8 %select_ln243, i8 0

]]></Node>
<StgValue><ssdm name="select_ln239_1"/></StgValue>
</operation>

<operation id="12" st_id="1" stage="1" lat="1">
<core>LogicGate</core>
<MemPortIdVec></MemPortIdVec>
<condition id="-1">
<or_exp><and_exp></and_exp></or_exp>
</condition>

<Node id="13" bw="8" op_0_bw="8" op_1_bw="8">
<![CDATA[
:10  %xor_ln239 = xor i8 %select_ln239, %select_ln239_1

]]></Node>
<StgValue><ssdm name="xor_ln239"/></StgValue>
</operation>

<operation id="13" st_id="1" stage="1" lat="1">
<core>NULL</core>
<MemPortIdVec></MemPortIdVec>
<condition id="-1">
<or_exp><and_exp></and_exp></or_exp>
</condition>

<Node id="14" bw="0" op_0_bw="8">
<![CDATA[
:11  ret i8 %xor_ln239

]]></Node>
<StgValue><ssdm name="ret_ln247"/></StgValue>
</operation>
</state>
</state_list>


<ports>
<port id="15" name="a" dir="0" iftype="0">
<core>NULL</core><StgValue><ssdm name="a"/></StgValue>
</port>
<port id="16" name="b" dir="0" iftype="0">
<core>NULL</core><StgValue><ssdm name="b"/></StgValue>
</port>
</ports>


<dataflows>
<dataflow id="18" from="_ssdm_op_Read.ap_auto.i3" to="b_read" fromId="17" toId="2">
</dataflow>
<dataflow id="19" from="b" to="b_read" fromId="16" toId="2">
</dataflow>
<dataflow id="21" from="_ssdm_op_Read.ap_auto.i8" to="a_read" fromId="20" toId="3">
</dataflow>
<dataflow id="22" from="a" to="a_read" fromId="15" toId="3">
</dataflow>
<dataflow id="23" from="b_read" to="trunc_ln239" fromId="2" toId="4">
</dataflow>
<dataflow id="24" from="trunc_ln239" to="select_ln239" fromId="4" toId="5">
</dataflow>
<dataflow id="25" from="a_read" to="select_ln239" fromId="3" toId="5">
</dataflow>
<dataflow id="27" from="StgValue_26" to="select_ln239" fromId="26" toId="5">
</dataflow>
<dataflow id="28" from="a_read" to="shl_ln242" fromId="3" toId="6">
</dataflow>
<dataflow id="30" from="StgValue_29" to="shl_ln242" fromId="29" toId="6">
</dataflow>
<dataflow id="32" from="_ssdm_op_BitSelect.i1.i8.i32" to="tmp" fromId="31" toId="7">
</dataflow>
<dataflow id="33" from="a_read" to="tmp" fromId="3" toId="7">
</dataflow>
<dataflow id="35" from="StgValue_34" to="tmp" fromId="34" toId="7">
</dataflow>
<dataflow id="36" from="shl_ln242" to="xor_ln244" fromId="6" toId="8">
</dataflow>
<dataflow id="38" from="StgValue_37" to="xor_ln244" fromId="37" toId="8">
</dataflow>
<dataflow id="39" from="tmp" to="select_ln243" fromId="7" toId="9">
</dataflow>
<dataflow id="40" from="xor_ln244" to="select_ln243" fromId="8" toId="9">
</dataflow>
<dataflow id="41" from="shl_ln242" to="select_ln243" fromId="6" toId="9">
</dataflow>
<dataflow id="43" from="_ssdm_op_BitSelect.i1.i3.i32" to="tmp_1" fromId="42" toId="10">
</dataflow>
<dataflow id="44" from="b_read" to="tmp_1" fromId="2" toId="10">
</dataflow>
<dataflow id="46" from="StgValue_45" to="tmp_1" fromId="45" toId="10">
</dataflow>
<dataflow id="47" from="tmp_1" to="select_ln239_1" fromId="10" toId="11">
</dataflow>
<dataflow id="48" from="select_ln243" to="select_ln239_1" fromId="9" toId="11">
</dataflow>
<dataflow id="49" from="StgValue_26" to="select_ln239_1" fromId="26" toId="11">
</dataflow>
<dataflow id="50" from="select_ln239" to="xor_ln239" fromId="5" toId="12">
</dataflow>
<dataflow id="51" from="select_ln239_1" to="xor_ln239" fromId="11" toId="12">
</dataflow>
<dataflow id="52" from="xor_ln239" to="ret_ln247" fromId="12" toId="13">
</dataflow>
<dataflow id="53" from="tmp_1" to="StgValue_1" fromId="10" toId="1">
</dataflow>
<dataflow id="54" from="tmp" to="StgValue_1" fromId="7" toId="1">
</dataflow>
</dataflows>


</stg>
