<stg><name>galois_multiplicatio</name>


<trans_list>
</trans_list>



<state_list>

<state id="1" st_id="1">

<operation id="2" st_id="1" stage="1" lat="1">
<core>NULL</core>
<MemPortIdVec></MemPortIdVec>
<condition id="-1">
<or_exp><and_exp></and_exp></or_exp>
</condition>

<Node id="3" bw="3" op_0_bw="3" op_1_bw="3">
<![CDATA[
:0  %b_read = call i3 @_ssdm_op_Read.ap_auto.i3(i3 %b) nounwind

]]></Node>
<StgValue><ssdm name="b_read"/></StgValue>
</operation>

<operation id="3" st_id="1" stage="1" lat="1">
<core>NULL</core>
<MemPortIdVec></MemPortIdVec>
<condition id="-1">
<or_exp><and_exp></and_exp></or_exp>
</condition>

<Node id="4" bw="8" op_0_bw="8" op_1_bw="8">
<![CDATA[
:1  %a_read = call i8 @_ssdm_op_Read.ap_auto.i8(i8 %a) nounwind

]]></Node>
<StgValue><ssdm name="a_read"/></StgValue>
</operation>

<operation id="4" st_id="1" stage="1" lat="1">
<core>NULL</core>
<MemPortIdVec></MemPortIdVec>
<condition id="-1">
<or_exp><and_exp></and_exp></or_exp>
</condition>

<Node id="5" bw="1" op_0_bw="3">
<![CDATA[
:2  %trunc_ln239 = trunc i3 %b_read to i1

]]></Node>
<StgValue><ssdm name="trunc_ln239"/></StgValue>
</operation>

<operation id="5" st_id="1" stage="1" lat="1">
<core>Sel</core>
<MemPortIdVec></MemPortIdVec>
<condition id="-1">
<or_exp><and_exp></and_exp></or_exp>
</condition>

<Node id="6" bw="8" op_0_bw="1" op_1_bw="8" op_2_bw="8">
<![CDATA[
:3  %select_ln239 = select i1 %trunc_ln239, i8 %a_read, i8 0

]]></Node>
<StgValue><ssdm name="select_ln239"/></StgValue>
</operation>

<operation id="6" st_id="1" stage="1" lat="1">
<core>NULL</core>
<MemPortIdVec></MemPortIdVec>
<condition id="-1">
<or_exp><and_exp><literal name="tmp_1" val="1"/>
</and_exp></or_exp>
</condition>

<Node id="7" bw="8" op_0_bw="8" op_1_bw="8">
<![CDATA[
:4  %shl_ln242 = shl i8 %a_read, 1

]]></Node>
<StgValue><ssdm name="shl_ln242"/></StgValue>
</operation>

<operation id="7" st_id="1" stage="1" lat="1">
<core>NULL</core>
<MemPortIdVec></MemPortIdVec>
<condition id="-1">
<or_exp><and_exp><literal name="tmp_1" val="1"/>
</and_exp></or_exp>
</condition>

<Node id="8" bw="1" op_0_bw="1" op_1_bw="8" op_2_bw="32">
<![CDATA[
:5  %tmp = call i1 @_ssdm_op_BitSelect.i1.i8.i32(i8 %a_read, i32 7)

]]></Node>
<StgValue><ssdm name="tmp"/></StgValue>
</operation>

<operation id="8" st_id="1" stage="1" lat="1">
<core>LogicGate</core>
<MemPortIdVec></MemPortIdVec>
<condition id="-1">
<or_exp><and_exp><literal name="tmp" val="1"/>
<literal name="tmp_1" val="1"/>
</and_exp></or_exp>
</condition>

<Node id="9" bw="8" op_0_bw="8" op_1_bw="8">
<![CDATA[
:6  %xor_ln244 = xor i8 %shl_ln242, 27

]]></Node>
<StgValue><ssdm name="xor_ln244"/></StgValue>
</operation>

<operation id="9" st_id="1" stage="1" lat="1">
<core>Sel</core>
<MemPortIdVec></MemPortIdVec>
<condition id="-1">
<or_exp><and_exp><literal name="tmp_1" val="1"/>
</and_exp></or_exp>
</condition>

<Node id="10" bw="8" op_0_bw="1" op_1_bw="8" op_2_bw="8">
<![CDATA[
:7  %select_ln243 = select i1 %tmp, i8 %xor_ln244, i8 %shl_ln242

]]></Node>
<StgValue><ssdm name="select_ln243"/></StgValue>
</operation>

<operation id="10" st_id="1" stage="1" lat="1">
<core>NULL</core>
<MemPortIdVec></MemPortIdVec>
<condition id="-1">
<or_exp><and_exp></and_exp></or_exp>
</condition>

<Node id="11" bw="1" op_0_bw="1" op_1_bw="3" op_2_bw="32">
<![CDATA[
:8  %tmp_1 = call i1 @_ssdm_op_BitSelect.i1.i3.i32(i3 %b_read, i32 1)

]]></Node>
<StgValue><ssdm name="tmp_1"/></StgValue>
</operation>

<operation id="11" st_id="1" stage="1" lat="1">
<core>Sel</core>
<MemPortIdVec></MemPortIdVec>
<condition id="-1">
<or_exp><and_exp></and_exp></or_exp>
</condition>

<Node id="12" bw="8" op_0_bw="1" op_1_bw="8" op_2_bw="8">
<![CDATA[
:9  %select_ln239_1 = select i1 %tmp_1, i8 %select_ln243, i8 0

]]></Node>
<StgValue><ssdm name="select_ln239_1"/></StgValue>
</operation>

<operation id="12" st_id="1" stage="1" lat="1">
<core>LogicGate</core>
<MemPortIdVec></MemPortIdVec>
<condition id="-1">
<or_exp><and_exp></and_exp></or_exp>
</condition>

<Node id="13" bw="8" op_0_bw="8" op_1_bw="8">
<![CDATA[
:10  %xor_ln239 = xor i8 %select_ln239, %select_ln239_1

]]></Node>
<StgValue><ssdm name="xor_ln239"/></StgValue>
</operation>

<operation id="13" st_id="1" stage="1" lat="1">
<core>NULL</core>
<MemPortIdVec></MemPortIdVec>
<condition id="-1">
<or_exp><and_exp></and_exp></or_exp>
</condition>

<Node id="14" bw="0" op_0_bw="8">
<![CDATA[
:11  ret i8 %xor_ln239

]]></Node>
<StgValue><ssdm name="ret_ln247"/></StgValue>
</operation>
</state>
</state_list>


<ports>
</ports>


<dataflows>
</dataflows>


</stg>
