<profile>

<section name = "Vivado HLS Report for 'mixColumn'" level="0">
<item name = "Date">Fri Dec 13 20:23:33 2024
</item>
<item name = "Version">2019.2 (Build 2704478 on Wed Nov 06 22:10:23 MST 2019)</item>
<item name = "Project">encrypt.prj</item>
<item name = "Solution">solution1</item>
<item name = "Product family">zynq</item>
<item name = "Target device">xc7z020-clg484-1</item>
</section>

<section name = "Performance Estimates" level="0">
<item name = "Timing">
<section name = "" level="1">
<item name = "Summary"><table name="" hasTotal="0">
<keys size="4">Clock, Target, Estimated, Uncertainty</keys>
<column name="ap_clk">10.00 ns, 2.238 ns, 1.25 ns</column>
</table>
</item>
</section>
</item>
<item name = "Latency">
<section name = "" level="1">
<item name = "Summary"><table name="" hasTotal="0">
<keys size="8">, min, max, min, max, min, max, Type</keys>
<column name="">0, 0, 0 ns, 0 ns, 1, 1, function</column>
</table>
</item>
<item name = "Detail">
<section name = "" level="1">
<item name = "Instance"><table name="" hasTotal="0">
<keys size="9">Instance, Module, min, max, min, max, min, max, Type</keys>
<column name="tmp_galois_multiplicatio_fu_44">galois_multiplicatio, 0, 0, 0 ns, 0 ns, 1, 1, function</column>
<column name="tmp_3_galois_multiplicatio_fu_52">galois_multiplicatio, 0, 0, 0 ns, 0 ns, 1, 1, function</column>
<column name="tmp_4_galois_multiplicatio_fu_60">galois_multiplicatio, 0, 0, 0 ns, 0 ns, 1, 1, function</column>
<column name="tmp_5_galois_multiplicatio_fu_68">galois_multiplicatio, 0, 0, 0 ns, 0 ns, 1, 1, function</column>
<column name="tmp_6_galois_multiplicatio_fu_76">galois_multiplicatio, 0, 0, 0 ns, 0 ns, 1, 1, function</column>
<column name="tmp_7_galois_multiplicatio_fu_84">galois_multiplicatio, 0, 0, 0 ns, 0 ns, 1, 1, function</column>
<column name="tmp_9_galois_multiplicatio_fu_92">galois_multiplicatio, 0, 0, 0 ns, 0 ns, 1, 1, function</column>
<column name="tmp_s_galois_multiplicatio_fu_100">galois_multiplicatio, 0, 0, 0 ns, 0 ns, 1, 1, function</column>
<column name="tmp_1_galois_multiplicatio_fu_108">galois_multiplicatio, 0, 0, 0 ns, 0 ns, 1, 1, function</column>
<column name="tmp_2_galois_multiplicatio_fu_116">galois_multiplicatio, 0, 0, 0 ns, 0 ns, 1, 1, function</column>
<column name="tmp_8_galois_multiplicatio_fu_124">galois_multiplicatio, 0, 0, 0 ns, 0 ns, 1, 1, function</column>
<column name="tmp_10_galois_multiplicatio_fu_132">galois_multiplicatio, 0, 0, 0 ns, 0 ns, 1, 1, function</column>
</table>
</item>
<item name = "Loop"><table name="" hasTotal="0">
<keys size="8">Loop Name, min, max, Latency, achieved, target, Count, Pipelined</keys>
</table>
</item>
</section>
</item>
</section>
</item>
</section>

<section name = "Utilization Estimates" level="0">
<item name = "Summary"><table name="" hasTotal="1">
<keys size="6">Name, BRAM_18K, DSP48E, FF, LUT, URAM</keys>
<column name="DSP">-, -, -, -, -</column>
<column name="Expression">-, -, 0, 96, -</column>
<column name="FIFO">-, -, -, -, -</column>
<column name="Instance">-, -, 0, 480, -</column>
<column name="Memory">-, -, -, -, -</column>
<column name="Multiplexer">-, -, -, -, -</column>
<column name="Register">-, -, -, -, -</column>
<specialColumn name="Available">280, 220, 106400, 53200, 0</specialColumn>
<specialColumn name="Utilization (%)">0, 0, 0, 1, 0</specialColumn>
</table>
</item>
<item name = "Detail">
<section name = "" level="1">
<item name = "Instance"><table name="" hasTotal="1">
<keys size="7">Instance, Module, BRAM_18K, DSP48E, FF, LUT, URAM</keys>
<column name="tmp_galois_multiplicatio_fu_44">galois_multiplicatio, 0, 0, 0, 40, 0</column>
<column name="tmp_3_galois_multiplicatio_fu_52">galois_multiplicatio, 0, 0, 0, 40, 0</column>
<column name="tmp_4_galois_multiplicatio_fu_60">galois_multiplicatio, 0, 0, 0, 40, 0</column>
<column name="tmp_5_galois_multiplicatio_fu_68">galois_multiplicatio, 0, 0, 0, 40, 0</column>
<column name="tmp_6_galois_multiplicatio_fu_76">galois_multiplicatio, 0, 0, 0, 40, 0</column>
<column name="tmp_7_galois_multiplicatio_fu_84">galois_multiplicatio, 0, 0, 0, 40, 0</column>
<column name="tmp_9_galois_multiplicatio_fu_92">galois_multiplicatio, 0, 0, 0, 40, 0</column>
<column name="tmp_s_galois_multiplicatio_fu_100">galois_multiplicatio, 0, 0, 0, 40, 0</column>
<column name="tmp_1_galois_multiplicatio_fu_108">galois_multiplicatio, 0, 0, 0, 40, 0</column>
<column name="tmp_2_galois_multiplicatio_fu_116">galois_multiplicatio, 0, 0, 0, 40, 0</column>
<column name="tmp_8_galois_multiplicatio_fu_124">galois_multiplicatio, 0, 0, 0, 40, 0</column>
<column name="tmp_10_galois_multiplicatio_fu_132">galois_multiplicatio, 0, 0, 0, 40, 0</column>
</table>
</item>
<item name = "DSP48E"><table name="" hasTotal="0">
<keys size="3">Instance, Module, Expression</keys>
</table>
</item>
<item name = "Memory"><table name="" hasTotal="1">
<keys size="10">Memory, Module, BRAM_18K, FF, LUT, URAM, Words, Bits, Banks, W*Bits*Banks</keys>
</table>
</item>
<item name = "FIFO"><table name="" hasTotal="1">
<keys size="8">Name, BRAM_18K, FF, LUT, URAM, Depth, Bits, Size:D*B</keys>
</table>
</item>
<item name = "Expression"><table name="" hasTotal="1">
<keys size="7">Variable Name, Operation, DSP48E, FF, LUT, Bitwidth P0, Bitwidth P1</keys>
<column name="xor_ln261_1_fu_140_p2">xor, 0, 0, 8, 8, 8</column>
<column name="xor_ln261_2_fu_146_p2">xor, 0, 0, 8, 8, 8</column>
<column name="xor_ln261_fu_152_p2">xor, 0, 0, 8, 8, 8</column>
<column name="xor_ln266_1_fu_158_p2">xor, 0, 0, 8, 8, 8</column>
<column name="xor_ln266_2_fu_164_p2">xor, 0, 0, 8, 8, 8</column>
<column name="xor_ln266_fu_170_p2">xor, 0, 0, 8, 8, 8</column>
<column name="xor_ln271_1_fu_176_p2">xor, 0, 0, 8, 8, 8</column>
<column name="xor_ln271_2_fu_182_p2">xor, 0, 0, 8, 8, 8</column>
<column name="xor_ln271_fu_188_p2">xor, 0, 0, 8, 8, 8</column>
<column name="xor_ln276_1_fu_194_p2">xor, 0, 0, 8, 8, 8</column>
<column name="xor_ln276_2_fu_200_p2">xor, 0, 0, 8, 8, 8</column>
<column name="xor_ln276_fu_206_p2">xor, 0, 0, 8, 8, 8</column>
</table>
</item>
<item name = "Multiplexer"><table name="" hasTotal="1">
<keys size="5">Name, LUT, Input Size, Bits, Total Bits</keys>
</table>
</item>
<item name = "Register"><table name="" hasTotal="1">
<keys size="5">Name, FF, LUT, Bits, Const Bits</keys>
</table>
</item>
</section>
</item>
</section>

<section name = "Interface" level="0">
<item name = "Summary"><table name="" hasTotal="0">
<keys size="6">RTL Ports, Dir, Bits, Protocol, Source Object, C Type</keys>
<column name="ap_ready">out, 1, ap_ctrl_hs, mixColumn, return value</column>
<column name="ap_return_0">out, 8, ap_ctrl_hs, mixColumn, return value</column>
<column name="ap_return_1">out, 8, ap_ctrl_hs, mixColumn, return value</column>
<column name="ap_return_2">out, 8, ap_ctrl_hs, mixColumn, return value</column>
<column name="ap_return_3">out, 8, ap_ctrl_hs, mixColumn, return value</column>
<column name="column_0_read">in, 8, ap_none, column_0_read, scalar</column>
<column name="column_1_read">in, 8, ap_none, column_1_read, scalar</column>
<column name="column_2_read">in, 8, ap_none, column_2_read, scalar</column>
<column name="column_3_read">in, 8, ap_none, column_3_read, scalar</column>
</table>
</item>
</section>
</profile>
