<stg><name>mixColumn</name>


<trans_list>
</trans_list>



<state_list>

<state id="1" st_id="1">

<operation id="2" st_id="1" stage="1" lat="1">
<core>NULL</core>
<MemPortIdVec></MemPortIdVec>
<condition id="-1">
<or_exp><and_exp></and_exp></or_exp>
</condition>

<Node id="5" bw="8" op_0_bw="8" op_1_bw="8">
<![CDATA[
:0  %column_3_read_1 = call i8 @_ssdm_op_Read.ap_auto.i8(i8 %column_3_read)

]]></Node>
<StgValue><ssdm name="column_3_read_1"/></StgValue>
</operation>

<operation id="3" st_id="1" stage="1" lat="1">
<core>NULL</core>
<MemPortIdVec></MemPortIdVec>
<condition id="-1">
<or_exp><and_exp></and_exp></or_exp>
</condition>

<Node id="6" bw="8" op_0_bw="8" op_1_bw="8">
<![CDATA[
:1  %column_2_read_1 = call i8 @_ssdm_op_Read.ap_auto.i8(i8 %column_2_read)

]]></Node>
<StgValue><ssdm name="column_2_read_1"/></StgValue>
</operation>

<operation id="4" st_id="1" stage="1" lat="1">
<core>NULL</core>
<MemPortIdVec></MemPortIdVec>
<condition id="-1">
<or_exp><and_exp></and_exp></or_exp>
</condition>

<Node id="7" bw="8" op_0_bw="8" op_1_bw="8">
<![CDATA[
:2  %column_1_read_1 = call i8 @_ssdm_op_Read.ap_auto.i8(i8 %column_1_read)

]]></Node>
<StgValue><ssdm name="column_1_read_1"/></StgValue>
</operation>

<operation id="5" st_id="1" stage="1" lat="1">
<core>NULL</core>
<MemPortIdVec></MemPortIdVec>
<condition id="-1">
<or_exp><and_exp></and_exp></or_exp>
</condition>

<Node id="8" bw="8" op_0_bw="8" op_1_bw="8">
<![CDATA[
:3  %column_0_read_1 = call i8 @_ssdm_op_Read.ap_auto.i8(i8 %column_0_read)

]]></Node>
<StgValue><ssdm name="column_0_read_1"/></StgValue>
</operation>

<operation id="6" st_id="1" stage="1" lat="1">
<core></core>
<MemPortIdVec></MemPortIdVec>
<condition id="-1">
<or_exp><and_exp></and_exp></or_exp>
</condition>

<Node id="9" bw="8" op_0_bw="8" op_1_bw="8" op_2_bw="3">
<![CDATA[
:4  %tmp = call fastcc zeroext i8 @galois_multiplicatio(i8 zeroext %column_0_read_1, i3 zeroext 2)

]]></Node>
<StgValue><ssdm name="tmp"/></StgValue>
</operation>

<operation id="7" st_id="1" stage="1" lat="1">
<core></core>
<MemPortIdVec></MemPortIdVec>
<condition id="-1">
<or_exp><and_exp></and_exp></or_exp>
</condition>

<Node id="10" bw="8" op_0_bw="8" op_1_bw="8" op_2_bw="3">
<![CDATA[
:5  %tmp_3 = call fastcc zeroext i8 @galois_multiplicatio(i8 zeroext %column_3_read_1, i3 zeroext 1)

]]></Node>
<StgValue><ssdm name="tmp_3"/></StgValue>
</operation>

<operation id="8" st_id="1" stage="1" lat="1">
<core></core>
<MemPortIdVec></MemPortIdVec>
<condition id="-1">
<or_exp><and_exp></and_exp></or_exp>
</condition>

<Node id="11" bw="8" op_0_bw="8" op_1_bw="8" op_2_bw="3">
<![CDATA[
:6  %tmp_4 = call fastcc zeroext i8 @galois_multiplicatio(i8 zeroext %column_2_read_1, i3 zeroext 1)

]]></Node>
<StgValue><ssdm name="tmp_4"/></StgValue>
</operation>

<operation id="9" st_id="1" stage="1" lat="1">
<core></core>
<MemPortIdVec></MemPortIdVec>
<condition id="-1">
<or_exp><and_exp></and_exp></or_exp>
</condition>

<Node id="12" bw="8" op_0_bw="8" op_1_bw="8" op_2_bw="3">
<![CDATA[
:7  %tmp_5 = call fastcc zeroext i8 @galois_multiplicatio(i8 zeroext %column_1_read_1, i3 zeroext 3)

]]></Node>
<StgValue><ssdm name="tmp_5"/></StgValue>
</operation>

<operation id="10" st_id="1" stage="1" lat="1">
<core>LogicGate</core>
<MemPortIdVec></MemPortIdVec>
<condition id="-1">
<or_exp><and_exp></and_exp></or_exp>
</condition>

<Node id="13" bw="8" op_0_bw="8" op_1_bw="8">
<![CDATA[
:8  %xor_ln261_1 = xor i8 %tmp_3, %tmp

]]></Node>
<StgValue><ssdm name="xor_ln261_1"/></StgValue>
</operation>

<operation id="11" st_id="1" stage="1" lat="1">
<core>LogicGate</core>
<MemPortIdVec></MemPortIdVec>
<condition id="-1">
<or_exp><and_exp></and_exp></or_exp>
</condition>

<Node id="14" bw="8" op_0_bw="8" op_1_bw="8">
<![CDATA[
:9  %xor_ln261_2 = xor i8 %tmp_4, %tmp_5

]]></Node>
<StgValue><ssdm name="xor_ln261_2"/></StgValue>
</operation>

<operation id="12" st_id="1" stage="1" lat="1">
<core>LogicGate</core>
<MemPortIdVec></MemPortIdVec>
<condition id="-1">
<or_exp><and_exp></and_exp></or_exp>
</condition>

<Node id="15" bw="8" op_0_bw="8" op_1_bw="8">
<![CDATA[
:10  %xor_ln261 = xor i8 %xor_ln261_2, %xor_ln261_1

]]></Node>
<StgValue><ssdm name="xor_ln261"/></StgValue>
</operation>

<operation id="13" st_id="1" stage="1" lat="1">
<core></core>
<MemPortIdVec></MemPortIdVec>
<condition id="-1">
<or_exp><and_exp></and_exp></or_exp>
</condition>

<Node id="16" bw="8" op_0_bw="8" op_1_bw="8" op_2_bw="3">
<![CDATA[
:11  %tmp_6 = call fastcc zeroext i8 @galois_multiplicatio(i8 zeroext %column_1_read_1, i3 zeroext 2)

]]></Node>
<StgValue><ssdm name="tmp_6"/></StgValue>
</operation>

<operation id="14" st_id="1" stage="1" lat="1">
<core></core>
<MemPortIdVec></MemPortIdVec>
<condition id="-1">
<or_exp><and_exp></and_exp></or_exp>
</condition>

<Node id="17" bw="8" op_0_bw="8" op_1_bw="8" op_2_bw="3">
<![CDATA[
:12  %tmp_7 = call fastcc zeroext i8 @galois_multiplicatio(i8 zeroext %column_0_read_1, i3 zeroext 1)

]]></Node>
<StgValue><ssdm name="tmp_7"/></StgValue>
</operation>

<operation id="15" st_id="1" stage="1" lat="1">
<core></core>
<MemPortIdVec></MemPortIdVec>
<condition id="-1">
<or_exp><and_exp></and_exp></or_exp>
</condition>

<Node id="18" bw="8" op_0_bw="8" op_1_bw="8" op_2_bw="3">
<![CDATA[
:13  %tmp_9 = call fastcc zeroext i8 @galois_multiplicatio(i8 zeroext %column_2_read_1, i3 zeroext 3)

]]></Node>
<StgValue><ssdm name="tmp_9"/></StgValue>
</operation>

<operation id="16" st_id="1" stage="1" lat="1">
<core>LogicGate</core>
<MemPortIdVec></MemPortIdVec>
<condition id="-1">
<or_exp><and_exp></and_exp></or_exp>
</condition>

<Node id="19" bw="8" op_0_bw="8" op_1_bw="8">
<![CDATA[
:14  %xor_ln266_1 = xor i8 %tmp_7, %tmp_6

]]></Node>
<StgValue><ssdm name="xor_ln266_1"/></StgValue>
</operation>

<operation id="17" st_id="1" stage="1" lat="1">
<core>LogicGate</core>
<MemPortIdVec></MemPortIdVec>
<condition id="-1">
<or_exp><and_exp></and_exp></or_exp>
</condition>

<Node id="20" bw="8" op_0_bw="8" op_1_bw="8">
<![CDATA[
:15  %xor_ln266_2 = xor i8 %tmp_3, %tmp_9

]]></Node>
<StgValue><ssdm name="xor_ln266_2"/></StgValue>
</operation>

<operation id="18" st_id="1" stage="1" lat="1">
<core>LogicGate</core>
<MemPortIdVec></MemPortIdVec>
<condition id="-1">
<or_exp><and_exp></and_exp></or_exp>
</condition>

<Node id="21" bw="8" op_0_bw="8" op_1_bw="8">
<![CDATA[
:16  %xor_ln266 = xor i8 %xor_ln266_2, %xor_ln266_1

]]></Node>
<StgValue><ssdm name="xor_ln266"/></StgValue>
</operation>

<operation id="19" st_id="1" stage="1" lat="1">
<core></core>
<MemPortIdVec></MemPortIdVec>
<condition id="-1">
<or_exp><and_exp></and_exp></or_exp>
</condition>

<Node id="22" bw="8" op_0_bw="8" op_1_bw="8" op_2_bw="3">
<![CDATA[
:17  %tmp_s = call fastcc zeroext i8 @galois_multiplicatio(i8 zeroext %column_2_read_1, i3 zeroext 2)

]]></Node>
<StgValue><ssdm name="tmp_s"/></StgValue>
</operation>

<operation id="20" st_id="1" stage="1" lat="1">
<core></core>
<MemPortIdVec></MemPortIdVec>
<condition id="-1">
<or_exp><and_exp></and_exp></or_exp>
</condition>

<Node id="23" bw="8" op_0_bw="8" op_1_bw="8" op_2_bw="3">
<![CDATA[
:18  %tmp_1 = call fastcc zeroext i8 @galois_multiplicatio(i8 zeroext %column_1_read_1, i3 zeroext 1)

]]></Node>
<StgValue><ssdm name="tmp_1"/></StgValue>
</operation>

<operation id="21" st_id="1" stage="1" lat="1">
<core></core>
<MemPortIdVec></MemPortIdVec>
<condition id="-1">
<or_exp><and_exp></and_exp></or_exp>
</condition>

<Node id="24" bw="8" op_0_bw="8" op_1_bw="8" op_2_bw="3">
<![CDATA[
:19  %tmp_2 = call fastcc zeroext i8 @galois_multiplicatio(i8 zeroext %column_3_read_1, i3 zeroext 3)

]]></Node>
<StgValue><ssdm name="tmp_2"/></StgValue>
</operation>

<operation id="22" st_id="1" stage="1" lat="1">
<core>LogicGate</core>
<MemPortIdVec></MemPortIdVec>
<condition id="-1">
<or_exp><and_exp></and_exp></or_exp>
</condition>

<Node id="25" bw="8" op_0_bw="8" op_1_bw="8">
<![CDATA[
:20  %xor_ln271_1 = xor i8 %tmp_1, %tmp_s

]]></Node>
<StgValue><ssdm name="xor_ln271_1"/></StgValue>
</operation>

<operation id="23" st_id="1" stage="1" lat="1">
<core>LogicGate</core>
<MemPortIdVec></MemPortIdVec>
<condition id="-1">
<or_exp><and_exp></and_exp></or_exp>
</condition>

<Node id="26" bw="8" op_0_bw="8" op_1_bw="8">
<![CDATA[
:21  %xor_ln271_2 = xor i8 %tmp_7, %tmp_2

]]></Node>
<StgValue><ssdm name="xor_ln271_2"/></StgValue>
</operation>

<operation id="24" st_id="1" stage="1" lat="1">
<core>LogicGate</core>
<MemPortIdVec></MemPortIdVec>
<condition id="-1">
<or_exp><and_exp></and_exp></or_exp>
</condition>

<Node id="27" bw="8" op_0_bw="8" op_1_bw="8">
<![CDATA[
:22  %xor_ln271 = xor i8 %xor_ln271_2, %xor_ln271_1

]]></Node>
<StgValue><ssdm name="xor_ln271"/></StgValue>
</operation>

<operation id="25" st_id="1" stage="1" lat="1">
<core></core>
<MemPortIdVec></MemPortIdVec>
<condition id="-1">
<or_exp><and_exp></and_exp></or_exp>
</condition>

<Node id="28" bw="8" op_0_bw="8" op_1_bw="8" op_2_bw="3">
<![CDATA[
:23  %tmp_8 = call fastcc zeroext i8 @galois_multiplicatio(i8 zeroext %column_3_read_1, i3 zeroext 2)

]]></Node>
<StgValue><ssdm name="tmp_8"/></StgValue>
</operation>

<operation id="26" st_id="1" stage="1" lat="1">
<core></core>
<MemPortIdVec></MemPortIdVec>
<condition id="-1">
<or_exp><and_exp></and_exp></or_exp>
</condition>

<Node id="29" bw="8" op_0_bw="8" op_1_bw="8" op_2_bw="3">
<![CDATA[
:24  %tmp_10 = call fastcc zeroext i8 @galois_multiplicatio(i8 zeroext %column_0_read_1, i3 zeroext 3)

]]></Node>
<StgValue><ssdm name="tmp_10"/></StgValue>
</operation>

<operation id="27" st_id="1" stage="1" lat="1">
<core>LogicGate</core>
<MemPortIdVec></MemPortIdVec>
<condition id="-1">
<or_exp><and_exp></and_exp></or_exp>
</condition>

<Node id="30" bw="8" op_0_bw="8" op_1_bw="8">
<![CDATA[
:25  %xor_ln276_1 = xor i8 %tmp_4, %tmp_8

]]></Node>
<StgValue><ssdm name="xor_ln276_1"/></StgValue>
</operation>

<operation id="28" st_id="1" stage="1" lat="1">
<core>LogicGate</core>
<MemPortIdVec></MemPortIdVec>
<condition id="-1">
<or_exp><and_exp></and_exp></or_exp>
</condition>

<Node id="31" bw="8" op_0_bw="8" op_1_bw="8">
<![CDATA[
:26  %xor_ln276_2 = xor i8 %tmp_1, %tmp_10

]]></Node>
<StgValue><ssdm name="xor_ln276_2"/></StgValue>
</operation>

<operation id="29" st_id="1" stage="1" lat="1">
<core>LogicGate</core>
<MemPortIdVec></MemPortIdVec>
<condition id="-1">
<or_exp><and_exp></and_exp></or_exp>
</condition>

<Node id="32" bw="8" op_0_bw="8" op_1_bw="8">
<![CDATA[
:27  %xor_ln276 = xor i8 %xor_ln276_2, %xor_ln276_1

]]></Node>
<StgValue><ssdm name="xor_ln276"/></StgValue>
</operation>

<operation id="30" st_id="1" stage="1" lat="1">
<core>NULL</core>
<MemPortIdVec></MemPortIdVec>
<condition id="-1">
<or_exp><and_exp></and_exp></or_exp>
</condition>

<Node id="33" bw="32" op_0_bw="32" op_1_bw="8">
<![CDATA[
:28  %mrv = insertvalue { i8, i8, i8, i8 } undef, i8 %xor_ln261, 0

]]></Node>
<StgValue><ssdm name="mrv"/></StgValue>
</operation>

<operation id="31" st_id="1" stage="1" lat="1">
<core>NULL</core>
<MemPortIdVec></MemPortIdVec>
<condition id="-1">
<or_exp><and_exp></and_exp></or_exp>
</condition>

<Node id="34" bw="32" op_0_bw="32" op_1_bw="8">
<![CDATA[
:29  %mrv_1 = insertvalue { i8, i8, i8, i8 } %mrv, i8 %xor_ln266, 1

]]></Node>
<StgValue><ssdm name="mrv_1"/></StgValue>
</operation>

<operation id="32" st_id="1" stage="1" lat="1">
<core>NULL</core>
<MemPortIdVec></MemPortIdVec>
<condition id="-1">
<or_exp><and_exp></and_exp></or_exp>
</condition>

<Node id="35" bw="32" op_0_bw="32" op_1_bw="8">
<![CDATA[
:30  %mrv_2 = insertvalue { i8, i8, i8, i8 } %mrv_1, i8 %xor_ln271, 2

]]></Node>
<StgValue><ssdm name="mrv_2"/></StgValue>
</operation>

<operation id="33" st_id="1" stage="1" lat="1">
<core>NULL</core>
<MemPortIdVec></MemPortIdVec>
<condition id="-1">
<or_exp><and_exp></and_exp></or_exp>
</condition>

<Node id="36" bw="32" op_0_bw="32" op_1_bw="8">
<![CDATA[
:31  %mrv_3 = insertvalue { i8, i8, i8, i8 } %mrv_2, i8 %xor_ln276, 3

]]></Node>
<StgValue><ssdm name="mrv_3"/></StgValue>
</operation>

<operation id="34" st_id="1" stage="1" lat="1">
<core>NULL</core>
<MemPortIdVec></MemPortIdVec>
<condition id="-1">
<or_exp><and_exp></and_exp></or_exp>
</condition>

<Node id="37" bw="0" op_0_bw="32">
<![CDATA[
:32  ret { i8, i8, i8, i8 } %mrv_3

]]></Node>
<StgValue><ssdm name="ret_ln277"/></StgValue>
</operation>
</state>
</state_list>


<ports>
<port id="36" name="column_0_read" dir="0" iftype="0">
<core>NULL</core><StgValue><ssdm name="column_0_read"/></StgValue>
</port>
<port id="37" name="column_1_read" dir="0" iftype="0">
<core>NULL</core><StgValue><ssdm name="column_1_read"/></StgValue>
</port>
<port id="38" name="column_2_read" dir="0" iftype="0">
<core>NULL</core><StgValue><ssdm name="column_2_read"/></StgValue>
</port>
<port id="39" name="column_3_read" dir="0" iftype="0">
<core>NULL</core><StgValue><ssdm name="column_3_read"/></StgValue>
</port>
</ports>


<dataflows>
<dataflow id="41" from="_ssdm_op_Read.ap_auto.i8" to="column_3_read_1" fromId="40" toId="2">
</dataflow>
<dataflow id="42" from="column_3_read" to="column_3_read_1" fromId="39" toId="2">
</dataflow>
<dataflow id="43" from="_ssdm_op_Read.ap_auto.i8" to="column_2_read_1" fromId="40" toId="3">
</dataflow>
<dataflow id="44" from="column_2_read" to="column_2_read_1" fromId="38" toId="3">
</dataflow>
<dataflow id="45" from="_ssdm_op_Read.ap_auto.i8" to="column_1_read_1" fromId="40" toId="4">
</dataflow>
<dataflow id="46" from="column_1_read" to="column_1_read_1" fromId="37" toId="4">
</dataflow>
<dataflow id="47" from="_ssdm_op_Read.ap_auto.i8" to="column_0_read_1" fromId="40" toId="5">
</dataflow>
<dataflow id="48" from="column_0_read" to="column_0_read_1" fromId="36" toId="5">
</dataflow>
<dataflow id="50" from="galois_multiplicatio" to="tmp" fromId="49" toId="6">
</dataflow>
<dataflow id="51" from="column_0_read_1" to="tmp" fromId="5" toId="6">
</dataflow>
<dataflow id="53" from="StgValue_52" to="tmp" fromId="52" toId="6">
</dataflow>
<dataflow id="54" from="galois_multiplicatio" to="tmp_3" fromId="49" toId="7">
</dataflow>
<dataflow id="55" from="column_3_read_1" to="tmp_3" fromId="2" toId="7">
</dataflow>
<dataflow id="57" from="StgValue_56" to="tmp_3" fromId="56" toId="7">
</dataflow>
<dataflow id="58" from="galois_multiplicatio" to="tmp_4" fromId="49" toId="8">
</dataflow>
<dataflow id="59" from="column_2_read_1" to="tmp_4" fromId="3" toId="8">
</dataflow>
<dataflow id="60" from="StgValue_56" to="tmp_4" fromId="56" toId="8">
</dataflow>
<dataflow id="61" from="galois_multiplicatio" to="tmp_5" fromId="49" toId="9">
</dataflow>
<dataflow id="62" from="column_1_read_1" to="tmp_5" fromId="4" toId="9">
</dataflow>
<dataflow id="64" from="StgValue_63" to="tmp_5" fromId="63" toId="9">
</dataflow>
<dataflow id="65" from="tmp_3" to="xor_ln261_1" fromId="7" toId="10">
</dataflow>
<dataflow id="66" from="tmp" to="xor_ln261_1" fromId="6" toId="10">
</dataflow>
<dataflow id="67" from="tmp_4" to="xor_ln261_2" fromId="8" toId="11">
</dataflow>
<dataflow id="68" from="tmp_5" to="xor_ln261_2" fromId="9" toId="11">
</dataflow>
<dataflow id="69" from="xor_ln261_2" to="xor_ln261" fromId="11" toId="12">
</dataflow>
<dataflow id="70" from="xor_ln261_1" to="xor_ln261" fromId="10" toId="12">
</dataflow>
<dataflow id="71" from="galois_multiplicatio" to="tmp_6" fromId="49" toId="13">
</dataflow>
<dataflow id="72" from="column_1_read_1" to="tmp_6" fromId="4" toId="13">
</dataflow>
<dataflow id="73" from="StgValue_52" to="tmp_6" fromId="52" toId="13">
</dataflow>
<dataflow id="74" from="galois_multiplicatio" to="tmp_7" fromId="49" toId="14">
</dataflow>
<dataflow id="75" from="column_0_read_1" to="tmp_7" fromId="5" toId="14">
</dataflow>
<dataflow id="76" from="StgValue_56" to="tmp_7" fromId="56" toId="14">
</dataflow>
<dataflow id="77" from="galois_multiplicatio" to="tmp_9" fromId="49" toId="15">
</dataflow>
<dataflow id="78" from="column_2_read_1" to="tmp_9" fromId="3" toId="15">
</dataflow>
<dataflow id="79" from="StgValue_63" to="tmp_9" fromId="63" toId="15">
</dataflow>
<dataflow id="80" from="tmp_7" to="xor_ln266_1" fromId="14" toId="16">
</dataflow>
<dataflow id="81" from="tmp_6" to="xor_ln266_1" fromId="13" toId="16">
</dataflow>
<dataflow id="82" from="tmp_3" to="xor_ln266_2" fromId="7" toId="17">
</dataflow>
<dataflow id="83" from="tmp_9" to="xor_ln266_2" fromId="15" toId="17">
</dataflow>
<dataflow id="84" from="xor_ln266_2" to="xor_ln266" fromId="17" toId="18">
</dataflow>
<dataflow id="85" from="xor_ln266_1" to="xor_ln266" fromId="16" toId="18">
</dataflow>
<dataflow id="86" from="galois_multiplicatio" to="tmp_s" fromId="49" toId="19">
</dataflow>
<dataflow id="87" from="column_2_read_1" to="tmp_s" fromId="3" toId="19">
</dataflow>
<dataflow id="88" from="StgValue_52" to="tmp_s" fromId="52" toId="19">
</dataflow>
<dataflow id="89" from="galois_multiplicatio" to="tmp_1" fromId="49" toId="20">
</dataflow>
<dataflow id="90" from="column_1_read_1" to="tmp_1" fromId="4" toId="20">
</dataflow>
<dataflow id="91" from="StgValue_56" to="tmp_1" fromId="56" toId="20">
</dataflow>
<dataflow id="92" from="galois_multiplicatio" to="tmp_2" fromId="49" toId="21">
</dataflow>
<dataflow id="93" from="column_3_read_1" to="tmp_2" fromId="2" toId="21">
</dataflow>
<dataflow id="94" from="StgValue_63" to="tmp_2" fromId="63" toId="21">
</dataflow>
<dataflow id="95" from="tmp_1" to="xor_ln271_1" fromId="20" toId="22">
</dataflow>
<dataflow id="96" from="tmp_s" to="xor_ln271_1" fromId="19" toId="22">
</dataflow>
<dataflow id="97" from="tmp_7" to="xor_ln271_2" fromId="14" toId="23">
</dataflow>
<dataflow id="98" from="tmp_2" to="xor_ln271_2" fromId="21" toId="23">
</dataflow>
<dataflow id="99" from="xor_ln271_2" to="xor_ln271" fromId="23" toId="24">
</dataflow>
<dataflow id="100" from="xor_ln271_1" to="xor_ln271" fromId="22" toId="24">
</dataflow>
<dataflow id="101" from="galois_multiplicatio" to="tmp_8" fromId="49" toId="25">
</dataflow>
<dataflow id="102" from="column_3_read_1" to="tmp_8" fromId="2" toId="25">
</dataflow>
<dataflow id="103" from="StgValue_52" to="tmp_8" fromId="52" toId="25">
</dataflow>
<dataflow id="104" from="galois_multiplicatio" to="tmp_10" fromId="49" toId="26">
</dataflow>
<dataflow id="105" from="column_0_read_1" to="tmp_10" fromId="5" toId="26">
</dataflow>
<dataflow id="106" from="StgValue_63" to="tmp_10" fromId="63" toId="26">
</dataflow>
<dataflow id="107" from="tmp_4" to="xor_ln276_1" fromId="8" toId="27">
</dataflow>
<dataflow id="108" from="tmp_8" to="xor_ln276_1" fromId="25" toId="27">
</dataflow>
<dataflow id="109" from="tmp_1" to="xor_ln276_2" fromId="20" toId="28">
</dataflow>
<dataflow id="110" from="tmp_10" to="xor_ln276_2" fromId="26" toId="28">
</dataflow>
<dataflow id="111" from="xor_ln276_2" to="xor_ln276" fromId="28" toId="29">
</dataflow>
<dataflow id="112" from="xor_ln276_1" to="xor_ln276" fromId="27" toId="29">
</dataflow>
<dataflow id="114" from="StgValue_113" to="mrv" fromId="113" toId="30">
</dataflow>
<dataflow id="115" from="xor_ln261" to="mrv" fromId="12" toId="30">
</dataflow>
<dataflow id="116" from="mrv" to="mrv_1" fromId="30" toId="31">
</dataflow>
<dataflow id="117" from="xor_ln266" to="mrv_1" fromId="18" toId="31">
</dataflow>
<dataflow id="118" from="mrv_1" to="mrv_2" fromId="31" toId="32">
</dataflow>
<dataflow id="119" from="xor_ln271" to="mrv_2" fromId="24" toId="32">
</dataflow>
<dataflow id="120" from="mrv_2" to="mrv_3" fromId="32" toId="33">
</dataflow>
<dataflow id="121" from="xor_ln276" to="mrv_3" fromId="29" toId="33">
</dataflow>
<dataflow id="122" from="mrv_3" to="ret_ln277" fromId="33" toId="34">
</dataflow>
</dataflows>


</stg>
