<?xml version="1.0" encoding="utf-8"?>
<Messages>
	<Message severity="INFO" prefix="[SCHED 204-61]" key="SCHED_PIPELINING_STATUS_631" tag="SCHEDULE" content="Option &apos;relax_ii_for_timing&apos; is enabled, will increase II to preserve clock frequency constraints."/>
	<Message severity="INFO" prefix="[HLS 200-10]" key="HLS_10_1312" tag="" content="Analyzing design file &apos;helper.cpp&apos; ..."/>
	<Message severity="INFO" prefix="[HLS 200-10]" key="HLS_10_1312" tag="" content="Analyzing design file &apos;decrypt.cpp&apos; ..."/>
	<Message severity="INFO" prefix="[HLS 200-111]" key="HLS_111_965" tag="" content="Finished Linking Time (s): cpu = 00:00:09 ; elapsed = 00:00:10 . Memory (MB): peak = 1168.148 ; gain = 530.125 ; free physical = 5690 ; free virtual = 14401"/>
	<Message severity="INFO" prefix="[HLS 200-111]" key="HLS_111_965" tag="" content="Finished Checking Pragmas Time (s): cpu = 00:00:09 ; elapsed = 00:00:10 . Memory (MB): peak = 1168.148 ; gain = 530.125 ; free physical = 5690 ; free virtual = 14401"/>
	<Message severity="INFO" prefix="[HLS 200-10]" key="HLS_10_1467" tag="" content="Starting code transformations ..."/>
	<Message severity="INFO" prefix="[HLS 200-111]" key="HLS_111_965" tag="" content="Finished Standard Transforms Time (s): cpu = 00:00:09 ; elapsed = 00:00:11 . Memory (MB): peak = 1168.148 ; gain = 530.125 ; free physical = 5690 ; free virtual = 14401"/>
	<Message severity="INFO" prefix="[HLS 200-10]" key="HLS_10_1472" tag="" content="Checking synthesizability ..."/>
	<Message severity="INFO" prefix="[XFORM 203-602]" key="XFORM_AUTO_INLINE_STATUS_223" tag="" content="Inlining function &apos;rotate&apos; into &apos;core&apos; (helper.cpp:105) automatically."/>
	<Message severity="INFO" prefix="[XFORM 203-602]" key="XFORM_AUTO_INLINE_STATUS_223" tag="" content="Inlining function &apos;getSBoxValue&apos; into &apos;core&apos; (helper.cpp:110) automatically."/>
	<Message severity="INFO" prefix="[XFORM 203-602]" key="XFORM_AUTO_INLINE_STATUS_223" tag="" content="Inlining function &apos;getRconValue&apos; into &apos;core&apos; (helper.cpp:114) automatically."/>
	<Message severity="INFO" prefix="[XFORM 203-602]" key="XFORM_AUTO_INLINE_STATUS_223" tag="" content="Inlining function &apos;core&apos; into &apos;expandKey&apos; (helper.cpp:149) automatically."/>
	<Message severity="INFO" prefix="[XFORM 203-602]" key="XFORM_AUTO_INLINE_STATUS_223" tag="" content="Inlining function &apos;getSBoxInvert&apos; into &apos;invSubBytes&apos; (helper.cpp:325) automatically."/>
	<Message severity="INFO" prefix="[XFORM 203-602]" key="XFORM_AUTO_INLINE_STATUS_223" tag="" content="Inlining function &apos;invShiftRows&apos; into &apos;aes_invRound&apos; (decrypt.cpp:18) automatically."/>
	<Message severity="INFO" prefix="[XFORM 203-602]" key="XFORM_AUTO_INLINE_STATUS_223" tag="" content="Inlining function &apos;invSubBytes&apos; into &apos;aes_invRound&apos; (decrypt.cpp:19) automatically."/>
	<Message severity="INFO" prefix="[XFORM 203-602]" key="XFORM_AUTO_INLINE_STATUS_223" tag="" content="Inlining function &apos;addRoundKey&apos; into &apos;aes_invRound&apos; (decrypt.cpp:20) automatically."/>
	<Message severity="INFO" prefix="[XFORM 203-602]" key="XFORM_AUTO_INLINE_STATUS_223" tag="" content="Inlining function &apos;addRoundKey&apos; into &apos;aes_invMain&apos; (decrypt.cpp:32) automatically."/>
	<Message severity="INFO" prefix="[XFORM 203-602]" key="XFORM_AUTO_INLINE_STATUS_223" tag="" content="Inlining function &apos;invShiftRows&apos; into &apos;aes_invMain&apos; (decrypt.cpp:42) automatically."/>
	<Message severity="INFO" prefix="[XFORM 203-602]" key="XFORM_AUTO_INLINE_STATUS_223" tag="" content="Inlining function &apos;invSubBytes&apos; into &apos;aes_invMain&apos; (decrypt.cpp:43) automatically."/>
	<Message severity="INFO" prefix="[HLS 200-111]" key="HLS_111_965" tag="" content="Finished Checking Synthesizability Time (s): cpu = 00:00:09 ; elapsed = 00:00:11 . Memory (MB): peak = 1168.148 ; gain = 530.125 ; free physical = 5690 ; free virtual = 14401"/>
	<Message severity="INFO" prefix="[XFORM 203-502]" key="XFORM_AUTO_UNROLL_STATUS_250" tag="" content="Unrolling all loops for pipelining in function &apos;galois_multiplication&apos; (helper.cpp:232)."/>
	<Message severity="INFO" prefix="[XFORM 203-502]" key="XFORM_AUTO_UNROLL_STATUS_250" tag="" content="Unrolling all loops for pipelining in function &apos;invMixColumns&apos; (helper.cpp:411)."/>
	<Message severity="INFO" prefix="[XFORM 203-502]" key="XFORM_AUTO_UNROLL_STATUS_250" tag="" content="Unrolling all loops for pipelining in function &apos;invMixColumn&apos; (helper.cpp:384)."/>
	<Message severity="INFO" prefix="[XFORM 203-502]" key="XFORM_AUTO_UNROLL_STATUS_250" tag="" content="Unrolling all loops for pipelining in function &apos;invSubBytes&apos; (helper.cpp:317)."/>
	<Message severity="INFO" prefix="[XFORM 203-502]" key="XFORM_AUTO_UNROLL_STATUS_250" tag="" content="Unrolling all loops for pipelining in function &apos;addRoundKey&apos; (helper.cpp:226)."/>
	<Message severity="INFO" prefix="[XFORM 203-502]" key="XFORM_AUTO_UNROLL_STATUS_250" tag="" content="Unrolling all loops for pipelining in function &apos;createRoundKey&apos; (helper.cpp:304)."/>
	<Message severity="INFO" prefix="[XFORM 203-502]" key="XFORM_AUTO_UNROLL_STATUS_246" tag="" content="Unrolling all sub-loops inside loop &apos;EX_WHILE&apos; (helper.cpp:137) in function &apos;expandKey&apos; for pipelining."/>
	<Message severity="INFO" prefix="[XFORM 203-502]" key="XFORM_AUTO_UNROLL_STATUS_250" tag="" content="Unrolling all loops for pipelining in function &apos;core&apos; (helper.cpp:100)."/>
	<Message severity="INFO" prefix="[XFORM 203-502]" key="XFORM_AUTO_UNROLL_STATUS_250" tag="" content="Unrolling all loops for pipelining in function &apos;rotate&apos; (helper.cpp:85)."/>
	<Message severity="INFO" prefix="[HLS 200-489]" key="HLS 200-489" tag="" content="Unrolling loop &apos;Loop-1&apos; (helper.cpp:237) in function &apos;galois_multiplication&apos; completely with a factor of 8."/>
	<Message severity="INFO" prefix="[HLS 200-489]" key="HLS 200-489" tag="" content="Unrolling loop &apos;Loop-1&apos; (helper.cpp:417) in function &apos;invMixColumns&apos; completely with a factor of 4."/>
	<Message severity="INFO" prefix="[HLS 200-489]" key="HLS 200-489" tag="" content="Unrolling loop &apos;Loop-1.1&apos; (helper.cpp:420) in function &apos;invMixColumns&apos; completely with a factor of 4."/>
	<Message severity="INFO" prefix="[HLS 200-489]" key="HLS 200-489" tag="" content="Unrolling loop &apos;Loop-1.2&apos; (helper.cpp:429) in function &apos;invMixColumns&apos; completely with a factor of 4."/>
	<Message severity="INFO" prefix="[HLS 200-489]" key="HLS 200-489" tag="" content="Unrolling loop &apos;Loop-1&apos; (helper.cpp:388) in function &apos;invMixColumn&apos; completely with a factor of 4."/>
	<Message severity="INFO" prefix="[HLS 200-489]" key="HLS 200-489" tag="" content="Unrolling loop &apos;Loop-1&apos; (helper.cpp:323) in function &apos;invSubBytes&apos; completely with a factor of 16."/>
	<Message severity="INFO" prefix="[HLS 200-489]" key="HLS 200-489" tag="" content="Unrolling loop &apos;Loop-1&apos; (helper.cpp:229) in function &apos;addRoundKey&apos; completely with a factor of 16."/>
	<Message severity="INFO" prefix="[HLS 200-489]" key="HLS 200-489" tag="" content="Unrolling loop &apos;Loop-1&apos; (helper.cpp:308) in function &apos;createRoundKey&apos; completely with a factor of 4."/>
	<Message severity="INFO" prefix="[HLS 200-489]" key="HLS 200-489" tag="" content="Unrolling loop &apos;Loop-1.1&apos; (helper.cpp:311) in function &apos;createRoundKey&apos; completely with a factor of 4."/>
	<Message severity="INFO" prefix="[HLS 200-489]" key="HLS 200-489" tag="" content="Unrolling loop &apos;EX_K_LOOP1&apos; (helper.cpp:132) in function &apos;expandKey&apos; completely with a factor of 16."/>
	<Message severity="INFO" prefix="[HLS 200-489]" key="HLS 200-489" tag="" content="Unrolling loop &apos;EX_INNER1&apos; (helper.cpp:141) in function &apos;expandKey&apos; completely with a factor of 4."/>
	<Message severity="INFO" prefix="[HLS 200-489]" key="HLS 200-489" tag="" content="Unrolling loop &apos;EX_INNER3&apos; (helper.cpp:163) in function &apos;expandKey&apos; completely with a factor of 4."/>
	<Message severity="INFO" prefix="[HLS 200-489]" key="HLS 200-489" tag="" content="Unrolling loop &apos;Loop-1&apos; (helper.cpp:108) in function &apos;core&apos; completely with a factor of 4."/>
	<Message severity="INFO" prefix="[HLS 200-489]" key="HLS 200-489" tag="" content="Unrolling loop &apos;Loop-1&apos; (helper.cpp:91) in function &apos;rotate&apos; completely with a factor of 3."/>
	<Message severity="INFO" prefix="[XFORM 203-102]" key="XFORM_AUTO_PARTITION_STATUS_120" tag="" content="Partitioning array &apos;cpy&apos; (helper.cpp:386) automatically."/>
	<Message severity="INFO" prefix="[XFORM 203-102]" key="XFORM_AUTO_PARTITION_STATUS_120" tag="" content="Partitioning array &apos;column&apos; (helper.cpp:414) automatically."/>
	<Message severity="INFO" prefix="[XFORM 203-101]" key="XFORM_PARTITION_STATUS_116" tag="" content="Partitioning array &apos;input&apos; (decrypt.cpp:8) in dimension 1 completely."/>
	<Message severity="INFO" prefix="[XFORM 203-101]" key="XFORM_PARTITION_STATUS_116" tag="" content="Partitioning array &apos;key&apos; (decrypt.cpp:10) in dimension 1 completely."/>
	<Message severity="INFO" prefix="[XFORM 203-101]" key="XFORM_PARTITION_STATUS_116" tag="" content="Partitioning array &apos;output&apos; (decrypt.cpp:9) in dimension 1 completely."/>
	<Message severity="INFO" prefix="[XFORM 203-101]" key="XFORM_PARTITION_STATUS_109" tag="" content="Partitioning array &apos;expandedKey&apos; (decrypt.cpp:57) in dimension 1 with a cyclic factor 4."/>
	<Message severity="INFO" prefix="[XFORM 203-101]" key="XFORM_PARTITION_STATUS_116" tag="" content="Partitioning array &apos;block&apos; (decrypt.cpp:61) in dimension 1 completely."/>
	<Message severity="INFO" prefix="[XFORM 203-101]" key="XFORM_PARTITION_STATUS_116" tag="" content="Partitioning array &apos;roundKey&apos; (decrypt.cpp:28) in dimension 1 completely."/>
	<Message severity="INFO" prefix="[XFORM 203-101]" key="XFORM_PARTITION_STATUS_116" tag="" content="Partitioning array &apos;t&apos; (helper.cpp:127) in dimension 1 completely."/>
	<Message severity="INFO" prefix="[XFORM 203-602]" key="XFORM_AUTO_INLINE_STATUS_223" tag="" content="Inlining function &apos;rotate&apos; into &apos;core&apos; (helper.cpp:105) automatically."/>
	<Message severity="INFO" prefix="[XFORM 203-602]" key="XFORM_AUTO_INLINE_STATUS_223" tag="" content="Inlining function &apos;getSBoxValue&apos; into &apos;core&apos; (helper.cpp:110) automatically."/>
	<Message severity="INFO" prefix="[XFORM 203-602]" key="XFORM_AUTO_INLINE_STATUS_223" tag="" content="Inlining function &apos;getRconValue&apos; into &apos;core&apos; (helper.cpp:114) automatically."/>
	<Message severity="INFO" prefix="[XFORM 203-602]" key="XFORM_AUTO_INLINE_STATUS_223" tag="" content="Inlining function &apos;core&apos; into &apos;expandKey&apos; (helper.cpp:149) automatically."/>
	<Message severity="INFO" prefix="[XFORM 203-602]" key="XFORM_AUTO_INLINE_STATUS_223" tag="" content="Inlining function &apos;getSBoxInvert&apos; into &apos;invSubBytes&apos; (helper.cpp:325) automatically."/>
	<Message severity="INFO" prefix="[XFORM 203-602]" key="XFORM_AUTO_INLINE_STATUS_223" tag="" content="Inlining function &apos;invShiftRows&apos; into &apos;aes_invRound&apos; (decrypt.cpp:18) automatically."/>
	<Message severity="INFO" prefix="[XFORM 203-602]" key="XFORM_AUTO_INLINE_STATUS_223" tag="" content="Inlining function &apos;invSubBytes&apos; into &apos;aes_invRound&apos; (decrypt.cpp:19) automatically."/>
	<Message severity="INFO" prefix="[XFORM 203-602]" key="XFORM_AUTO_INLINE_STATUS_223" tag="" content="Inlining function &apos;addRoundKey&apos; into &apos;aes_invRound&apos; (decrypt.cpp:20) automatically."/>
	<Message severity="INFO" prefix="[XFORM 203-602]" key="XFORM_AUTO_INLINE_STATUS_223" tag="" content="Inlining function &apos;invMixColumns&apos; into &apos;aes_invRound&apos; (decrypt.cpp:21) automatically."/>
	<Message severity="INFO" prefix="[XFORM 203-602]" key="XFORM_AUTO_INLINE_STATUS_223" tag="" content="Inlining function &apos;addRoundKey&apos; into &apos;aes_invMain&apos; (decrypt.cpp:32) automatically."/>
	<Message severity="INFO" prefix="[XFORM 203-602]" key="XFORM_AUTO_INLINE_STATUS_223" tag="" content="Inlining function &apos;invShiftRows&apos; into &apos;aes_invMain&apos; (decrypt.cpp:42) automatically."/>
	<Message severity="INFO" prefix="[XFORM 203-602]" key="XFORM_AUTO_INLINE_STATUS_223" tag="" content="Inlining function &apos;invSubBytes&apos; into &apos;aes_invMain&apos; (decrypt.cpp:43) automatically."/>
	<Message severity="INFO" prefix="[XFORM 203-401]" key="XFORM_IFCONV_STATUS_239" tag="" content="Performing if-conversion on hyperblock from (helper.cpp:137:6) to (helper.cpp:168:5) in function &apos;expandKey&apos;... converting 3 basic blocks."/>
	<Message severity="INFO" prefix="[XFORM 203-602]" key="XFORM_AUTO_INLINE_STATUS_223" tag="" content="Inlining function &apos;aes_invRound&apos; into &apos;aes_invMain&apos; (decrypt.cpp:38) automatically."/>
	<Message severity="INFO" prefix="[XFORM 203-11]" key="XFORM_EXPR_BALANCE_STATUS_178" tag="" content="Balancing expressions in function &apos;invMixColumn&apos; (helper.cpp:392:1)...12 expression(s) balanced."/>
	<Message severity="INFO" prefix="[XFORM 203-11]" key="XFORM_EXPR_BALANCE_STATUS_178" tag="" content="Balancing expressions in function &apos;galois_multiplication&apos; (helper.cpp:232)...6 expression(s) balanced."/>
	<Message severity="INFO" prefix="[HLS 200-111]" key="HLS_111_965" tag="" content="Finished Pre-synthesis Time (s): cpu = 00:00:10 ; elapsed = 00:00:11 . Memory (MB): peak = 1168.148 ; gain = 530.125 ; free physical = 5672 ; free virtual = 14384"/>
	<Message severity="WARNING" prefix="[XFORM 203-631]" key="XFORM_FRN_STATUS_336" tag="" content="Renaming function &apos;galois_multiplication&apos; to &apos;galois_multiplicatio&apos; (helper.cpp:239:3)"/>
	<Message severity="INFO" prefix="[HLS 200-472]" key="HLS 200-472" tag="" content="Inferring partial write operation for &apos;expandedKey[0]&apos; (helper.cpp:133:7)"/>
	<Message severity="INFO" prefix="[HLS 200-472]" key="HLS 200-472" tag="" content="Inferring partial write operation for &apos;expandedKey[0]&apos; (helper.cpp:165:9)"/>
	<Message severity="INFO" prefix="[HLS 200-111]" key="HLS_111_965" tag="" content="Finished Architecture Synthesis Time (s): cpu = 00:00:10 ; elapsed = 00:00:12 . Memory (MB): peak = 1168.148 ; gain = 530.125 ; free physical = 5623 ; free virtual = 14335"/>
	<Message severity="INFO" prefix="[HLS 200-10]" key="HLS_10_1317" tag="" content="Starting hardware synthesis ..."/>
	<Message severity="INFO" prefix="[HLS 200-10]" key="HLS_10_1385" tag="" content="Synthesizing &apos;decrypt_dut&apos; ..."/>
	<Message severity="INFO" prefix="[HLS 200-10]" key="HLS_10_1477" tag="" content="----------------------------------------------------------------"/>
	<Message severity="INFO" prefix="[HLS 200-42]" key="HLS_42_1438" tag="" content="-- Implementing module &apos;expandKey&apos;"/>
	<Message severity="INFO" prefix="[HLS 200-10]" key="HLS_10_1478" tag="" content="----------------------------------------------------------------"/>
	<Message severity="INFO" prefix="[SCHED 204-11]" key="SCHED_SCHED_STATUS_597" tag="" content="Starting scheduling ..."/>
	<Message severity="INFO" prefix="[SCHED 204-61]" key="SCHED_PIPELINING_STATUS_41" tag="" content="Pipelining loop &apos;EX_WHILE&apos;."/>
	<Message severity="WARNING" prefix="[SCHED 204-68]" key="SCHED_CARRIED_CONSTRAINT_NOT_MET_32" tag="LOOP,SDX_LOOP,SCHEDULE" content="The II Violation in module &apos;expandKey&apos; (Loop: EX_WHILE): Unable to enforce a carried dependence constraint (II = 1, distance = 1, offset = 1)
   between &apos;store&apos; operation (&apos;expandedKey_0_addr_6_write_ln165&apos;, helper.cpp:165) of variable &apos;xor_ln165&apos;, helper.cpp:165 on array &apos;expandedKey_0&apos; and &apos;load&apos; operation (&apos;t[0]&apos;, helper.cpp:142) on array &apos;expandedKey_0&apos;."/>
	<Message severity="WARNING" prefix="[SCHED 204-68]" key="SCHED_CARRIED_CONSTRAINT_NOT_MET_32" tag="LOOP,SDX_LOOP,SCHEDULE" content="The II Violation in module &apos;expandKey&apos; (Loop: EX_WHILE): Unable to enforce a carried dependence constraint (II = 2, distance = 1, offset = 1)
   between &apos;store&apos; operation (&apos;expandedKey_3_addr_6_write_ln165&apos;, helper.cpp:165) of variable &apos;xor_ln165_3&apos;, helper.cpp:165 on array &apos;expandedKey_3&apos; and &apos;load&apos; operation (&apos;t[3]&apos;, helper.cpp:142) on array &apos;expandedKey_3&apos;."/>
	<Message severity="WARNING" prefix="[SCHED 204-69]" key="SCHED_RESOURCE_CONSTRAINT_NOT_MET_38" tag="SDX_KERNEL,SCHEDULE" content="Unable to schedule &apos;load&apos; operation (&apos;t[1]&apos;, helper.cpp:46-&gt;helper.cpp:110-&gt;helper.cpp:149) on array &apos;sbox&apos; due to limited memory ports. Please consider using a memory core with more ports or partitioning the array &apos;sbox&apos;."/>
	<Message severity="INFO" prefix="[SCHED 204-61]" key="SCHED_PIPELINING_STATUS_44" tag="" content="Pipelining result : Target II = 1, Final II = 4, Depth = 6."/>
	<Message severity="INFO" prefix="[SCHED 204-11]" key="SCHED_SCHED_STATUS_596" tag="" content="Finished scheduling."/>
	<Message severity="INFO" prefix="[HLS 200-111]" key="HLS_111_966" tag="" content=" Elapsed time: 11.99 seconds; current allocated memory: 181.572 MB."/>
	<Message severity="INFO" prefix="[BIND 205-100]" key="BIND_100_926" tag="" content="Starting micro-architecture generation ..."/>
	<Message severity="INFO" prefix="[BIND 205-101]" key="BIND_101_698" tag="" content="Performing variable lifetime analysis."/>
	<Message severity="INFO" prefix="[BIND 205-101]" key="BIND_101_697" tag="" content="Exploring resource sharing."/>
	<Message severity="INFO" prefix="[BIND 205-101]" key="BIND_101_693" tag="" content="Binding ..."/>
	<Message severity="INFO" prefix="[BIND 205-100]" key="BIND_100_925" tag="" content="Finished micro-architecture generation."/>
	<Message severity="INFO" prefix="[HLS 200-111]" key="HLS_111_966" tag="" content=" Elapsed time: 0.07 seconds; current allocated memory: 182.180 MB."/>
	<Message severity="INFO" prefix="[HLS 200-10]" key="HLS_10_1477" tag="" content="----------------------------------------------------------------"/>
	<Message severity="INFO" prefix="[HLS 200-42]" key="HLS_42_1438" tag="" content="-- Implementing module &apos;createRoundKey&apos;"/>
	<Message severity="INFO" prefix="[HLS 200-10]" key="HLS_10_1478" tag="" content="----------------------------------------------------------------"/>
	<Message severity="INFO" prefix="[SCHED 204-11]" key="SCHED_SCHED_STATUS_597" tag="" content="Starting scheduling ..."/>
	<Message severity="INFO" prefix="[SCHED 204-61]" key="SCHED_PIPELINING_STATUS_46" tag="" content="Pipelining function &apos;createRoundKey&apos;."/>
	<Message severity="WARNING" prefix="[SCHED 204-69]" key="SCHED_RESOURCE_CONSTRAINT_NOT_MET_38" tag="SDX_KERNEL,SCHEDULE" content="Unable to schedule &apos;load&apos; operation (&apos;expandedKey_2_load_3&apos;, helper.cpp:312) on array &apos;expandedKey_2&apos; due to limited memory ports. Please consider using a memory core with more ports or partitioning the array &apos;expandedKey_2&apos;."/>
	<Message severity="WARNING" prefix="[SCHED 204-69]" key="SCHED_RESOURCE_CONSTRAINT_NOT_MET_38" tag="SDX_KERNEL,SCHEDULE" content="Unable to schedule &apos;load&apos; operation (&apos;expandedKey_0_load_5&apos;, helper.cpp:312) on array &apos;expandedKey_0&apos; due to limited memory ports. Please consider using a memory core with more ports or partitioning the array &apos;expandedKey_0&apos;."/>
	<Message severity="INFO" prefix="[SCHED 204-61]" key="SCHED_PIPELINING_STATUS_44" tag="" content="Pipelining result : Target II = 1, Final II = 8, Depth = 9."/>
	<Message severity="INFO" prefix="[SCHED 204-11]" key="SCHED_SCHED_STATUS_596" tag="" content="Finished scheduling."/>
	<Message severity="INFO" prefix="[HLS 200-111]" key="HLS_111_966" tag="" content=" Elapsed time: 0.19 seconds; current allocated memory: 182.756 MB."/>
	<Message severity="INFO" prefix="[BIND 205-100]" key="BIND_100_926" tag="" content="Starting micro-architecture generation ..."/>
	<Message severity="INFO" prefix="[BIND 205-101]" key="BIND_101_698" tag="" content="Performing variable lifetime analysis."/>
	<Message severity="INFO" prefix="[BIND 205-101]" key="BIND_101_697" tag="" content="Exploring resource sharing."/>
	<Message severity="INFO" prefix="[BIND 205-101]" key="BIND_101_693" tag="" content="Binding ..."/>
	<Message severity="INFO" prefix="[BIND 205-100]" key="BIND_100_925" tag="" content="Finished micro-architecture generation."/>
	<Message severity="INFO" prefix="[HLS 200-111]" key="HLS_111_966" tag="" content=" Elapsed time: 0.13 seconds; current allocated memory: 183.587 MB."/>
	<Message severity="INFO" prefix="[HLS 200-10]" key="HLS_10_1477" tag="" content="----------------------------------------------------------------"/>
	<Message severity="INFO" prefix="[HLS 200-42]" key="HLS_42_1438" tag="" content="-- Implementing module &apos;galois_multiplicatio&apos;"/>
	<Message severity="INFO" prefix="[HLS 200-10]" key="HLS_10_1478" tag="" content="----------------------------------------------------------------"/>
	<Message severity="INFO" prefix="[SCHED 204-11]" key="SCHED_SCHED_STATUS_597" tag="" content="Starting scheduling ..."/>
	<Message severity="INFO" prefix="[SCHED 204-61]" key="SCHED_PIPELINING_STATUS_46" tag="" content="Pipelining function &apos;galois_multiplicatio&apos;."/>
	<Message severity="INFO" prefix="[SCHED 204-61]" key="SCHED_PIPELINING_STATUS_44" tag="" content="Pipelining result : Target II = 1, Final II = 1, Depth = 1."/>
	<Message severity="INFO" prefix="[SCHED 204-11]" key="SCHED_SCHED_STATUS_596" tag="" content="Finished scheduling."/>
	<Message severity="INFO" prefix="[HLS 200-111]" key="HLS_111_966" tag="" content=" Elapsed time: 0.14 seconds; current allocated memory: 183.736 MB."/>
	<Message severity="INFO" prefix="[BIND 205-100]" key="BIND_100_926" tag="" content="Starting micro-architecture generation ..."/>
	<Message severity="INFO" prefix="[BIND 205-101]" key="BIND_101_698" tag="" content="Performing variable lifetime analysis."/>
	<Message severity="INFO" prefix="[BIND 205-101]" key="BIND_101_697" tag="" content="Exploring resource sharing."/>
	<Message severity="INFO" prefix="[BIND 205-101]" key="BIND_101_693" tag="" content="Binding ..."/>
	<Message severity="INFO" prefix="[BIND 205-100]" key="BIND_100_925" tag="" content="Finished micro-architecture generation."/>
	<Message severity="INFO" prefix="[HLS 200-111]" key="HLS_111_966" tag="" content=" Elapsed time: 0.03 seconds; current allocated memory: 183.868 MB."/>
	<Message severity="INFO" prefix="[HLS 200-10]" key="HLS_10_1477" tag="" content="----------------------------------------------------------------"/>
	<Message severity="INFO" prefix="[HLS 200-42]" key="HLS_42_1438" tag="" content="-- Implementing module &apos;invMixColumn&apos;"/>
	<Message severity="INFO" prefix="[HLS 200-10]" key="HLS_10_1478" tag="" content="----------------------------------------------------------------"/>
	<Message severity="INFO" prefix="[SCHED 204-11]" key="SCHED_SCHED_STATUS_597" tag="" content="Starting scheduling ..."/>
	<Message severity="INFO" prefix="[SCHED 204-61]" key="SCHED_PIPELINING_STATUS_46" tag="" content="Pipelining function &apos;invMixColumn&apos;."/>
	<Message severity="INFO" prefix="[SCHED 204-61]" key="SCHED_PIPELINING_STATUS_44" tag="" content="Pipelining result : Target II = 1, Final II = 1, Depth = 1."/>
	<Message severity="INFO" prefix="[SCHED 204-11]" key="SCHED_SCHED_STATUS_596" tag="" content="Finished scheduling."/>
	<Message severity="INFO" prefix="[HLS 200-111]" key="HLS_111_966" tag="" content=" Elapsed time: 0.04 seconds; current allocated memory: 184.013 MB."/>
	<Message severity="INFO" prefix="[BIND 205-100]" key="BIND_100_926" tag="" content="Starting micro-architecture generation ..."/>
	<Message severity="INFO" prefix="[BIND 205-101]" key="BIND_101_698" tag="" content="Performing variable lifetime analysis."/>
	<Message severity="INFO" prefix="[BIND 205-101]" key="BIND_101_697" tag="" content="Exploring resource sharing."/>
	<Message severity="INFO" prefix="[BIND 205-101]" key="BIND_101_693" tag="" content="Binding ..."/>
	<Message severity="INFO" prefix="[BIND 205-100]" key="BIND_100_925" tag="" content="Finished micro-architecture generation."/>
	<Message severity="INFO" prefix="[HLS 200-111]" key="HLS_111_966" tag="" content=" Elapsed time: 0.05 seconds; current allocated memory: 184.196 MB."/>
	<Message severity="INFO" prefix="[HLS 200-10]" key="HLS_10_1477" tag="" content="----------------------------------------------------------------"/>
	<Message severity="INFO" prefix="[HLS 200-42]" key="HLS_42_1438" tag="" content="-- Implementing module &apos;aes_invMain&apos;"/>
	<Message severity="INFO" prefix="[HLS 200-10]" key="HLS_10_1478" tag="" content="----------------------------------------------------------------"/>
	<Message severity="INFO" prefix="[SCHED 204-11]" key="SCHED_SCHED_STATUS_597" tag="" content="Starting scheduling ..."/>
	<Message severity="INFO" prefix="[SCHED 204-61]" key="SCHED_PIPELINING_STATUS_41" tag="" content="Pipelining loop &apos;DECRYPT_MAIN_LOOP&apos;."/>
	<Message severity="WARNING" prefix="[SCHED 204-69]" key="SCHED_RESOURCE_CONSTRAINT_NOT_MET_38" tag="SDX_KERNEL,SCHEDULE" content="Unable to schedule &apos;load&apos; operation (&apos;state[13]&apos;, helper.cpp:52-&gt;helper.cpp:325-&gt;decrypt.cpp:19-&gt;decrypt.cpp:38) on array &apos;rsbox&apos; due to limited memory ports. Please consider using a memory core with more ports or partitioning the array &apos;rsbox&apos;."/>
	<Message severity="INFO" prefix="[SCHED 204-61]" key="SCHED_PIPELINING_STATUS_44" tag="" content="Pipelining result : Target II = 1, Final II = 9, Depth = 12."/>
	<Message severity="INFO" prefix="[SCHED 204-11]" key="SCHED_SCHED_STATUS_596" tag="" content="Finished scheduling."/>
	<Message severity="INFO" prefix="[HLS 200-111]" key="HLS_111_966" tag="" content=" Elapsed time: 0.22 seconds; current allocated memory: 185.240 MB."/>
	<Message severity="INFO" prefix="[BIND 205-100]" key="BIND_100_926" tag="" content="Starting micro-architecture generation ..."/>
	<Message severity="INFO" prefix="[BIND 205-101]" key="BIND_101_698" tag="" content="Performing variable lifetime analysis."/>
	<Message severity="INFO" prefix="[BIND 205-101]" key="BIND_101_697" tag="" content="Exploring resource sharing."/>
	<Message severity="INFO" prefix="[BIND 205-101]" key="BIND_101_693" tag="" content="Binding ..."/>
	<Message severity="INFO" prefix="[BIND 205-100]" key="BIND_100_925" tag="" content="Finished micro-architecture generation."/>
	<Message severity="INFO" prefix="[HLS 200-111]" key="HLS_111_966" tag="" content=" Elapsed time: 0.25 seconds; current allocated memory: 186.504 MB."/>
	<Message severity="INFO" prefix="[HLS 200-10]" key="HLS_10_1477" tag="" content="----------------------------------------------------------------"/>
	<Message severity="INFO" prefix="[HLS 200-42]" key="HLS_42_1438" tag="" content="-- Implementing module &apos;aes_decrypt&apos;"/>
	<Message severity="INFO" prefix="[HLS 200-10]" key="HLS_10_1478" tag="" content="----------------------------------------------------------------"/>
	<Message severity="INFO" prefix="[SCHED 204-11]" key="SCHED_SCHED_STATUS_597" tag="" content="Starting scheduling ..."/>
	<Message severity="INFO" prefix="[SCHED 204-11]" key="SCHED_SCHED_STATUS_596" tag="" content="Finished scheduling."/>
	<Message severity="INFO" prefix="[HLS 200-111]" key="HLS_111_966" tag="" content=" Elapsed time: 0.35 seconds; current allocated memory: 187.620 MB."/>
	<Message severity="INFO" prefix="[BIND 205-100]" key="BIND_100_926" tag="" content="Starting micro-architecture generation ..."/>
	<Message severity="INFO" prefix="[BIND 205-101]" key="BIND_101_698" tag="" content="Performing variable lifetime analysis."/>
	<Message severity="INFO" prefix="[BIND 205-101]" key="BIND_101_697" tag="" content="Exploring resource sharing."/>
	<Message severity="INFO" prefix="[BIND 205-101]" key="BIND_101_693" tag="" content="Binding ..."/>
	<Message severity="INFO" prefix="[BIND 205-100]" key="BIND_100_925" tag="" content="Finished micro-architecture generation."/>
	<Message severity="INFO" prefix="[HLS 200-111]" key="HLS_111_966" tag="" content=" Elapsed time: 0.25 seconds; current allocated memory: 189.099 MB."/>
	<Message severity="INFO" prefix="[HLS 200-10]" key="HLS_10_1477" tag="" content="----------------------------------------------------------------"/>
	<Message severity="INFO" prefix="[HLS 200-42]" key="HLS_42_1438" tag="" content="-- Implementing module &apos;decrypt_dut&apos;"/>
	<Message severity="INFO" prefix="[HLS 200-10]" key="HLS_10_1478" tag="" content="----------------------------------------------------------------"/>
	<Message severity="INFO" prefix="[SCHED 204-11]" key="SCHED_SCHED_STATUS_597" tag="" content="Starting scheduling ..."/>
	<Message severity="INFO" prefix="[SCHED 204-11]" key="SCHED_SCHED_STATUS_596" tag="" content="Finished scheduling."/>
	<Message severity="INFO" prefix="[HLS 200-111]" key="HLS_111_966" tag="" content=" Elapsed time: 0.33 seconds; current allocated memory: 189.850 MB."/>
	<Message severity="INFO" prefix="[BIND 205-100]" key="BIND_100_926" tag="" content="Starting micro-architecture generation ..."/>
	<Message severity="INFO" prefix="[BIND 205-101]" key="BIND_101_698" tag="" content="Performing variable lifetime analysis."/>
	<Message severity="INFO" prefix="[BIND 205-101]" key="BIND_101_697" tag="" content="Exploring resource sharing."/>
	<Message severity="INFO" prefix="[BIND 205-101]" key="BIND_101_693" tag="" content="Binding ..."/>
	<Message severity="INFO" prefix="[BIND 205-100]" key="BIND_100_925" tag="" content="Finished micro-architecture generation."/>
	<Message severity="INFO" prefix="[HLS 200-111]" key="HLS_111_966" tag="" content=" Elapsed time: 0.13 seconds; current allocated memory: 190.398 MB."/>
	<Message severity="INFO" prefix="[HLS 200-10]" key="HLS_10_1483" tag="" content="----------------------------------------------------------------"/>
	<Message severity="INFO" prefix="[HLS 200-10]" key="HLS_10_1484" tag="" content="-- Generating RTL for module &apos;expandKey&apos;"/>
	<Message severity="INFO" prefix="[HLS 200-10]" key="HLS_10_1485" tag="" content="----------------------------------------------------------------"/>
	<Message severity="INFO" prefix="[RTGEN 206-100]" key="RTGEN_100_856" tag="" content="Finished creating RTL model for &apos;expandKey&apos;."/>
	<Message severity="INFO" prefix="[HLS 200-111]" key="HLS_111_966" tag="" content=" Elapsed time: 0.33 seconds; current allocated memory: 191.899 MB."/>
	<Message severity="INFO" prefix="[HLS 200-10]" key="HLS_10_1483" tag="" content="----------------------------------------------------------------"/>
	<Message severity="INFO" prefix="[HLS 200-10]" key="HLS_10_1484" tag="" content="-- Generating RTL for module &apos;createRoundKey&apos;"/>
	<Message severity="INFO" prefix="[HLS 200-10]" key="HLS_10_1485" tag="" content="----------------------------------------------------------------"/>
	<Message severity="INFO" prefix="[SYN 201-210]" key="SYN_210_889" tag="" content="Renamed object name &apos;decrypt_dut_mux_432_8_1_1&apos; to &apos;decrypt_dut_mux_4bkb&apos; due to the length limit 20"/>
	<Message severity="INFO" prefix="[RTGEN 206-100]" key="RTGEN_100_855" tag="" content="Generating core module &apos;decrypt_dut_mux_4bkb&apos;: 4 instance(s)."/>
	<Message severity="INFO" prefix="[RTGEN 206-100]" key="RTGEN_100_856" tag="" content="Finished creating RTL model for &apos;createRoundKey&apos;."/>
	<Message severity="INFO" prefix="[HLS 200-111]" key="HLS_111_966" tag="" content=" Elapsed time: 0.21 seconds; current allocated memory: 195.977 MB."/>
	<Message severity="INFO" prefix="[HLS 200-10]" key="HLS_10_1483" tag="" content="----------------------------------------------------------------"/>
	<Message severity="INFO" prefix="[HLS 200-10]" key="HLS_10_1484" tag="" content="-- Generating RTL for module &apos;galois_multiplicatio&apos;"/>
	<Message severity="INFO" prefix="[HLS 200-10]" key="HLS_10_1485" tag="" content="----------------------------------------------------------------"/>
	<Message severity="INFO" prefix="[RTGEN 206-100]" key="RTGEN_100_856" tag="" content="Finished creating RTL model for &apos;galois_multiplicatio&apos;."/>
	<Message severity="INFO" prefix="[HLS 200-111]" key="HLS_111_966" tag="" content=" Elapsed time: 0.23 seconds; current allocated memory: 199.080 MB."/>
	<Message severity="INFO" prefix="[HLS 200-10]" key="HLS_10_1483" tag="" content="----------------------------------------------------------------"/>
	<Message severity="INFO" prefix="[HLS 200-10]" key="HLS_10_1484" tag="" content="-- Generating RTL for module &apos;invMixColumn&apos;"/>
	<Message severity="INFO" prefix="[HLS 200-10]" key="HLS_10_1485" tag="" content="----------------------------------------------------------------"/>
	<Message severity="INFO" prefix="[RTGEN 206-100]" key="RTGEN_100_856" tag="" content="Finished creating RTL model for &apos;invMixColumn&apos;."/>
	<Message severity="INFO" prefix="[HLS 200-111]" key="HLS_111_966" tag="" content=" Elapsed time: 0.09 seconds; current allocated memory: 199.835 MB."/>
	<Message severity="INFO" prefix="[HLS 200-10]" key="HLS_10_1483" tag="" content="----------------------------------------------------------------"/>
	<Message severity="INFO" prefix="[HLS 200-10]" key="HLS_10_1484" tag="" content="-- Generating RTL for module &apos;aes_invMain&apos;"/>
	<Message severity="INFO" prefix="[HLS 200-10]" key="HLS_10_1485" tag="" content="----------------------------------------------------------------"/>
	<Message severity="INFO" prefix="[RTGEN 206-100]" key="RTGEN_100_856" tag="" content="Finished creating RTL model for &apos;aes_invMain&apos;."/>
	<Message severity="INFO" prefix="[HLS 200-111]" key="HLS_111_966" tag="" content=" Elapsed time: 0.24 seconds; current allocated memory: 204.381 MB."/>
	<Message severity="INFO" prefix="[HLS 200-10]" key="HLS_10_1483" tag="" content="----------------------------------------------------------------"/>
	<Message severity="INFO" prefix="[HLS 200-10]" key="HLS_10_1484" tag="" content="-- Generating RTL for module &apos;aes_decrypt&apos;"/>
	<Message severity="INFO" prefix="[HLS 200-10]" key="HLS_10_1485" tag="" content="----------------------------------------------------------------"/>
	<Message severity="INFO" prefix="[SYN 201-210]" key="SYN_210_889" tag="" content="Renamed object name &apos;aes_decrypt_expandedKey_0&apos; to &apos;aes_decrypt_expancud&apos; due to the length limit 20"/>
	<Message severity="INFO" prefix="[SYN 201-210]" key="SYN_210_889" tag="" content="Renamed object name &apos;aes_decrypt_expandedKey_1&apos; to &apos;aes_decrypt_expandEe&apos; due to the length limit 20"/>
	<Message severity="INFO" prefix="[SYN 201-210]" key="SYN_210_889" tag="" content="Renamed object name &apos;aes_decrypt_expandedKey_2&apos; to &apos;aes_decrypt_expaneOg&apos; due to the length limit 20"/>
	<Message severity="INFO" prefix="[SYN 201-210]" key="SYN_210_889" tag="" content="Renamed object name &apos;aes_decrypt_expandedKey_3&apos; to &apos;aes_decrypt_expanfYi&apos; due to the length limit 20"/>
	<Message severity="INFO" prefix="[SYN 201-210]" key="SYN_210_889" tag="" content="Renamed object name &apos;decrypt_dut_mux_164_8_1_1&apos; to &apos;decrypt_dut_mux_1g8j&apos; due to the length limit 20"/>
	<Message severity="INFO" prefix="[RTGEN 206-100]" key="RTGEN_100_855" tag="" content="Generating core module &apos;decrypt_dut_mux_1g8j&apos;: 18 instance(s)."/>
	<Message severity="INFO" prefix="[RTGEN 206-100]" key="RTGEN_100_856" tag="" content="Finished creating RTL model for &apos;aes_decrypt&apos;."/>
	<Message severity="INFO" prefix="[HLS 200-111]" key="HLS_111_966" tag="" content=" Elapsed time: 0.58 seconds; current allocated memory: 212.183 MB."/>
	<Message severity="INFO" prefix="[HLS 200-10]" key="HLS_10_1483" tag="" content="----------------------------------------------------------------"/>
	<Message severity="INFO" prefix="[HLS 200-10]" key="HLS_10_1484" tag="" content="-- Generating RTL for module &apos;decrypt_dut&apos;"/>
	<Message severity="INFO" prefix="[HLS 200-10]" key="HLS_10_1485" tag="" content="----------------------------------------------------------------"/>
	<Message severity="INFO" prefix="[RTGEN 206-500]" key="PREPROC_IO_COMP_CONFLICT_1950" tag="" content="Setting interface mode on port &apos;decrypt_dut/input_0&apos; to &apos;ap_none&apos;."/>
	<Message severity="INFO" prefix="[RTGEN 206-500]" key="PREPROC_IO_COMP_CONFLICT_1950" tag="" content="Setting interface mode on port &apos;decrypt_dut/input_1&apos; to &apos;ap_none&apos;."/>
	<Message severity="INFO" prefix="[RTGEN 206-500]" key="PREPROC_IO_COMP_CONFLICT_1950" tag="" content="Setting interface mode on port &apos;decrypt_dut/input_2&apos; to &apos;ap_none&apos;."/>
	<Message severity="INFO" prefix="[RTGEN 206-500]" key="PREPROC_IO_COMP_CONFLICT_1950" tag="" content="Setting interface mode on port &apos;decrypt_dut/input_3&apos; to &apos;ap_none&apos;."/>
	<Message severity="INFO" prefix="[RTGEN 206-500]" key="PREPROC_IO_COMP_CONFLICT_1950" tag="" content="Setting interface mode on port &apos;decrypt_dut/input_4&apos; to &apos;ap_none&apos;."/>
	<Message severity="INFO" prefix="[RTGEN 206-500]" key="PREPROC_IO_COMP_CONFLICT_1950" tag="" content="Setting interface mode on port &apos;decrypt_dut/input_5&apos; to &apos;ap_none&apos;."/>
	<Message severity="INFO" prefix="[RTGEN 206-500]" key="PREPROC_IO_COMP_CONFLICT_1950" tag="" content="Setting interface mode on port &apos;decrypt_dut/input_6&apos; to &apos;ap_none&apos;."/>
	<Message severity="INFO" prefix="[RTGEN 206-500]" key="PREPROC_IO_COMP_CONFLICT_1950" tag="" content="Setting interface mode on port &apos;decrypt_dut/input_7&apos; to &apos;ap_none&apos;."/>
	<Message severity="INFO" prefix="[RTGEN 206-500]" key="PREPROC_IO_COMP_CONFLICT_1950" tag="" content="Setting interface mode on port &apos;decrypt_dut/input_8&apos; to &apos;ap_none&apos;."/>
	<Message severity="INFO" prefix="[RTGEN 206-500]" key="PREPROC_IO_COMP_CONFLICT_1950" tag="" content="Setting interface mode on port &apos;decrypt_dut/input_9&apos; to &apos;ap_none&apos;."/>
	<Message severity="INFO" prefix="[RTGEN 206-500]" key="PREPROC_IO_COMP_CONFLICT_1950" tag="" content="Setting interface mode on port &apos;decrypt_dut/input_10&apos; to &apos;ap_none&apos;."/>
	<Message severity="INFO" prefix="[RTGEN 206-500]" key="PREPROC_IO_COMP_CONFLICT_1950" tag="" content="Setting interface mode on port &apos;decrypt_dut/input_11&apos; to &apos;ap_none&apos;."/>
	<Message severity="INFO" prefix="[RTGEN 206-500]" key="PREPROC_IO_COMP_CONFLICT_1950" tag="" content="Setting interface mode on port &apos;decrypt_dut/input_12&apos; to &apos;ap_none&apos;."/>
	<Message severity="INFO" prefix="[RTGEN 206-500]" key="PREPROC_IO_COMP_CONFLICT_1950" tag="" content="Setting interface mode on port &apos;decrypt_dut/input_13&apos; to &apos;ap_none&apos;."/>
	<Message severity="INFO" prefix="[RTGEN 206-500]" key="PREPROC_IO_COMP_CONFLICT_1950" tag="" content="Setting interface mode on port &apos;decrypt_dut/input_14&apos; to &apos;ap_none&apos;."/>
	<Message severity="INFO" prefix="[RTGEN 206-500]" key="PREPROC_IO_COMP_CONFLICT_1950" tag="" content="Setting interface mode on port &apos;decrypt_dut/input_15&apos; to &apos;ap_none&apos;."/>
	<Message severity="INFO" prefix="[RTGEN 206-500]" key="PREPROC_IO_COMP_CONFLICT_1950" tag="" content="Setting interface mode on port &apos;decrypt_dut/output_0&apos; to &apos;ap_vld&apos;."/>
	<Message severity="INFO" prefix="[RTGEN 206-500]" key="PREPROC_IO_COMP_CONFLICT_1950" tag="" content="Setting interface mode on port &apos;decrypt_dut/output_1&apos; to &apos;ap_vld&apos;."/>
	<Message severity="INFO" prefix="[RTGEN 206-500]" key="PREPROC_IO_COMP_CONFLICT_1950" tag="" content="Setting interface mode on port &apos;decrypt_dut/output_2&apos; to &apos;ap_vld&apos;."/>
	<Message severity="INFO" prefix="[RTGEN 206-500]" key="PREPROC_IO_COMP_CONFLICT_1950" tag="" content="Setting interface mode on port &apos;decrypt_dut/output_3&apos; to &apos;ap_vld&apos;."/>
	<Message severity="INFO" prefix="[RTGEN 206-500]" key="PREPROC_IO_COMP_CONFLICT_1950" tag="" content="Setting interface mode on port &apos;decrypt_dut/output_4&apos; to &apos;ap_vld&apos;."/>
	<Message severity="INFO" prefix="[RTGEN 206-500]" key="PREPROC_IO_COMP_CONFLICT_1950" tag="" content="Setting interface mode on port &apos;decrypt_dut/output_5&apos; to &apos;ap_vld&apos;."/>
	<Message severity="INFO" prefix="[RTGEN 206-500]" key="PREPROC_IO_COMP_CONFLICT_1950" tag="" content="Setting interface mode on port &apos;decrypt_dut/output_6&apos; to &apos;ap_vld&apos;."/>
	<Message severity="INFO" prefix="[RTGEN 206-500]" key="PREPROC_IO_COMP_CONFLICT_1950" tag="" content="Setting interface mode on port &apos;decrypt_dut/output_7&apos; to &apos;ap_vld&apos;."/>
	<Message severity="INFO" prefix="[RTGEN 206-500]" key="PREPROC_IO_COMP_CONFLICT_1950" tag="" content="Setting interface mode on port &apos;decrypt_dut/output_8&apos; to &apos;ap_vld&apos;."/>
	<Message severity="INFO" prefix="[RTGEN 206-500]" key="PREPROC_IO_COMP_CONFLICT_1950" tag="" content="Setting interface mode on port &apos;decrypt_dut/output_9&apos; to &apos;ap_vld&apos;."/>
	<Message severity="INFO" prefix="[RTGEN 206-500]" key="PREPROC_IO_COMP_CONFLICT_1950" tag="" content="Setting interface mode on port &apos;decrypt_dut/output_10&apos; to &apos;ap_vld&apos;."/>
	<Message severity="INFO" prefix="[RTGEN 206-500]" key="PREPROC_IO_COMP_CONFLICT_1950" tag="" content="Setting interface mode on port &apos;decrypt_dut/output_11&apos; to &apos;ap_vld&apos;."/>
	<Message severity="INFO" prefix="[RTGEN 206-500]" key="PREPROC_IO_COMP_CONFLICT_1950" tag="" content="Setting interface mode on port &apos;decrypt_dut/output_12&apos; to &apos;ap_vld&apos;."/>
	<Message severity="INFO" prefix="[RTGEN 206-500]" key="PREPROC_IO_COMP_CONFLICT_1950" tag="" content="Setting interface mode on port &apos;decrypt_dut/output_13&apos; to &apos;ap_vld&apos;."/>
	<Message severity="INFO" prefix="[RTGEN 206-500]" key="PREPROC_IO_COMP_CONFLICT_1950" tag="" content="Setting interface mode on port &apos;decrypt_dut/output_14&apos; to &apos;ap_vld&apos;."/>
	<Message severity="INFO" prefix="[RTGEN 206-500]" key="PREPROC_IO_COMP_CONFLICT_1950" tag="" content="Setting interface mode on port &apos;decrypt_dut/output_15&apos; to &apos;ap_vld&apos;."/>
	<Message severity="INFO" prefix="[RTGEN 206-500]" key="PREPROC_IO_COMP_CONFLICT_1950" tag="" content="Setting interface mode on port &apos;decrypt_dut/key_0&apos; to &apos;ap_none&apos;."/>
	<Message severity="INFO" prefix="[RTGEN 206-500]" key="PREPROC_IO_COMP_CONFLICT_1950" tag="" content="Setting interface mode on port &apos;decrypt_dut/key_1&apos; to &apos;ap_none&apos;."/>
	<Message severity="INFO" prefix="[RTGEN 206-500]" key="PREPROC_IO_COMP_CONFLICT_1950" tag="" content="Setting interface mode on port &apos;decrypt_dut/key_2&apos; to &apos;ap_none&apos;."/>
	<Message severity="INFO" prefix="[RTGEN 206-500]" key="PREPROC_IO_COMP_CONFLICT_1950" tag="" content="Setting interface mode on port &apos;decrypt_dut/key_3&apos; to &apos;ap_none&apos;."/>
	<Message severity="INFO" prefix="[RTGEN 206-500]" key="PREPROC_IO_COMP_CONFLICT_1950" tag="" content="Setting interface mode on port &apos;decrypt_dut/key_4&apos; to &apos;ap_none&apos;."/>
	<Message severity="INFO" prefix="[RTGEN 206-500]" key="PREPROC_IO_COMP_CONFLICT_1950" tag="" content="Setting interface mode on port &apos;decrypt_dut/key_5&apos; to &apos;ap_none&apos;."/>
	<Message severity="INFO" prefix="[RTGEN 206-500]" key="PREPROC_IO_COMP_CONFLICT_1950" tag="" content="Setting interface mode on port &apos;decrypt_dut/key_6&apos; to &apos;ap_none&apos;."/>
	<Message severity="INFO" prefix="[RTGEN 206-500]" key="PREPROC_IO_COMP_CONFLICT_1950" tag="" content="Setting interface mode on port &apos;decrypt_dut/key_7&apos; to &apos;ap_none&apos;."/>
	<Message severity="INFO" prefix="[RTGEN 206-500]" key="PREPROC_IO_COMP_CONFLICT_1950" tag="" content="Setting interface mode on port &apos;decrypt_dut/key_8&apos; to &apos;ap_none&apos;."/>
	<Message severity="INFO" prefix="[RTGEN 206-500]" key="PREPROC_IO_COMP_CONFLICT_1950" tag="" content="Setting interface mode on port &apos;decrypt_dut/key_9&apos; to &apos;ap_none&apos;."/>
	<Message severity="INFO" prefix="[RTGEN 206-500]" key="PREPROC_IO_COMP_CONFLICT_1950" tag="" content="Setting interface mode on port &apos;decrypt_dut/key_10&apos; to &apos;ap_none&apos;."/>
	<Message severity="INFO" prefix="[RTGEN 206-500]" key="PREPROC_IO_COMP_CONFLICT_1950" tag="" content="Setting interface mode on port &apos;decrypt_dut/key_11&apos; to &apos;ap_none&apos;."/>
	<Message severity="INFO" prefix="[RTGEN 206-500]" key="PREPROC_IO_COMP_CONFLICT_1950" tag="" content="Setting interface mode on port &apos;decrypt_dut/key_12&apos; to &apos;ap_none&apos;."/>
	<Message severity="INFO" prefix="[RTGEN 206-500]" key="PREPROC_IO_COMP_CONFLICT_1950" tag="" content="Setting interface mode on port &apos;decrypt_dut/key_13&apos; to &apos;ap_none&apos;."/>
	<Message severity="INFO" prefix="[RTGEN 206-500]" key="PREPROC_IO_COMP_CONFLICT_1950" tag="" content="Setting interface mode on port &apos;decrypt_dut/key_14&apos; to &apos;ap_none&apos;."/>
	<Message severity="INFO" prefix="[RTGEN 206-500]" key="PREPROC_IO_COMP_CONFLICT_1950" tag="" content="Setting interface mode on port &apos;decrypt_dut/key_15&apos; to &apos;ap_none&apos;."/>
	<Message severity="INFO" prefix="[RTGEN 206-500]" key="PREPROC_IO_COMP_CONFLICT_1950" tag="" content="Setting interface mode on function &apos;decrypt_dut&apos; to &apos;ap_ctrl_hs&apos;."/>
	<Message severity="INFO" prefix="[RTGEN 206-100]" key="RTGEN_100_856" tag="" content="Finished creating RTL model for &apos;decrypt_dut&apos;."/>
	<Message severity="INFO" prefix="[HLS 200-111]" key="HLS_111_966" tag="" content=" Elapsed time: 0.67 seconds; current allocated memory: 216.974 MB."/>
	<Message severity="INFO" prefix="[HLS 200-790]" key="HLS 200-790" tag="LOOP,SDX_LOOP" content="**** Loop Constraint Status: All loop constraints were NOT satisfied."/>
	<Message severity="INFO" prefix="[HLS 200-789]" key="HLS 200-789" tag="THROUGHPUT,SDX_KERNEL" content="**** Estimated Fmax: 146.54 MHz"/>
	<Message severity="INFO" prefix="[RTMG 210-279]" key="RTMG_279_1793" tag="" content="Implementing memory &apos;expandKey_sbox_rom&apos; using auto ROMs."/>
	<Message severity="INFO" prefix="[RTMG 210-279]" key="RTMG_279_1793" tag="" content="Implementing memory &apos;expandKey_Rcon_rom&apos; using auto ROMs."/>
	<Message severity="INFO" prefix="[RTMG 210-279]" key="RTMG_279_1793" tag="" content="Implementing memory &apos;aes_invMain_rsbox_rom&apos; using block ROMs."/>
	<Message severity="INFO" prefix="[RTMG 210-278]" key="RTMG_278_1790" tag="" content="Implementing memory &apos;aes_decrypt_expancud_ram (RAM)&apos; using block RAMs."/>
	<Message severity="INFO" prefix="[HLS 200-111]" key="HLS_111_965" tag="" content="Finished generating all RTL models Time (s): cpu = 00:00:14 ; elapsed = 00:00:19 . Memory (MB): peak = 1232.148 ; gain = 594.125 ; free physical = 5552 ; free virtual = 14280"/>
	<Message severity="INFO" prefix="[VHDL 208-304]" key="VHDL_304_1066" tag="" content="Generating VHDL RTL for decrypt_dut."/>
	<Message severity="INFO" prefix="[VLOG 209-307]" key="VLOG_307_1067" tag="" content="Generating Verilog RTL for decrypt_dut."/>
</Messages>
