<stg><name>aes_decrypt</name>


<trans_list>

<trans id="225" from="1" to="2">
<condition id="-1">
<or_exp><and_exp></and_exp></or_exp>
</condition>
</trans>

<trans id="226" from="2" to="4">
<condition id="-1">
<or_exp><and_exp><literal name="icmp_ln74" val="1"/>
</and_exp></or_exp>
</condition>
</trans>

<trans id="227" from="2" to="3">
<condition id="-1">
<or_exp><and_exp><literal name="icmp_ln74" val="0"/>
</and_exp></or_exp>
</condition>
</trans>

<trans id="228" from="3" to="3">
<condition id="-1">
<or_exp><and_exp><literal name="icmp_ln77" val="0"/>
</and_exp></or_exp>
</condition>
</trans>

<trans id="229" from="3" to="2">
<condition id="-1">
<or_exp><and_exp><literal name="icmp_ln77" val="1"/>
</and_exp></or_exp>
</condition>
</trans>

<trans id="231" from="4" to="5">
<condition id="-1">
<or_exp><and_exp></and_exp></or_exp>
</condition>
</trans>

<trans id="232" from="5" to="6">
<condition id="-1">
<or_exp><and_exp></and_exp></or_exp>
</condition>
</trans>

<trans id="233" from="6" to="7">
<condition id="-1">
<or_exp><and_exp></and_exp></or_exp>
</condition>
</trans>

<trans id="234" from="7" to="8">
<condition id="-1">
<or_exp><and_exp><literal name="icmp_ln90" val="0"/>
</and_exp></or_exp>
</condition>
</trans>

<trans id="235" from="8" to="8">
<condition id="-1">
<or_exp><and_exp><literal name="icmp_ln93" val="0"/>
</and_exp></or_exp>
</condition>
</trans>

<trans id="236" from="8" to="7">
<condition id="-1">
<or_exp><and_exp><literal name="icmp_ln93" val="1"/>
</and_exp></or_exp>
</condition>
</trans>
</trans_list>



<state_list>

<state id="1" st_id="1">

<operation id="9" st_id="1" stage="1" lat="1">
<core>NULL</core>
<MemPortIdVec></MemPortIdVec>
<condition id="-1">
<or_exp><and_exp></and_exp></or_exp>
</condition>

<Node id="55" bw="8" op_0_bw="32">
<![CDATA[
:0  %block_016 = alloca i8

]]></Node>
<StgValue><ssdm name="block_016"/></StgValue>
</operation>

<operation id="10" st_id="1" stage="1" lat="1">
<core>NULL</core>
<MemPortIdVec></MemPortIdVec>
<condition id="-1">
<or_exp><and_exp></and_exp></or_exp>
</condition>

<Node id="56" bw="8" op_0_bw="32">
<![CDATA[
:1  %block_117 = alloca i8

]]></Node>
<StgValue><ssdm name="block_117"/></StgValue>
</operation>

<operation id="11" st_id="1" stage="1" lat="1">
<core>NULL</core>
<MemPortIdVec></MemPortIdVec>
<condition id="-1">
<or_exp><and_exp></and_exp></or_exp>
</condition>

<Node id="57" bw="8" op_0_bw="32">
<![CDATA[
:2  %block_218 = alloca i8

]]></Node>
<StgValue><ssdm name="block_218"/></StgValue>
</operation>

<operation id="12" st_id="1" stage="1" lat="1">
<core>NULL</core>
<MemPortIdVec></MemPortIdVec>
<condition id="-1">
<or_exp><and_exp></and_exp></or_exp>
</condition>

<Node id="58" bw="8" op_0_bw="32">
<![CDATA[
:3  %block_319 = alloca i8

]]></Node>
<StgValue><ssdm name="block_319"/></StgValue>
</operation>

<operation id="13" st_id="1" stage="1" lat="1">
<core>NULL</core>
<MemPortIdVec></MemPortIdVec>
<condition id="-1">
<or_exp><and_exp></and_exp></or_exp>
</condition>

<Node id="59" bw="8" op_0_bw="32">
<![CDATA[
:4  %block_420 = alloca i8

]]></Node>
<StgValue><ssdm name="block_420"/></StgValue>
</operation>

<operation id="14" st_id="1" stage="1" lat="1">
<core>NULL</core>
<MemPortIdVec></MemPortIdVec>
<condition id="-1">
<or_exp><and_exp></and_exp></or_exp>
</condition>

<Node id="60" bw="8" op_0_bw="32">
<![CDATA[
:5  %block_521 = alloca i8

]]></Node>
<StgValue><ssdm name="block_521"/></StgValue>
</operation>

<operation id="15" st_id="1" stage="1" lat="1">
<core>NULL</core>
<MemPortIdVec></MemPortIdVec>
<condition id="-1">
<or_exp><and_exp></and_exp></or_exp>
</condition>

<Node id="61" bw="8" op_0_bw="32">
<![CDATA[
:6  %block_622 = alloca i8

]]></Node>
<StgValue><ssdm name="block_622"/></StgValue>
</operation>

<operation id="16" st_id="1" stage="1" lat="1">
<core>NULL</core>
<MemPortIdVec></MemPortIdVec>
<condition id="-1">
<or_exp><and_exp></and_exp></or_exp>
</condition>

<Node id="62" bw="8" op_0_bw="32">
<![CDATA[
:7  %block_723 = alloca i8

]]></Node>
<StgValue><ssdm name="block_723"/></StgValue>
</operation>

<operation id="17" st_id="1" stage="1" lat="1">
<core>NULL</core>
<MemPortIdVec></MemPortIdVec>
<condition id="-1">
<or_exp><and_exp></and_exp></or_exp>
</condition>

<Node id="63" bw="8" op_0_bw="32">
<![CDATA[
:8  %block_824 = alloca i8

]]></Node>
<StgValue><ssdm name="block_824"/></StgValue>
</operation>

<operation id="18" st_id="1" stage="1" lat="1">
<core>NULL</core>
<MemPortIdVec></MemPortIdVec>
<condition id="-1">
<or_exp><and_exp></and_exp></or_exp>
</condition>

<Node id="64" bw="8" op_0_bw="32">
<![CDATA[
:9  %block_925 = alloca i8

]]></Node>
<StgValue><ssdm name="block_925"/></StgValue>
</operation>

<operation id="19" st_id="1" stage="1" lat="1">
<core>NULL</core>
<MemPortIdVec></MemPortIdVec>
<condition id="-1">
<or_exp><and_exp></and_exp></or_exp>
</condition>

<Node id="65" bw="8" op_0_bw="32">
<![CDATA[
:10  %block_1026 = alloca i8

]]></Node>
<StgValue><ssdm name="block_1026"/></StgValue>
</operation>

<operation id="20" st_id="1" stage="1" lat="1">
<core>NULL</core>
<MemPortIdVec></MemPortIdVec>
<condition id="-1">
<or_exp><and_exp></and_exp></or_exp>
</condition>

<Node id="66" bw="8" op_0_bw="32">
<![CDATA[
:11  %block_1127 = alloca i8

]]></Node>
<StgValue><ssdm name="block_1127"/></StgValue>
</operation>

<operation id="21" st_id="1" stage="1" lat="1">
<core>NULL</core>
<MemPortIdVec></MemPortIdVec>
<condition id="-1">
<or_exp><and_exp></and_exp></or_exp>
</condition>

<Node id="67" bw="8" op_0_bw="32">
<![CDATA[
:12  %block_1228 = alloca i8

]]></Node>
<StgValue><ssdm name="block_1228"/></StgValue>
</operation>

<operation id="22" st_id="1" stage="1" lat="1">
<core>NULL</core>
<MemPortIdVec></MemPortIdVec>
<condition id="-1">
<or_exp><and_exp></and_exp></or_exp>
</condition>

<Node id="68" bw="8" op_0_bw="32">
<![CDATA[
:13  %block_1329 = alloca i8

]]></Node>
<StgValue><ssdm name="block_1329"/></StgValue>
</operation>

<operation id="23" st_id="1" stage="1" lat="1">
<core>NULL</core>
<MemPortIdVec></MemPortIdVec>
<condition id="-1">
<or_exp><and_exp></and_exp></or_exp>
</condition>

<Node id="69" bw="8" op_0_bw="32">
<![CDATA[
:14  %block_1430 = alloca i8

]]></Node>
<StgValue><ssdm name="block_1430"/></StgValue>
</operation>

<operation id="24" st_id="1" stage="1" lat="1">
<core>NULL</core>
<MemPortIdVec></MemPortIdVec>
<condition id="-1">
<or_exp><and_exp></and_exp></or_exp>
</condition>

<Node id="70" bw="8" op_0_bw="32">
<![CDATA[
:15  %block_1531 = alloca i8

]]></Node>
<StgValue><ssdm name="block_1531"/></StgValue>
</operation>

<operation id="25" st_id="1" stage="1" lat="1">
<core>NULL</core>
<MemPortIdVec></MemPortIdVec>
<condition id="-1">
<or_exp><and_exp></and_exp></or_exp>
</condition>

<Node id="71" bw="8" op_0_bw="8" op_1_bw="8">
<![CDATA[
:16  %key_15_read_2 = call i8 @_ssdm_op_Read.ap_auto.i8(i8 %key_15_read)

]]></Node>
<StgValue><ssdm name="key_15_read_2"/></StgValue>
</operation>

<operation id="26" st_id="1" stage="1" lat="1">
<core>NULL</core>
<MemPortIdVec></MemPortIdVec>
<condition id="-1">
<or_exp><and_exp></and_exp></or_exp>
</condition>

<Node id="72" bw="8" op_0_bw="8" op_1_bw="8">
<![CDATA[
:17  %key_14_read31 = call i8 @_ssdm_op_Read.ap_auto.i8(i8 %key_14_read)

]]></Node>
<StgValue><ssdm name="key_14_read31"/></StgValue>
</operation>

<operation id="27" st_id="1" stage="1" lat="1">
<core>NULL</core>
<MemPortIdVec></MemPortIdVec>
<condition id="-1">
<or_exp><and_exp></and_exp></or_exp>
</condition>

<Node id="73" bw="8" op_0_bw="8" op_1_bw="8">
<![CDATA[
:18  %key_13_read_2 = call i8 @_ssdm_op_Read.ap_auto.i8(i8 %key_13_read)

]]></Node>
<StgValue><ssdm name="key_13_read_2"/></StgValue>
</operation>

<operation id="28" st_id="1" stage="1" lat="1">
<core>NULL</core>
<MemPortIdVec></MemPortIdVec>
<condition id="-1">
<or_exp><and_exp></and_exp></or_exp>
</condition>

<Node id="74" bw="8" op_0_bw="8" op_1_bw="8">
<![CDATA[
:19  %key_12_read_2 = call i8 @_ssdm_op_Read.ap_auto.i8(i8 %key_12_read)

]]></Node>
<StgValue><ssdm name="key_12_read_2"/></StgValue>
</operation>

<operation id="29" st_id="1" stage="1" lat="1">
<core>NULL</core>
<MemPortIdVec></MemPortIdVec>
<condition id="-1">
<or_exp><and_exp></and_exp></or_exp>
</condition>

<Node id="75" bw="8" op_0_bw="8" op_1_bw="8">
<![CDATA[
:20  %key_11_read_2 = call i8 @_ssdm_op_Read.ap_auto.i8(i8 %key_11_read)

]]></Node>
<StgValue><ssdm name="key_11_read_2"/></StgValue>
</operation>

<operation id="30" st_id="1" stage="1" lat="1">
<core>NULL</core>
<MemPortIdVec></MemPortIdVec>
<condition id="-1">
<or_exp><and_exp></and_exp></or_exp>
</condition>

<Node id="76" bw="8" op_0_bw="8" op_1_bw="8">
<![CDATA[
:21  %key_10_read_2 = call i8 @_ssdm_op_Read.ap_auto.i8(i8 %key_10_read)

]]></Node>
<StgValue><ssdm name="key_10_read_2"/></StgValue>
</operation>

<operation id="31" st_id="1" stage="1" lat="1">
<core>NULL</core>
<MemPortIdVec></MemPortIdVec>
<condition id="-1">
<or_exp><and_exp></and_exp></or_exp>
</condition>

<Node id="77" bw="8" op_0_bw="8" op_1_bw="8">
<![CDATA[
:22  %key_9_read_2 = call i8 @_ssdm_op_Read.ap_auto.i8(i8 %key_9_read)

]]></Node>
<StgValue><ssdm name="key_9_read_2"/></StgValue>
</operation>

<operation id="32" st_id="1" stage="1" lat="1">
<core>NULL</core>
<MemPortIdVec></MemPortIdVec>
<condition id="-1">
<or_exp><and_exp></and_exp></or_exp>
</condition>

<Node id="78" bw="8" op_0_bw="8" op_1_bw="8">
<![CDATA[
:23  %key_8_read_2 = call i8 @_ssdm_op_Read.ap_auto.i8(i8 %key_8_read)

]]></Node>
<StgValue><ssdm name="key_8_read_2"/></StgValue>
</operation>

<operation id="33" st_id="1" stage="1" lat="1">
<core>NULL</core>
<MemPortIdVec></MemPortIdVec>
<condition id="-1">
<or_exp><and_exp></and_exp></or_exp>
</condition>

<Node id="79" bw="8" op_0_bw="8" op_1_bw="8">
<![CDATA[
:24  %key_7_read_2 = call i8 @_ssdm_op_Read.ap_auto.i8(i8 %key_7_read)

]]></Node>
<StgValue><ssdm name="key_7_read_2"/></StgValue>
</operation>

<operation id="34" st_id="1" stage="1" lat="1">
<core>NULL</core>
<MemPortIdVec></MemPortIdVec>
<condition id="-1">
<or_exp><and_exp></and_exp></or_exp>
</condition>

<Node id="80" bw="8" op_0_bw="8" op_1_bw="8">
<![CDATA[
:25  %key_6_read_2 = call i8 @_ssdm_op_Read.ap_auto.i8(i8 %key_6_read)

]]></Node>
<StgValue><ssdm name="key_6_read_2"/></StgValue>
</operation>

<operation id="35" st_id="1" stage="1" lat="1">
<core>NULL</core>
<MemPortIdVec></MemPortIdVec>
<condition id="-1">
<or_exp><and_exp></and_exp></or_exp>
</condition>

<Node id="81" bw="8" op_0_bw="8" op_1_bw="8">
<![CDATA[
:26  %key_5_read_2 = call i8 @_ssdm_op_Read.ap_auto.i8(i8 %key_5_read)

]]></Node>
<StgValue><ssdm name="key_5_read_2"/></StgValue>
</operation>

<operation id="36" st_id="1" stage="1" lat="1">
<core>NULL</core>
<MemPortIdVec></MemPortIdVec>
<condition id="-1">
<or_exp><and_exp></and_exp></or_exp>
</condition>

<Node id="82" bw="8" op_0_bw="8" op_1_bw="8">
<![CDATA[
:27  %key_4_read21 = call i8 @_ssdm_op_Read.ap_auto.i8(i8 %key_4_read)

]]></Node>
<StgValue><ssdm name="key_4_read21"/></StgValue>
</operation>

<operation id="37" st_id="1" stage="1" lat="1">
<core>NULL</core>
<MemPortIdVec></MemPortIdVec>
<condition id="-1">
<or_exp><and_exp></and_exp></or_exp>
</condition>

<Node id="83" bw="8" op_0_bw="8" op_1_bw="8">
<![CDATA[
:28  %key_3_read_2 = call i8 @_ssdm_op_Read.ap_auto.i8(i8 %key_3_read)

]]></Node>
<StgValue><ssdm name="key_3_read_2"/></StgValue>
</operation>

<operation id="38" st_id="1" stage="1" lat="1">
<core>NULL</core>
<MemPortIdVec></MemPortIdVec>
<condition id="-1">
<or_exp><and_exp></and_exp></or_exp>
</condition>

<Node id="84" bw="8" op_0_bw="8" op_1_bw="8">
<![CDATA[
:29  %key_2_read_2 = call i8 @_ssdm_op_Read.ap_auto.i8(i8 %key_2_read)

]]></Node>
<StgValue><ssdm name="key_2_read_2"/></StgValue>
</operation>

<operation id="39" st_id="1" stage="1" lat="1">
<core>NULL</core>
<MemPortIdVec></MemPortIdVec>
<condition id="-1">
<or_exp><and_exp></and_exp></or_exp>
</condition>

<Node id="85" bw="8" op_0_bw="8" op_1_bw="8">
<![CDATA[
:30  %key_1_read_2 = call i8 @_ssdm_op_Read.ap_auto.i8(i8 %key_1_read)

]]></Node>
<StgValue><ssdm name="key_1_read_2"/></StgValue>
</operation>

<operation id="40" st_id="1" stage="1" lat="1">
<core>NULL</core>
<MemPortIdVec></MemPortIdVec>
<condition id="-1">
<or_exp><and_exp></and_exp></or_exp>
</condition>

<Node id="86" bw="8" op_0_bw="8" op_1_bw="8">
<![CDATA[
:31  %key_0_read_2 = call i8 @_ssdm_op_Read.ap_auto.i8(i8 %key_0_read)

]]></Node>
<StgValue><ssdm name="key_0_read_2"/></StgValue>
</operation>

<operation id="41" st_id="1" stage="1" lat="1">
<core>NULL</core>
<MemPortIdVec></MemPortIdVec>
<condition id="-1">
<or_exp><and_exp></and_exp></or_exp>
</condition>

<Node id="87" bw="8" op_0_bw="8" op_1_bw="8">
<![CDATA[
:32  %input_15_read_1 = call i8 @_ssdm_op_Read.ap_auto.i8(i8 %input_15_read)

]]></Node>
<StgValue><ssdm name="input_15_read_1"/></StgValue>
</operation>

<operation id="42" st_id="1" stage="1" lat="1">
<core>NULL</core>
<MemPortIdVec></MemPortIdVec>
<condition id="-1">
<or_exp><and_exp></and_exp></or_exp>
</condition>

<Node id="88" bw="8" op_0_bw="8" op_1_bw="8">
<![CDATA[
:33  %input_14_read_1 = call i8 @_ssdm_op_Read.ap_auto.i8(i8 %input_14_read)

]]></Node>
<StgValue><ssdm name="input_14_read_1"/></StgValue>
</operation>

<operation id="43" st_id="1" stage="1" lat="1">
<core>NULL</core>
<MemPortIdVec></MemPortIdVec>
<condition id="-1">
<or_exp><and_exp></and_exp></or_exp>
</condition>

<Node id="89" bw="8" op_0_bw="8" op_1_bw="8">
<![CDATA[
:34  %input_13_read_1 = call i8 @_ssdm_op_Read.ap_auto.i8(i8 %input_13_read)

]]></Node>
<StgValue><ssdm name="input_13_read_1"/></StgValue>
</operation>

<operation id="44" st_id="1" stage="1" lat="1">
<core>NULL</core>
<MemPortIdVec></MemPortIdVec>
<condition id="-1">
<or_exp><and_exp></and_exp></or_exp>
</condition>

<Node id="90" bw="8" op_0_bw="8" op_1_bw="8">
<![CDATA[
:35  %input_12_read_1 = call i8 @_ssdm_op_Read.ap_auto.i8(i8 %input_12_read)

]]></Node>
<StgValue><ssdm name="input_12_read_1"/></StgValue>
</operation>

<operation id="45" st_id="1" stage="1" lat="1">
<core>NULL</core>
<MemPortIdVec></MemPortIdVec>
<condition id="-1">
<or_exp><and_exp></and_exp></or_exp>
</condition>

<Node id="91" bw="8" op_0_bw="8" op_1_bw="8">
<![CDATA[
:36  %input_11_read_1 = call i8 @_ssdm_op_Read.ap_auto.i8(i8 %input_11_read)

]]></Node>
<StgValue><ssdm name="input_11_read_1"/></StgValue>
</operation>

<operation id="46" st_id="1" stage="1" lat="1">
<core>NULL</core>
<MemPortIdVec></MemPortIdVec>
<condition id="-1">
<or_exp><and_exp></and_exp></or_exp>
</condition>

<Node id="92" bw="8" op_0_bw="8" op_1_bw="8">
<![CDATA[
:37  %input_10_read_1 = call i8 @_ssdm_op_Read.ap_auto.i8(i8 %input_10_read)

]]></Node>
<StgValue><ssdm name="input_10_read_1"/></StgValue>
</operation>

<operation id="47" st_id="1" stage="1" lat="1">
<core>NULL</core>
<MemPortIdVec></MemPortIdVec>
<condition id="-1">
<or_exp><and_exp></and_exp></or_exp>
</condition>

<Node id="93" bw="8" op_0_bw="8" op_1_bw="8">
<![CDATA[
:38  %input_9_read_1 = call i8 @_ssdm_op_Read.ap_auto.i8(i8 %input_9_read)

]]></Node>
<StgValue><ssdm name="input_9_read_1"/></StgValue>
</operation>

<operation id="48" st_id="1" stage="1" lat="1">
<core>NULL</core>
<MemPortIdVec></MemPortIdVec>
<condition id="-1">
<or_exp><and_exp></and_exp></or_exp>
</condition>

<Node id="94" bw="8" op_0_bw="8" op_1_bw="8">
<![CDATA[
:39  %input_8_read_1 = call i8 @_ssdm_op_Read.ap_auto.i8(i8 %input_8_read)

]]></Node>
<StgValue><ssdm name="input_8_read_1"/></StgValue>
</operation>

<operation id="49" st_id="1" stage="1" lat="1">
<core>NULL</core>
<MemPortIdVec></MemPortIdVec>
<condition id="-1">
<or_exp><and_exp></and_exp></or_exp>
</condition>

<Node id="95" bw="8" op_0_bw="8" op_1_bw="8">
<![CDATA[
:40  %input_7_read_1 = call i8 @_ssdm_op_Read.ap_auto.i8(i8 %input_7_read)

]]></Node>
<StgValue><ssdm name="input_7_read_1"/></StgValue>
</operation>

<operation id="50" st_id="1" stage="1" lat="1">
<core>NULL</core>
<MemPortIdVec></MemPortIdVec>
<condition id="-1">
<or_exp><and_exp></and_exp></or_exp>
</condition>

<Node id="96" bw="8" op_0_bw="8" op_1_bw="8">
<![CDATA[
:41  %input_6_read_1 = call i8 @_ssdm_op_Read.ap_auto.i8(i8 %input_6_read)

]]></Node>
<StgValue><ssdm name="input_6_read_1"/></StgValue>
</operation>

<operation id="51" st_id="1" stage="1" lat="1">
<core>NULL</core>
<MemPortIdVec></MemPortIdVec>
<condition id="-1">
<or_exp><and_exp></and_exp></or_exp>
</condition>

<Node id="97" bw="8" op_0_bw="8" op_1_bw="8">
<![CDATA[
:42  %input_5_read_1 = call i8 @_ssdm_op_Read.ap_auto.i8(i8 %input_5_read)

]]></Node>
<StgValue><ssdm name="input_5_read_1"/></StgValue>
</operation>

<operation id="52" st_id="1" stage="1" lat="1">
<core>NULL</core>
<MemPortIdVec></MemPortIdVec>
<condition id="-1">
<or_exp><and_exp></and_exp></or_exp>
</condition>

<Node id="98" bw="8" op_0_bw="8" op_1_bw="8">
<![CDATA[
:43  %input_4_read_1 = call i8 @_ssdm_op_Read.ap_auto.i8(i8 %input_4_read)

]]></Node>
<StgValue><ssdm name="input_4_read_1"/></StgValue>
</operation>

<operation id="53" st_id="1" stage="1" lat="1">
<core>NULL</core>
<MemPortIdVec></MemPortIdVec>
<condition id="-1">
<or_exp><and_exp></and_exp></or_exp>
</condition>

<Node id="99" bw="8" op_0_bw="8" op_1_bw="8">
<![CDATA[
:44  %input_3_read_1 = call i8 @_ssdm_op_Read.ap_auto.i8(i8 %input_3_read)

]]></Node>
<StgValue><ssdm name="input_3_read_1"/></StgValue>
</operation>

<operation id="54" st_id="1" stage="1" lat="1">
<core>NULL</core>
<MemPortIdVec></MemPortIdVec>
<condition id="-1">
<or_exp><and_exp></and_exp></or_exp>
</condition>

<Node id="100" bw="8" op_0_bw="8" op_1_bw="8">
<![CDATA[
:45  %input_2_read_1 = call i8 @_ssdm_op_Read.ap_auto.i8(i8 %input_2_read)

]]></Node>
<StgValue><ssdm name="input_2_read_1"/></StgValue>
</operation>

<operation id="55" st_id="1" stage="1" lat="1">
<core>NULL</core>
<MemPortIdVec></MemPortIdVec>
<condition id="-1">
<or_exp><and_exp></and_exp></or_exp>
</condition>

<Node id="101" bw="8" op_0_bw="8" op_1_bw="8">
<![CDATA[
:46  %input_1_read_1 = call i8 @_ssdm_op_Read.ap_auto.i8(i8 %input_1_read)

]]></Node>
<StgValue><ssdm name="input_1_read_1"/></StgValue>
</operation>

<operation id="56" st_id="1" stage="1" lat="1">
<core>NULL</core>
<MemPortIdVec></MemPortIdVec>
<condition id="-1">
<or_exp><and_exp></and_exp></or_exp>
</condition>

<Node id="102" bw="8" op_0_bw="8" op_1_bw="8">
<![CDATA[
:47  %input_0_read_1 = call i8 @_ssdm_op_Read.ap_auto.i8(i8 %input_0_read)

]]></Node>
<StgValue><ssdm name="input_0_read_1"/></StgValue>
</operation>

<operation id="57" st_id="1" stage="1" lat="1">
<core>NULL</core>
<MemPortIdVec></MemPortIdVec>
<condition id="-1">
<or_exp><and_exp></and_exp></or_exp>
</condition>

<Node id="103" bw="8" op_0_bw="64">
<![CDATA[
:48  %expandedKey_0 = alloca [44 x i8], align 1

]]></Node>
<StgValue><ssdm name="expandedKey_0"/></StgValue>
</operation>

<operation id="58" st_id="1" stage="1" lat="1">
<core>NULL</core>
<MemPortIdVec></MemPortIdVec>
<condition id="-1">
<or_exp><and_exp></and_exp></or_exp>
</condition>

<Node id="104" bw="8" op_0_bw="64">
<![CDATA[
:49  %expandedKey_1 = alloca [44 x i8], align 1

]]></Node>
<StgValue><ssdm name="expandedKey_1"/></StgValue>
</operation>

<operation id="59" st_id="1" stage="1" lat="1">
<core>NULL</core>
<MemPortIdVec></MemPortIdVec>
<condition id="-1">
<or_exp><and_exp></and_exp></or_exp>
</condition>

<Node id="105" bw="8" op_0_bw="64">
<![CDATA[
:50  %expandedKey_2 = alloca [44 x i8], align 1

]]></Node>
<StgValue><ssdm name="expandedKey_2"/></StgValue>
</operation>

<operation id="60" st_id="1" stage="1" lat="1">
<core>NULL</core>
<MemPortIdVec></MemPortIdVec>
<condition id="-1">
<or_exp><and_exp></and_exp></or_exp>
</condition>

<Node id="106" bw="8" op_0_bw="64">
<![CDATA[
:51  %expandedKey_3 = alloca [44 x i8], align 1

]]></Node>
<StgValue><ssdm name="expandedKey_3"/></StgValue>
</operation>

<operation id="61" st_id="1" stage="1" lat="1">
<core>NULL</core>
<MemPortIdVec></MemPortIdVec>
<condition id="-1">
<or_exp><and_exp></and_exp></or_exp>
</condition>

<Node id="107" bw="0" op_0_bw="0">
<![CDATA[
:52  br label %.loopexit33

]]></Node>
<StgValue><ssdm name="br_ln74"/></StgValue>
</operation>
</state>

<state id="2" st_id="2">

<operation id="62" st_id="2" stage="1" lat="1">
<core>NULL</core>
<MemPortIdVec></MemPortIdVec>
<condition id="-1">
<or_exp><and_exp></and_exp></or_exp>
</condition>

<Node id="109" bw="3" op_0_bw="3" op_1_bw="0" op_2_bw="3" op_3_bw="0">
<![CDATA[
.loopexit33:0  %i_0 = phi i3 [ 0, %0 ], [ %i, %.loopexit33.loopexit ]

]]></Node>
<StgValue><ssdm name="i_0"/></StgValue>
</operation>

<operation id="63" st_id="2" stage="1" lat="1">
<core>Cmp</core>
<MemPortIdVec></MemPortIdVec>
<condition id="-1">
<or_exp><and_exp></and_exp></or_exp>
</condition>

<Node id="110" bw="1" op_0_bw="3" op_1_bw="3">
<![CDATA[
.loopexit33:1  %icmp_ln74 = icmp eq i3 %i_0, -4

]]></Node>
<StgValue><ssdm name="icmp_ln74"/></StgValue>
</operation>

<operation id="64" st_id="2" stage="1" lat="1">
<core>NULL</core>
<MemPortIdVec></MemPortIdVec>
<condition id="-1">
<or_exp><and_exp></and_exp></or_exp>
</condition>

<Node id="111" bw="32" op_0_bw="32" op_1_bw="64" op_2_bw="64" op_3_bw="64">
<![CDATA[
.loopexit33:2  %empty = call i32 (...)* @_ssdm_op_SpecLoopTripCount(i64 4, i64 4, i64 4)

]]></Node>
<StgValue><ssdm name="empty"/></StgValue>
</operation>

<operation id="65" st_id="2" stage="1" lat="1">
<core>AddSub</core>
<MemPortIdVec></MemPortIdVec>
<condition id="-1">
<or_exp><and_exp></and_exp></or_exp>
</condition>

<Node id="112" bw="3" op_0_bw="3" op_1_bw="3">
<![CDATA[
.loopexit33:3  %i = add i3 %i_0, 1

]]></Node>
<StgValue><ssdm name="i"/></StgValue>
</operation>

<operation id="66" st_id="2" stage="1" lat="1">
<core>NULL</core>
<MemPortIdVec></MemPortIdVec>
<condition id="-1">
<or_exp><and_exp></and_exp></or_exp>
</condition>

<Node id="113" bw="0" op_0_bw="1" op_1_bw="0" op_2_bw="0">
<![CDATA[
.loopexit33:4  br i1 %icmp_ln74, label %1, label %.preheader1.preheader

]]></Node>
<StgValue><ssdm name="br_ln74"/></StgValue>
</operation>

<operation id="67" st_id="2" stage="1" lat="1">
<core>NULL</core>
<MemPortIdVec></MemPortIdVec>
<condition id="-1">
<or_exp><and_exp><literal name="icmp_ln74" val="0"/>
</and_exp></or_exp>
</condition>

<Node id="115" bw="4" op_0_bw="3">
<![CDATA[
.preheader1.preheader:0  %zext_ln79 = zext i3 %i_0 to i4

]]></Node>
<StgValue><ssdm name="zext_ln79"/></StgValue>
</operation>

<operation id="68" st_id="2" stage="1" lat="1">
<core>NULL</core>
<MemPortIdVec></MemPortIdVec>
<condition id="-1">
<or_exp><and_exp><literal name="icmp_ln74" val="0"/>
</and_exp></or_exp>
</condition>

<Node id="116" bw="2" op_0_bw="3">
<![CDATA[
.preheader1.preheader:1  %trunc_ln79 = trunc i3 %i_0 to i2

]]></Node>
<StgValue><ssdm name="trunc_ln79"/></StgValue>
</operation>

<operation id="69" st_id="2" stage="1" lat="1">
<core>NULL</core>
<MemPortIdVec></MemPortIdVec>
<condition id="-1">
<or_exp><and_exp><literal name="icmp_ln74" val="0"/>
</and_exp></or_exp>
</condition>

<Node id="117" bw="4" op_0_bw="4" op_1_bw="2" op_2_bw="2">
<![CDATA[
.preheader1.preheader:2  %shl_ln = call i4 @_ssdm_op_BitConcatenate.i4.i2.i2(i2 %trunc_ln79, i2 0)

]]></Node>
<StgValue><ssdm name="shl_ln"/></StgValue>
</operation>

<operation id="70" st_id="2" stage="1" lat="1">
<core>NULL</core>
<MemPortIdVec></MemPortIdVec>
<condition id="-1">
<or_exp><and_exp><literal name="icmp_ln74" val="0"/>
</and_exp></or_exp>
</condition>

<Node id="118" bw="0" op_0_bw="0">
<![CDATA[
.preheader1.preheader:3  br label %.preheader1

]]></Node>
<StgValue><ssdm name="br_ln77"/></StgValue>
</operation>

<operation id="71" st_id="2" stage="2" lat="2">
<core></core>
<MemPortIdVec></MemPortIdVec>
<condition id="-1">
<or_exp><and_exp><literal name="icmp_ln74" val="1"/>
</and_exp></or_exp>
</condition>

<Node id="200" bw="0" op_0_bw="0" op_1_bw="8" op_2_bw="8" op_3_bw="8" op_4_bw="8" op_5_bw="8" op_6_bw="8" op_7_bw="8" op_8_bw="8" op_9_bw="8" op_10_bw="8" op_11_bw="8" op_12_bw="8" op_13_bw="8" op_14_bw="8" op_15_bw="8" op_16_bw="8" op_17_bw="8" op_18_bw="8" op_19_bw="8" op_20_bw="8" op_21_bw="8" op_22_bw="8">
<![CDATA[
:16  call fastcc void @expandKey([44 x i8]* %expandedKey_0, [44 x i8]* %expandedKey_1, [44 x i8]* %expandedKey_2, [44 x i8]* %expandedKey_3, i8 %key_0_read_2, i8 %key_1_read_2, i8 %key_2_read_2, i8 %key_3_read_2, i8 %key_4_read21, i8 %key_5_read_2, i8 %key_6_read_2, i8 %key_7_read_2, i8 %key_8_read_2, i8 %key_9_read_2, i8 %key_10_read_2, i8 %key_11_read_2, i8 %key_12_read_2, i8 %key_13_read_2, i8 %key_14_read31, i8 %key_15_read_2)

]]></Node>
<StgValue><ssdm name="call_ln84"/></StgValue>
</operation>
</state>

<state id="3" st_id="3">

<operation id="72" st_id="3" stage="1" lat="1">
<core>NULL</core>
<MemPortIdVec></MemPortIdVec>
<condition id="-1">
<or_exp><and_exp></and_exp></or_exp>
</condition>

<Node id="120" bw="3" op_0_bw="3" op_1_bw="0" op_2_bw="3" op_3_bw="0">
<![CDATA[
.preheader1:0  %j_0 = phi i3 [ %j, %branch0 ], [ 0, %.preheader1.preheader ]

]]></Node>
<StgValue><ssdm name="j_0"/></StgValue>
</operation>

<operation id="73" st_id="3" stage="1" lat="1">
<core>Cmp</core>
<MemPortIdVec></MemPortIdVec>
<condition id="-1">
<or_exp><and_exp></and_exp></or_exp>
</condition>

<Node id="121" bw="1" op_0_bw="3" op_1_bw="3">
<![CDATA[
.preheader1:1  %icmp_ln77 = icmp eq i3 %j_0, -4

]]></Node>
<StgValue><ssdm name="icmp_ln77"/></StgValue>
</operation>

<operation id="74" st_id="3" stage="1" lat="1">
<core>NULL</core>
<MemPortIdVec></MemPortIdVec>
<condition id="-1">
<or_exp><and_exp></and_exp></or_exp>
</condition>

<Node id="122" bw="32" op_0_bw="32" op_1_bw="64" op_2_bw="64" op_3_bw="64">
<![CDATA[
.preheader1:2  %empty_10 = call i32 (...)* @_ssdm_op_SpecLoopTripCount(i64 4, i64 4, i64 4)

]]></Node>
<StgValue><ssdm name="empty_10"/></StgValue>
</operation>

<operation id="75" st_id="3" stage="1" lat="1">
<core>AddSub</core>
<MemPortIdVec></MemPortIdVec>
<condition id="-1">
<or_exp><and_exp></and_exp></or_exp>
</condition>

<Node id="123" bw="3" op_0_bw="3" op_1_bw="3">
<![CDATA[
.preheader1:3  %j = add i3 %j_0, 1

]]></Node>
<StgValue><ssdm name="j"/></StgValue>
</operation>

<operation id="76" st_id="3" stage="1" lat="1">
<core>NULL</core>
<MemPortIdVec></MemPortIdVec>
<condition id="-1">
<or_exp><and_exp></and_exp></or_exp>
</condition>

<Node id="124" bw="0" op_0_bw="1" op_1_bw="0" op_2_bw="0">
<![CDATA[
.preheader1:4  br i1 %icmp_ln77, label %.loopexit33.loopexit, label %branch0

]]></Node>
<StgValue><ssdm name="br_ln77"/></StgValue>
</operation>

<operation id="77" st_id="3" stage="1" lat="1">
<core>NULL</core>
<MemPortIdVec></MemPortIdVec>
<condition id="-1">
<or_exp><and_exp><literal name="icmp_ln77" val="0"/>
</and_exp></or_exp>
</condition>

<Node id="126" bw="8" op_0_bw="8">
<![CDATA[
branch0:0  %block_016_load_1 = load i8* %block_016

]]></Node>
<StgValue><ssdm name="block_016_load_1"/></StgValue>
</operation>

<operation id="78" st_id="3" stage="1" lat="1">
<core>NULL</core>
<MemPortIdVec></MemPortIdVec>
<condition id="-1">
<or_exp><and_exp><literal name="icmp_ln77" val="0"/>
</and_exp></or_exp>
</condition>

<Node id="127" bw="8" op_0_bw="8">
<![CDATA[
branch0:1  %block_117_load_1 = load i8* %block_117

]]></Node>
<StgValue><ssdm name="block_117_load_1"/></StgValue>
</operation>

<operation id="79" st_id="3" stage="1" lat="1">
<core>NULL</core>
<MemPortIdVec></MemPortIdVec>
<condition id="-1">
<or_exp><and_exp><literal name="icmp_ln77" val="0"/>
</and_exp></or_exp>
</condition>

<Node id="128" bw="8" op_0_bw="8">
<![CDATA[
branch0:2  %block_218_load_1 = load i8* %block_218

]]></Node>
<StgValue><ssdm name="block_218_load_1"/></StgValue>
</operation>

<operation id="80" st_id="3" stage="1" lat="1">
<core>NULL</core>
<MemPortIdVec></MemPortIdVec>
<condition id="-1">
<or_exp><and_exp><literal name="icmp_ln77" val="0"/>
</and_exp></or_exp>
</condition>

<Node id="129" bw="8" op_0_bw="8">
<![CDATA[
branch0:3  %block_319_load_1 = load i8* %block_319

]]></Node>
<StgValue><ssdm name="block_319_load_1"/></StgValue>
</operation>

<operation id="81" st_id="3" stage="1" lat="1">
<core>NULL</core>
<MemPortIdVec></MemPortIdVec>
<condition id="-1">
<or_exp><and_exp><literal name="icmp_ln77" val="0"/>
</and_exp></or_exp>
</condition>

<Node id="130" bw="8" op_0_bw="8">
<![CDATA[
branch0:4  %block_420_load_1 = load i8* %block_420

]]></Node>
<StgValue><ssdm name="block_420_load_1"/></StgValue>
</operation>

<operation id="82" st_id="3" stage="1" lat="1">
<core>NULL</core>
<MemPortIdVec></MemPortIdVec>
<condition id="-1">
<or_exp><and_exp><literal name="icmp_ln77" val="0"/>
</and_exp></or_exp>
</condition>

<Node id="131" bw="8" op_0_bw="8">
<![CDATA[
branch0:5  %block_521_load_1 = load i8* %block_521

]]></Node>
<StgValue><ssdm name="block_521_load_1"/></StgValue>
</operation>

<operation id="83" st_id="3" stage="1" lat="1">
<core>NULL</core>
<MemPortIdVec></MemPortIdVec>
<condition id="-1">
<or_exp><and_exp><literal name="icmp_ln77" val="0"/>
</and_exp></or_exp>
</condition>

<Node id="132" bw="8" op_0_bw="8">
<![CDATA[
branch0:6  %block_622_load_1 = load i8* %block_622

]]></Node>
<StgValue><ssdm name="block_622_load_1"/></StgValue>
</operation>

<operation id="84" st_id="3" stage="1" lat="1">
<core>NULL</core>
<MemPortIdVec></MemPortIdVec>
<condition id="-1">
<or_exp><and_exp><literal name="icmp_ln77" val="0"/>
</and_exp></or_exp>
</condition>

<Node id="133" bw="8" op_0_bw="8">
<![CDATA[
branch0:7  %block_723_load_1 = load i8* %block_723

]]></Node>
<StgValue><ssdm name="block_723_load_1"/></StgValue>
</operation>

<operation id="85" st_id="3" stage="1" lat="1">
<core>NULL</core>
<MemPortIdVec></MemPortIdVec>
<condition id="-1">
<or_exp><and_exp><literal name="icmp_ln77" val="0"/>
</and_exp></or_exp>
</condition>

<Node id="134" bw="8" op_0_bw="8">
<![CDATA[
branch0:8  %block_824_load_1 = load i8* %block_824

]]></Node>
<StgValue><ssdm name="block_824_load_1"/></StgValue>
</operation>

<operation id="86" st_id="3" stage="1" lat="1">
<core>NULL</core>
<MemPortIdVec></MemPortIdVec>
<condition id="-1">
<or_exp><and_exp><literal name="icmp_ln77" val="0"/>
</and_exp></or_exp>
</condition>

<Node id="135" bw="8" op_0_bw="8">
<![CDATA[
branch0:9  %block_925_load_1 = load i8* %block_925

]]></Node>
<StgValue><ssdm name="block_925_load_1"/></StgValue>
</operation>

<operation id="87" st_id="3" stage="1" lat="1">
<core>NULL</core>
<MemPortIdVec></MemPortIdVec>
<condition id="-1">
<or_exp><and_exp><literal name="icmp_ln77" val="0"/>
</and_exp></or_exp>
</condition>

<Node id="136" bw="8" op_0_bw="8">
<![CDATA[
branch0:10  %block_1026_load_1 = load i8* %block_1026

]]></Node>
<StgValue><ssdm name="block_1026_load_1"/></StgValue>
</operation>

<operation id="88" st_id="3" stage="1" lat="1">
<core>NULL</core>
<MemPortIdVec></MemPortIdVec>
<condition id="-1">
<or_exp><and_exp><literal name="icmp_ln77" val="0"/>
</and_exp></or_exp>
</condition>

<Node id="137" bw="8" op_0_bw="8">
<![CDATA[
branch0:11  %block_1127_load_1 = load i8* %block_1127

]]></Node>
<StgValue><ssdm name="block_1127_load_1"/></StgValue>
</operation>

<operation id="89" st_id="3" stage="1" lat="1">
<core>NULL</core>
<MemPortIdVec></MemPortIdVec>
<condition id="-1">
<or_exp><and_exp><literal name="icmp_ln77" val="0"/>
</and_exp></or_exp>
</condition>

<Node id="138" bw="8" op_0_bw="8">
<![CDATA[
branch0:12  %block_1228_load_1 = load i8* %block_1228

]]></Node>
<StgValue><ssdm name="block_1228_load_1"/></StgValue>
</operation>

<operation id="90" st_id="3" stage="1" lat="1">
<core>NULL</core>
<MemPortIdVec></MemPortIdVec>
<condition id="-1">
<or_exp><and_exp><literal name="icmp_ln77" val="0"/>
</and_exp></or_exp>
</condition>

<Node id="139" bw="8" op_0_bw="8">
<![CDATA[
branch0:13  %block_1329_load_1 = load i8* %block_1329

]]></Node>
<StgValue><ssdm name="block_1329_load_1"/></StgValue>
</operation>

<operation id="91" st_id="3" stage="1" lat="1">
<core>NULL</core>
<MemPortIdVec></MemPortIdVec>
<condition id="-1">
<or_exp><and_exp><literal name="icmp_ln77" val="0"/>
</and_exp></or_exp>
</condition>

<Node id="140" bw="8" op_0_bw="8">
<![CDATA[
branch0:14  %block_1430_load_1 = load i8* %block_1430

]]></Node>
<StgValue><ssdm name="block_1430_load_1"/></StgValue>
</operation>

<operation id="92" st_id="3" stage="1" lat="1">
<core>NULL</core>
<MemPortIdVec></MemPortIdVec>
<condition id="-1">
<or_exp><and_exp><literal name="icmp_ln77" val="0"/>
</and_exp></or_exp>
</condition>

<Node id="141" bw="8" op_0_bw="8">
<![CDATA[
branch0:15  %block_1531_load_1 = load i8* %block_1531

]]></Node>
<StgValue><ssdm name="block_1531_load_1"/></StgValue>
</operation>

<operation id="93" st_id="3" stage="1" lat="1">
<core>NULL</core>
<MemPortIdVec></MemPortIdVec>
<condition id="-1">
<or_exp><and_exp><literal name="icmp_ln77" val="0"/>
</and_exp></or_exp>
</condition>

<Node id="142" bw="4" op_0_bw="3">
<![CDATA[
branch0:16  %zext_ln79_1 = zext i3 %j_0 to i4

]]></Node>
<StgValue><ssdm name="zext_ln79_1"/></StgValue>
</operation>

<operation id="94" st_id="3" stage="1" lat="1">
<core>AddSub</core>
<MemPortIdVec></MemPortIdVec>
<condition id="-1">
<or_exp><and_exp><literal name="icmp_ln77" val="0"/>
</and_exp></or_exp>
</condition>

<Node id="143" bw="4" op_0_bw="4" op_1_bw="4">
<![CDATA[
branch0:17  %add_ln79 = add i4 %zext_ln79_1, %shl_ln

]]></Node>
<StgValue><ssdm name="add_ln79"/></StgValue>
</operation>

<operation id="95" st_id="3" stage="1" lat="1">
<core>MuxnS</core>
<MemPortIdVec></MemPortIdVec>
<condition id="-1">
<or_exp><and_exp><literal name="icmp_ln77" val="0"/>
</and_exp></or_exp>
</condition>

<Node id="144" bw="8" op_0_bw="8" op_1_bw="8" op_2_bw="8" op_3_bw="8" op_4_bw="8" op_5_bw="8" op_6_bw="8" op_7_bw="8" op_8_bw="8" op_9_bw="8" op_10_bw="8" op_11_bw="8" op_12_bw="8" op_13_bw="8" op_14_bw="8" op_15_bw="8" op_16_bw="8" op_17_bw="4">
<![CDATA[
branch0:18  %tmp = call i8 @_ssdm_op_Mux.ap_auto.16i8.i4(i8 %input_0_read_1, i8 %input_1_read_1, i8 %input_2_read_1, i8 %input_3_read_1, i8 %input_4_read_1, i8 %input_5_read_1, i8 %input_6_read_1, i8 %input_7_read_1, i8 %input_8_read_1, i8 %input_9_read_1, i8 %input_10_read_1, i8 %input_11_read_1, i8 %input_12_read_1, i8 %input_13_read_1, i8 %input_14_read_1, i8 %input_15_read_1, i4 %add_ln79)

]]></Node>
<StgValue><ssdm name="tmp"/></StgValue>
</operation>

<operation id="96" st_id="3" stage="1" lat="1">
<core>NULL</core>
<MemPortIdVec></MemPortIdVec>
<condition id="-1">
<or_exp><and_exp><literal name="icmp_ln77" val="0"/>
</and_exp></or_exp>
</condition>

<Node id="145" bw="2" op_0_bw="3">
<![CDATA[
branch0:19  %trunc_ln79_1 = trunc i3 %j_0 to i2

]]></Node>
<StgValue><ssdm name="trunc_ln79_1"/></StgValue>
</operation>

<operation id="97" st_id="3" stage="1" lat="1">
<core>NULL</core>
<MemPortIdVec></MemPortIdVec>
<condition id="-1">
<or_exp><and_exp><literal name="icmp_ln77" val="0"/>
</and_exp></or_exp>
</condition>

<Node id="146" bw="4" op_0_bw="4" op_1_bw="2" op_2_bw="2">
<![CDATA[
branch0:20  %shl_ln79_1 = call i4 @_ssdm_op_BitConcatenate.i4.i2.i2(i2 %trunc_ln79_1, i2 0)

]]></Node>
<StgValue><ssdm name="shl_ln79_1"/></StgValue>
</operation>

<operation id="98" st_id="3" stage="1" lat="1">
<core>AddSub</core>
<MemPortIdVec></MemPortIdVec>
<condition id="-1">
<or_exp><and_exp><literal name="icmp_ln77" val="0"/>
</and_exp></or_exp>
</condition>

<Node id="147" bw="4" op_0_bw="4" op_1_bw="4">
<![CDATA[
branch0:21  %add_ln79_1 = add i4 %shl_ln79_1, %zext_ln79

]]></Node>
<StgValue><ssdm name="add_ln79_1"/></StgValue>
</operation>

<operation id="99" st_id="3" stage="1" lat="1">
<core>MuxnS</core>
<MemPortIdVec></MemPortIdVec>
<condition id="-1">
<or_exp><and_exp><literal name="icmp_ln77" val="0"/>
</and_exp></or_exp>
</condition>

<Node id="148" bw="8" op_0_bw="8" op_1_bw="8" op_2_bw="8" op_3_bw="8" op_4_bw="8" op_5_bw="8" op_6_bw="8" op_7_bw="8" op_8_bw="8" op_9_bw="8" op_10_bw="8" op_11_bw="8" op_12_bw="8" op_13_bw="8" op_14_bw="8" op_15_bw="8" op_16_bw="8" op_17_bw="4">
<![CDATA[
branch0:22  %block_s = call i8 @_ssdm_op_Mux.ap_auto.16i8.i4(i8 %tmp, i8 %block_016_load_1, i8 %block_016_load_1, i8 %block_016_load_1, i8 %block_016_load_1, i8 %block_016_load_1, i8 %block_016_load_1, i8 %block_016_load_1, i8 %block_016_load_1, i8 %block_016_load_1, i8 %block_016_load_1, i8 %block_016_load_1, i8 %block_016_load_1, i8 %block_016_load_1, i8 %block_016_load_1, i8 %block_016_load_1, i4 %add_ln79_1)

]]></Node>
<StgValue><ssdm name="block_s"/></StgValue>
</operation>

<operation id="100" st_id="3" stage="1" lat="1">
<core>MuxnS</core>
<MemPortIdVec></MemPortIdVec>
<condition id="-1">
<or_exp><and_exp><literal name="icmp_ln77" val="0"/>
</and_exp></or_exp>
</condition>

<Node id="149" bw="8" op_0_bw="8" op_1_bw="8" op_2_bw="8" op_3_bw="8" op_4_bw="8" op_5_bw="8" op_6_bw="8" op_7_bw="8" op_8_bw="8" op_9_bw="8" op_10_bw="8" op_11_bw="8" op_12_bw="8" op_13_bw="8" op_14_bw="8" op_15_bw="8" op_16_bw="8" op_17_bw="4">
<![CDATA[
branch0:23  %block_1 = call i8 @_ssdm_op_Mux.ap_auto.16i8.i4(i8 %block_117_load_1, i8 %tmp, i8 %block_117_load_1, i8 %block_117_load_1, i8 %block_117_load_1, i8 %block_117_load_1, i8 %block_117_load_1, i8 %block_117_load_1, i8 %block_117_load_1, i8 %block_117_load_1, i8 %block_117_load_1, i8 %block_117_load_1, i8 %block_117_load_1, i8 %block_117_load_1, i8 %block_117_load_1, i8 %block_117_load_1, i4 %add_ln79_1)

]]></Node>
<StgValue><ssdm name="block_1"/></StgValue>
</operation>

<operation id="101" st_id="3" stage="1" lat="1">
<core>MuxnS</core>
<MemPortIdVec></MemPortIdVec>
<condition id="-1">
<or_exp><and_exp><literal name="icmp_ln77" val="0"/>
</and_exp></or_exp>
</condition>

<Node id="150" bw="8" op_0_bw="8" op_1_bw="8" op_2_bw="8" op_3_bw="8" op_4_bw="8" op_5_bw="8" op_6_bw="8" op_7_bw="8" op_8_bw="8" op_9_bw="8" op_10_bw="8" op_11_bw="8" op_12_bw="8" op_13_bw="8" op_14_bw="8" op_15_bw="8" op_16_bw="8" op_17_bw="4">
<![CDATA[
branch0:24  %block_2 = call i8 @_ssdm_op_Mux.ap_auto.16i8.i4(i8 %block_218_load_1, i8 %block_218_load_1, i8 %tmp, i8 %block_218_load_1, i8 %block_218_load_1, i8 %block_218_load_1, i8 %block_218_load_1, i8 %block_218_load_1, i8 %block_218_load_1, i8 %block_218_load_1, i8 %block_218_load_1, i8 %block_218_load_1, i8 %block_218_load_1, i8 %block_218_load_1, i8 %block_218_load_1, i8 %block_218_load_1, i4 %add_ln79_1)

]]></Node>
<StgValue><ssdm name="block_2"/></StgValue>
</operation>

<operation id="102" st_id="3" stage="1" lat="1">
<core>MuxnS</core>
<MemPortIdVec></MemPortIdVec>
<condition id="-1">
<or_exp><and_exp><literal name="icmp_ln77" val="0"/>
</and_exp></or_exp>
</condition>

<Node id="151" bw="8" op_0_bw="8" op_1_bw="8" op_2_bw="8" op_3_bw="8" op_4_bw="8" op_5_bw="8" op_6_bw="8" op_7_bw="8" op_8_bw="8" op_9_bw="8" op_10_bw="8" op_11_bw="8" op_12_bw="8" op_13_bw="8" op_14_bw="8" op_15_bw="8" op_16_bw="8" op_17_bw="4">
<![CDATA[
branch0:25  %block_3 = call i8 @_ssdm_op_Mux.ap_auto.16i8.i4(i8 %block_319_load_1, i8 %block_319_load_1, i8 %block_319_load_1, i8 %tmp, i8 %block_319_load_1, i8 %block_319_load_1, i8 %block_319_load_1, i8 %block_319_load_1, i8 %block_319_load_1, i8 %block_319_load_1, i8 %block_319_load_1, i8 %block_319_load_1, i8 %block_319_load_1, i8 %block_319_load_1, i8 %block_319_load_1, i8 %block_319_load_1, i4 %add_ln79_1)

]]></Node>
<StgValue><ssdm name="block_3"/></StgValue>
</operation>

<operation id="103" st_id="3" stage="1" lat="1">
<core>MuxnS</core>
<MemPortIdVec></MemPortIdVec>
<condition id="-1">
<or_exp><and_exp><literal name="icmp_ln77" val="0"/>
</and_exp></or_exp>
</condition>

<Node id="152" bw="8" op_0_bw="8" op_1_bw="8" op_2_bw="8" op_3_bw="8" op_4_bw="8" op_5_bw="8" op_6_bw="8" op_7_bw="8" op_8_bw="8" op_9_bw="8" op_10_bw="8" op_11_bw="8" op_12_bw="8" op_13_bw="8" op_14_bw="8" op_15_bw="8" op_16_bw="8" op_17_bw="4">
<![CDATA[
branch0:26  %block_4 = call i8 @_ssdm_op_Mux.ap_auto.16i8.i4(i8 %block_420_load_1, i8 %block_420_load_1, i8 %block_420_load_1, i8 %block_420_load_1, i8 %tmp, i8 %block_420_load_1, i8 %block_420_load_1, i8 %block_420_load_1, i8 %block_420_load_1, i8 %block_420_load_1, i8 %block_420_load_1, i8 %block_420_load_1, i8 %block_420_load_1, i8 %block_420_load_1, i8 %block_420_load_1, i8 %block_420_load_1, i4 %add_ln79_1)

]]></Node>
<StgValue><ssdm name="block_4"/></StgValue>
</operation>

<operation id="104" st_id="3" stage="1" lat="1">
<core>MuxnS</core>
<MemPortIdVec></MemPortIdVec>
<condition id="-1">
<or_exp><and_exp><literal name="icmp_ln77" val="0"/>
</and_exp></or_exp>
</condition>

<Node id="153" bw="8" op_0_bw="8" op_1_bw="8" op_2_bw="8" op_3_bw="8" op_4_bw="8" op_5_bw="8" op_6_bw="8" op_7_bw="8" op_8_bw="8" op_9_bw="8" op_10_bw="8" op_11_bw="8" op_12_bw="8" op_13_bw="8" op_14_bw="8" op_15_bw="8" op_16_bw="8" op_17_bw="4">
<![CDATA[
branch0:27  %block_5 = call i8 @_ssdm_op_Mux.ap_auto.16i8.i4(i8 %block_521_load_1, i8 %block_521_load_1, i8 %block_521_load_1, i8 %block_521_load_1, i8 %block_521_load_1, i8 %tmp, i8 %block_521_load_1, i8 %block_521_load_1, i8 %block_521_load_1, i8 %block_521_load_1, i8 %block_521_load_1, i8 %block_521_load_1, i8 %block_521_load_1, i8 %block_521_load_1, i8 %block_521_load_1, i8 %block_521_load_1, i4 %add_ln79_1)

]]></Node>
<StgValue><ssdm name="block_5"/></StgValue>
</operation>

<operation id="105" st_id="3" stage="1" lat="1">
<core>MuxnS</core>
<MemPortIdVec></MemPortIdVec>
<condition id="-1">
<or_exp><and_exp><literal name="icmp_ln77" val="0"/>
</and_exp></or_exp>
</condition>

<Node id="154" bw="8" op_0_bw="8" op_1_bw="8" op_2_bw="8" op_3_bw="8" op_4_bw="8" op_5_bw="8" op_6_bw="8" op_7_bw="8" op_8_bw="8" op_9_bw="8" op_10_bw="8" op_11_bw="8" op_12_bw="8" op_13_bw="8" op_14_bw="8" op_15_bw="8" op_16_bw="8" op_17_bw="4">
<![CDATA[
branch0:28  %block_6 = call i8 @_ssdm_op_Mux.ap_auto.16i8.i4(i8 %block_622_load_1, i8 %block_622_load_1, i8 %block_622_load_1, i8 %block_622_load_1, i8 %block_622_load_1, i8 %block_622_load_1, i8 %tmp, i8 %block_622_load_1, i8 %block_622_load_1, i8 %block_622_load_1, i8 %block_622_load_1, i8 %block_622_load_1, i8 %block_622_load_1, i8 %block_622_load_1, i8 %block_622_load_1, i8 %block_622_load_1, i4 %add_ln79_1)

]]></Node>
<StgValue><ssdm name="block_6"/></StgValue>
</operation>

<operation id="106" st_id="3" stage="1" lat="1">
<core>MuxnS</core>
<MemPortIdVec></MemPortIdVec>
<condition id="-1">
<or_exp><and_exp><literal name="icmp_ln77" val="0"/>
</and_exp></or_exp>
</condition>

<Node id="155" bw="8" op_0_bw="8" op_1_bw="8" op_2_bw="8" op_3_bw="8" op_4_bw="8" op_5_bw="8" op_6_bw="8" op_7_bw="8" op_8_bw="8" op_9_bw="8" op_10_bw="8" op_11_bw="8" op_12_bw="8" op_13_bw="8" op_14_bw="8" op_15_bw="8" op_16_bw="8" op_17_bw="4">
<![CDATA[
branch0:29  %block_7 = call i8 @_ssdm_op_Mux.ap_auto.16i8.i4(i8 %block_723_load_1, i8 %block_723_load_1, i8 %block_723_load_1, i8 %block_723_load_1, i8 %block_723_load_1, i8 %block_723_load_1, i8 %block_723_load_1, i8 %tmp, i8 %block_723_load_1, i8 %block_723_load_1, i8 %block_723_load_1, i8 %block_723_load_1, i8 %block_723_load_1, i8 %block_723_load_1, i8 %block_723_load_1, i8 %block_723_load_1, i4 %add_ln79_1)

]]></Node>
<StgValue><ssdm name="block_7"/></StgValue>
</operation>

<operation id="107" st_id="3" stage="1" lat="1">
<core>MuxnS</core>
<MemPortIdVec></MemPortIdVec>
<condition id="-1">
<or_exp><and_exp><literal name="icmp_ln77" val="0"/>
</and_exp></or_exp>
</condition>

<Node id="156" bw="8" op_0_bw="8" op_1_bw="8" op_2_bw="8" op_3_bw="8" op_4_bw="8" op_5_bw="8" op_6_bw="8" op_7_bw="8" op_8_bw="8" op_9_bw="8" op_10_bw="8" op_11_bw="8" op_12_bw="8" op_13_bw="8" op_14_bw="8" op_15_bw="8" op_16_bw="8" op_17_bw="4">
<![CDATA[
branch0:30  %block_8 = call i8 @_ssdm_op_Mux.ap_auto.16i8.i4(i8 %block_824_load_1, i8 %block_824_load_1, i8 %block_824_load_1, i8 %block_824_load_1, i8 %block_824_load_1, i8 %block_824_load_1, i8 %block_824_load_1, i8 %block_824_load_1, i8 %tmp, i8 %block_824_load_1, i8 %block_824_load_1, i8 %block_824_load_1, i8 %block_824_load_1, i8 %block_824_load_1, i8 %block_824_load_1, i8 %block_824_load_1, i4 %add_ln79_1)

]]></Node>
<StgValue><ssdm name="block_8"/></StgValue>
</operation>

<operation id="108" st_id="3" stage="1" lat="1">
<core>MuxnS</core>
<MemPortIdVec></MemPortIdVec>
<condition id="-1">
<or_exp><and_exp><literal name="icmp_ln77" val="0"/>
</and_exp></or_exp>
</condition>

<Node id="157" bw="8" op_0_bw="8" op_1_bw="8" op_2_bw="8" op_3_bw="8" op_4_bw="8" op_5_bw="8" op_6_bw="8" op_7_bw="8" op_8_bw="8" op_9_bw="8" op_10_bw="8" op_11_bw="8" op_12_bw="8" op_13_bw="8" op_14_bw="8" op_15_bw="8" op_16_bw="8" op_17_bw="4">
<![CDATA[
branch0:31  %block_9 = call i8 @_ssdm_op_Mux.ap_auto.16i8.i4(i8 %block_925_load_1, i8 %block_925_load_1, i8 %block_925_load_1, i8 %block_925_load_1, i8 %block_925_load_1, i8 %block_925_load_1, i8 %block_925_load_1, i8 %block_925_load_1, i8 %block_925_load_1, i8 %tmp, i8 %block_925_load_1, i8 %block_925_load_1, i8 %block_925_load_1, i8 %block_925_load_1, i8 %block_925_load_1, i8 %block_925_load_1, i4 %add_ln79_1)

]]></Node>
<StgValue><ssdm name="block_9"/></StgValue>
</operation>

<operation id="109" st_id="3" stage="1" lat="1">
<core>MuxnS</core>
<MemPortIdVec></MemPortIdVec>
<condition id="-1">
<or_exp><and_exp><literal name="icmp_ln77" val="0"/>
</and_exp></or_exp>
</condition>

<Node id="158" bw="8" op_0_bw="8" op_1_bw="8" op_2_bw="8" op_3_bw="8" op_4_bw="8" op_5_bw="8" op_6_bw="8" op_7_bw="8" op_8_bw="8" op_9_bw="8" op_10_bw="8" op_11_bw="8" op_12_bw="8" op_13_bw="8" op_14_bw="8" op_15_bw="8" op_16_bw="8" op_17_bw="4">
<![CDATA[
branch0:32  %block_10 = call i8 @_ssdm_op_Mux.ap_auto.16i8.i4(i8 %block_1026_load_1, i8 %block_1026_load_1, i8 %block_1026_load_1, i8 %block_1026_load_1, i8 %block_1026_load_1, i8 %block_1026_load_1, i8 %block_1026_load_1, i8 %block_1026_load_1, i8 %block_1026_load_1, i8 %block_1026_load_1, i8 %tmp, i8 %block_1026_load_1, i8 %block_1026_load_1, i8 %block_1026_load_1, i8 %block_1026_load_1, i8 %block_1026_load_1, i4 %add_ln79_1)

]]></Node>
<StgValue><ssdm name="block_10"/></StgValue>
</operation>

<operation id="110" st_id="3" stage="1" lat="1">
<core>MuxnS</core>
<MemPortIdVec></MemPortIdVec>
<condition id="-1">
<or_exp><and_exp><literal name="icmp_ln77" val="0"/>
</and_exp></or_exp>
</condition>

<Node id="159" bw="8" op_0_bw="8" op_1_bw="8" op_2_bw="8" op_3_bw="8" op_4_bw="8" op_5_bw="8" op_6_bw="8" op_7_bw="8" op_8_bw="8" op_9_bw="8" op_10_bw="8" op_11_bw="8" op_12_bw="8" op_13_bw="8" op_14_bw="8" op_15_bw="8" op_16_bw="8" op_17_bw="4">
<![CDATA[
branch0:33  %block_11 = call i8 @_ssdm_op_Mux.ap_auto.16i8.i4(i8 %block_1127_load_1, i8 %block_1127_load_1, i8 %block_1127_load_1, i8 %block_1127_load_1, i8 %block_1127_load_1, i8 %block_1127_load_1, i8 %block_1127_load_1, i8 %block_1127_load_1, i8 %block_1127_load_1, i8 %block_1127_load_1, i8 %block_1127_load_1, i8 %tmp, i8 %block_1127_load_1, i8 %block_1127_load_1, i8 %block_1127_load_1, i8 %block_1127_load_1, i4 %add_ln79_1)

]]></Node>
<StgValue><ssdm name="block_11"/></StgValue>
</operation>

<operation id="111" st_id="3" stage="1" lat="1">
<core>MuxnS</core>
<MemPortIdVec></MemPortIdVec>
<condition id="-1">
<or_exp><and_exp><literal name="icmp_ln77" val="0"/>
</and_exp></or_exp>
</condition>

<Node id="160" bw="8" op_0_bw="8" op_1_bw="8" op_2_bw="8" op_3_bw="8" op_4_bw="8" op_5_bw="8" op_6_bw="8" op_7_bw="8" op_8_bw="8" op_9_bw="8" op_10_bw="8" op_11_bw="8" op_12_bw="8" op_13_bw="8" op_14_bw="8" op_15_bw="8" op_16_bw="8" op_17_bw="4">
<![CDATA[
branch0:34  %block_12 = call i8 @_ssdm_op_Mux.ap_auto.16i8.i4(i8 %block_1228_load_1, i8 %block_1228_load_1, i8 %block_1228_load_1, i8 %block_1228_load_1, i8 %block_1228_load_1, i8 %block_1228_load_1, i8 %block_1228_load_1, i8 %block_1228_load_1, i8 %block_1228_load_1, i8 %block_1228_load_1, i8 %block_1228_load_1, i8 %block_1228_load_1, i8 %tmp, i8 %block_1228_load_1, i8 %block_1228_load_1, i8 %block_1228_load_1, i4 %add_ln79_1)

]]></Node>
<StgValue><ssdm name="block_12"/></StgValue>
</operation>

<operation id="112" st_id="3" stage="1" lat="1">
<core>MuxnS</core>
<MemPortIdVec></MemPortIdVec>
<condition id="-1">
<or_exp><and_exp><literal name="icmp_ln77" val="0"/>
</and_exp></or_exp>
</condition>

<Node id="161" bw="8" op_0_bw="8" op_1_bw="8" op_2_bw="8" op_3_bw="8" op_4_bw="8" op_5_bw="8" op_6_bw="8" op_7_bw="8" op_8_bw="8" op_9_bw="8" op_10_bw="8" op_11_bw="8" op_12_bw="8" op_13_bw="8" op_14_bw="8" op_15_bw="8" op_16_bw="8" op_17_bw="4">
<![CDATA[
branch0:35  %block_13 = call i8 @_ssdm_op_Mux.ap_auto.16i8.i4(i8 %block_1329_load_1, i8 %block_1329_load_1, i8 %block_1329_load_1, i8 %block_1329_load_1, i8 %block_1329_load_1, i8 %block_1329_load_1, i8 %block_1329_load_1, i8 %block_1329_load_1, i8 %block_1329_load_1, i8 %block_1329_load_1, i8 %block_1329_load_1, i8 %block_1329_load_1, i8 %block_1329_load_1, i8 %tmp, i8 %block_1329_load_1, i8 %block_1329_load_1, i4 %add_ln79_1)

]]></Node>
<StgValue><ssdm name="block_13"/></StgValue>
</operation>

<operation id="113" st_id="3" stage="1" lat="1">
<core>MuxnS</core>
<MemPortIdVec></MemPortIdVec>
<condition id="-1">
<or_exp><and_exp><literal name="icmp_ln77" val="0"/>
</and_exp></or_exp>
</condition>

<Node id="162" bw="8" op_0_bw="8" op_1_bw="8" op_2_bw="8" op_3_bw="8" op_4_bw="8" op_5_bw="8" op_6_bw="8" op_7_bw="8" op_8_bw="8" op_9_bw="8" op_10_bw="8" op_11_bw="8" op_12_bw="8" op_13_bw="8" op_14_bw="8" op_15_bw="8" op_16_bw="8" op_17_bw="4">
<![CDATA[
branch0:36  %block_14 = call i8 @_ssdm_op_Mux.ap_auto.16i8.i4(i8 %block_1430_load_1, i8 %block_1430_load_1, i8 %block_1430_load_1, i8 %block_1430_load_1, i8 %block_1430_load_1, i8 %block_1430_load_1, i8 %block_1430_load_1, i8 %block_1430_load_1, i8 %block_1430_load_1, i8 %block_1430_load_1, i8 %block_1430_load_1, i8 %block_1430_load_1, i8 %block_1430_load_1, i8 %block_1430_load_1, i8 %tmp, i8 %block_1430_load_1, i4 %add_ln79_1)

]]></Node>
<StgValue><ssdm name="block_14"/></StgValue>
</operation>

<operation id="114" st_id="3" stage="1" lat="1">
<core>MuxnS</core>
<MemPortIdVec></MemPortIdVec>
<condition id="-1">
<or_exp><and_exp><literal name="icmp_ln77" val="0"/>
</and_exp></or_exp>
</condition>

<Node id="163" bw="8" op_0_bw="8" op_1_bw="8" op_2_bw="8" op_3_bw="8" op_4_bw="8" op_5_bw="8" op_6_bw="8" op_7_bw="8" op_8_bw="8" op_9_bw="8" op_10_bw="8" op_11_bw="8" op_12_bw="8" op_13_bw="8" op_14_bw="8" op_15_bw="8" op_16_bw="8" op_17_bw="4">
<![CDATA[
branch0:37  %block_15 = call i8 @_ssdm_op_Mux.ap_auto.16i8.i4(i8 %block_1531_load_1, i8 %block_1531_load_1, i8 %block_1531_load_1, i8 %block_1531_load_1, i8 %block_1531_load_1, i8 %block_1531_load_1, i8 %block_1531_load_1, i8 %block_1531_load_1, i8 %block_1531_load_1, i8 %block_1531_load_1, i8 %block_1531_load_1, i8 %block_1531_load_1, i8 %block_1531_load_1, i8 %block_1531_load_1, i8 %block_1531_load_1, i8 %tmp, i4 %add_ln79_1)

]]></Node>
<StgValue><ssdm name="block_15"/></StgValue>
</operation>

<operation id="115" st_id="3" stage="1" lat="1">
<core>NULL</core>
<MemPortIdVec></MemPortIdVec>
<condition id="-1">
<or_exp><and_exp><literal name="icmp_ln77" val="0"/>
</and_exp></or_exp>
</condition>

<Node id="164" bw="0" op_0_bw="8" op_1_bw="8" op_2_bw="8">
<![CDATA[
branch0:38  store i8 %block_15, i8* %block_1531

]]></Node>
<StgValue><ssdm name="store_ln77"/></StgValue>
</operation>

<operation id="116" st_id="3" stage="1" lat="1">
<core>NULL</core>
<MemPortIdVec></MemPortIdVec>
<condition id="-1">
<or_exp><and_exp><literal name="icmp_ln77" val="0"/>
</and_exp></or_exp>
</condition>

<Node id="165" bw="0" op_0_bw="8" op_1_bw="8" op_2_bw="8">
<![CDATA[
branch0:39  store i8 %block_14, i8* %block_1430

]]></Node>
<StgValue><ssdm name="store_ln77"/></StgValue>
</operation>

<operation id="117" st_id="3" stage="1" lat="1">
<core>NULL</core>
<MemPortIdVec></MemPortIdVec>
<condition id="-1">
<or_exp><and_exp><literal name="icmp_ln77" val="0"/>
</and_exp></or_exp>
</condition>

<Node id="166" bw="0" op_0_bw="8" op_1_bw="8" op_2_bw="8">
<![CDATA[
branch0:40  store i8 %block_13, i8* %block_1329

]]></Node>
<StgValue><ssdm name="store_ln77"/></StgValue>
</operation>

<operation id="118" st_id="3" stage="1" lat="1">
<core>NULL</core>
<MemPortIdVec></MemPortIdVec>
<condition id="-1">
<or_exp><and_exp><literal name="icmp_ln77" val="0"/>
</and_exp></or_exp>
</condition>

<Node id="167" bw="0" op_0_bw="8" op_1_bw="8" op_2_bw="8">
<![CDATA[
branch0:41  store i8 %block_12, i8* %block_1228

]]></Node>
<StgValue><ssdm name="store_ln77"/></StgValue>
</operation>

<operation id="119" st_id="3" stage="1" lat="1">
<core>NULL</core>
<MemPortIdVec></MemPortIdVec>
<condition id="-1">
<or_exp><and_exp><literal name="icmp_ln77" val="0"/>
</and_exp></or_exp>
</condition>

<Node id="168" bw="0" op_0_bw="8" op_1_bw="8" op_2_bw="8">
<![CDATA[
branch0:42  store i8 %block_11, i8* %block_1127

]]></Node>
<StgValue><ssdm name="store_ln77"/></StgValue>
</operation>

<operation id="120" st_id="3" stage="1" lat="1">
<core>NULL</core>
<MemPortIdVec></MemPortIdVec>
<condition id="-1">
<or_exp><and_exp><literal name="icmp_ln77" val="0"/>
</and_exp></or_exp>
</condition>

<Node id="169" bw="0" op_0_bw="8" op_1_bw="8" op_2_bw="8">
<![CDATA[
branch0:43  store i8 %block_10, i8* %block_1026

]]></Node>
<StgValue><ssdm name="store_ln77"/></StgValue>
</operation>

<operation id="121" st_id="3" stage="1" lat="1">
<core>NULL</core>
<MemPortIdVec></MemPortIdVec>
<condition id="-1">
<or_exp><and_exp><literal name="icmp_ln77" val="0"/>
</and_exp></or_exp>
</condition>

<Node id="170" bw="0" op_0_bw="8" op_1_bw="8" op_2_bw="8">
<![CDATA[
branch0:44  store i8 %block_9, i8* %block_925

]]></Node>
<StgValue><ssdm name="store_ln77"/></StgValue>
</operation>

<operation id="122" st_id="3" stage="1" lat="1">
<core>NULL</core>
<MemPortIdVec></MemPortIdVec>
<condition id="-1">
<or_exp><and_exp><literal name="icmp_ln77" val="0"/>
</and_exp></or_exp>
</condition>

<Node id="171" bw="0" op_0_bw="8" op_1_bw="8" op_2_bw="8">
<![CDATA[
branch0:45  store i8 %block_8, i8* %block_824

]]></Node>
<StgValue><ssdm name="store_ln77"/></StgValue>
</operation>

<operation id="123" st_id="3" stage="1" lat="1">
<core>NULL</core>
<MemPortIdVec></MemPortIdVec>
<condition id="-1">
<or_exp><and_exp><literal name="icmp_ln77" val="0"/>
</and_exp></or_exp>
</condition>

<Node id="172" bw="0" op_0_bw="8" op_1_bw="8" op_2_bw="8">
<![CDATA[
branch0:46  store i8 %block_7, i8* %block_723

]]></Node>
<StgValue><ssdm name="store_ln77"/></StgValue>
</operation>

<operation id="124" st_id="3" stage="1" lat="1">
<core>NULL</core>
<MemPortIdVec></MemPortIdVec>
<condition id="-1">
<or_exp><and_exp><literal name="icmp_ln77" val="0"/>
</and_exp></or_exp>
</condition>

<Node id="173" bw="0" op_0_bw="8" op_1_bw="8" op_2_bw="8">
<![CDATA[
branch0:47  store i8 %block_6, i8* %block_622

]]></Node>
<StgValue><ssdm name="store_ln77"/></StgValue>
</operation>

<operation id="125" st_id="3" stage="1" lat="1">
<core>NULL</core>
<MemPortIdVec></MemPortIdVec>
<condition id="-1">
<or_exp><and_exp><literal name="icmp_ln77" val="0"/>
</and_exp></or_exp>
</condition>

<Node id="174" bw="0" op_0_bw="8" op_1_bw="8" op_2_bw="8">
<![CDATA[
branch0:48  store i8 %block_5, i8* %block_521

]]></Node>
<StgValue><ssdm name="store_ln77"/></StgValue>
</operation>

<operation id="126" st_id="3" stage="1" lat="1">
<core>NULL</core>
<MemPortIdVec></MemPortIdVec>
<condition id="-1">
<or_exp><and_exp><literal name="icmp_ln77" val="0"/>
</and_exp></or_exp>
</condition>

<Node id="175" bw="0" op_0_bw="8" op_1_bw="8" op_2_bw="8">
<![CDATA[
branch0:49  store i8 %block_4, i8* %block_420

]]></Node>
<StgValue><ssdm name="store_ln77"/></StgValue>
</operation>

<operation id="127" st_id="3" stage="1" lat="1">
<core>NULL</core>
<MemPortIdVec></MemPortIdVec>
<condition id="-1">
<or_exp><and_exp><literal name="icmp_ln77" val="0"/>
</and_exp></or_exp>
</condition>

<Node id="176" bw="0" op_0_bw="8" op_1_bw="8" op_2_bw="8">
<![CDATA[
branch0:50  store i8 %block_3, i8* %block_319

]]></Node>
<StgValue><ssdm name="store_ln77"/></StgValue>
</operation>

<operation id="128" st_id="3" stage="1" lat="1">
<core>NULL</core>
<MemPortIdVec></MemPortIdVec>
<condition id="-1">
<or_exp><and_exp><literal name="icmp_ln77" val="0"/>
</and_exp></or_exp>
</condition>

<Node id="177" bw="0" op_0_bw="8" op_1_bw="8" op_2_bw="8">
<![CDATA[
branch0:51  store i8 %block_2, i8* %block_218

]]></Node>
<StgValue><ssdm name="store_ln77"/></StgValue>
</operation>

<operation id="129" st_id="3" stage="1" lat="1">
<core>NULL</core>
<MemPortIdVec></MemPortIdVec>
<condition id="-1">
<or_exp><and_exp><literal name="icmp_ln77" val="0"/>
</and_exp></or_exp>
</condition>

<Node id="178" bw="0" op_0_bw="8" op_1_bw="8" op_2_bw="8">
<![CDATA[
branch0:52  store i8 %block_1, i8* %block_117

]]></Node>
<StgValue><ssdm name="store_ln77"/></StgValue>
</operation>

<operation id="130" st_id="3" stage="1" lat="1">
<core>NULL</core>
<MemPortIdVec></MemPortIdVec>
<condition id="-1">
<or_exp><and_exp><literal name="icmp_ln77" val="0"/>
</and_exp></or_exp>
</condition>

<Node id="179" bw="0" op_0_bw="8" op_1_bw="8" op_2_bw="8">
<![CDATA[
branch0:53  store i8 %block_s, i8* %block_016

]]></Node>
<StgValue><ssdm name="store_ln77"/></StgValue>
</operation>

<operation id="131" st_id="3" stage="1" lat="1">
<core>NULL</core>
<MemPortIdVec></MemPortIdVec>
<condition id="-1">
<or_exp><and_exp><literal name="icmp_ln77" val="0"/>
</and_exp></or_exp>
</condition>

<Node id="180" bw="0" op_0_bw="0">
<![CDATA[
branch0:54  br label %.preheader1

]]></Node>
<StgValue><ssdm name="br_ln77"/></StgValue>
</operation>

<operation id="132" st_id="3" stage="1" lat="1">
<core>NULL</core>
<MemPortIdVec></MemPortIdVec>
<condition id="-1">
<or_exp><and_exp><literal name="icmp_ln77" val="1"/>
</and_exp></or_exp>
</condition>

<Node id="182" bw="0" op_0_bw="0">
<![CDATA[
.loopexit33.loopexit:0  br label %.loopexit33

]]></Node>
<StgValue><ssdm name="br_ln0"/></StgValue>
</operation>
</state>

<state id="4" st_id="4">

<operation id="133" st_id="4" stage="1" lat="2">
<core></core>
<MemPortIdVec></MemPortIdVec>
<condition id="-1">
<or_exp><and_exp></and_exp></or_exp>
</condition>

<Node id="200" bw="0" op_0_bw="0" op_1_bw="8" op_2_bw="8" op_3_bw="8" op_4_bw="8" op_5_bw="8" op_6_bw="8" op_7_bw="8" op_8_bw="8" op_9_bw="8" op_10_bw="8" op_11_bw="8" op_12_bw="8" op_13_bw="8" op_14_bw="8" op_15_bw="8" op_16_bw="8" op_17_bw="8" op_18_bw="8" op_19_bw="8" op_20_bw="8" op_21_bw="8" op_22_bw="8">
<![CDATA[
:16  call fastcc void @expandKey([44 x i8]* %expandedKey_0, [44 x i8]* %expandedKey_1, [44 x i8]* %expandedKey_2, [44 x i8]* %expandedKey_3, i8 %key_0_read_2, i8 %key_1_read_2, i8 %key_2_read_2, i8 %key_3_read_2, i8 %key_4_read21, i8 %key_5_read_2, i8 %key_6_read_2, i8 %key_7_read_2, i8 %key_8_read_2, i8 %key_9_read_2, i8 %key_10_read_2, i8 %key_11_read_2, i8 %key_12_read_2, i8 %key_13_read_2, i8 %key_14_read31, i8 %key_15_read_2)

]]></Node>
<StgValue><ssdm name="call_ln84"/></StgValue>
</operation>
</state>

<state id="5" st_id="5">

<operation id="134" st_id="5" stage="1" lat="1">
<core>NULL</core>
<MemPortIdVec></MemPortIdVec>
<condition id="-1">
<or_exp><and_exp></and_exp></or_exp>
</condition>

<Node id="184" bw="8" op_0_bw="8">
<![CDATA[
:0  %block_016_load = load i8* %block_016

]]></Node>
<StgValue><ssdm name="block_016_load"/></StgValue>
</operation>

<operation id="135" st_id="5" stage="1" lat="1">
<core>NULL</core>
<MemPortIdVec></MemPortIdVec>
<condition id="-1">
<or_exp><and_exp></and_exp></or_exp>
</condition>

<Node id="185" bw="8" op_0_bw="8">
<![CDATA[
:1  %block_117_load = load i8* %block_117

]]></Node>
<StgValue><ssdm name="block_117_load"/></StgValue>
</operation>

<operation id="136" st_id="5" stage="1" lat="1">
<core>NULL</core>
<MemPortIdVec></MemPortIdVec>
<condition id="-1">
<or_exp><and_exp></and_exp></or_exp>
</condition>

<Node id="186" bw="8" op_0_bw="8">
<![CDATA[
:2  %block_218_load = load i8* %block_218

]]></Node>
<StgValue><ssdm name="block_218_load"/></StgValue>
</operation>

<operation id="137" st_id="5" stage="1" lat="1">
<core>NULL</core>
<MemPortIdVec></MemPortIdVec>
<condition id="-1">
<or_exp><and_exp></and_exp></or_exp>
</condition>

<Node id="187" bw="8" op_0_bw="8">
<![CDATA[
:3  %block_319_load = load i8* %block_319

]]></Node>
<StgValue><ssdm name="block_319_load"/></StgValue>
</operation>

<operation id="138" st_id="5" stage="1" lat="1">
<core>NULL</core>
<MemPortIdVec></MemPortIdVec>
<condition id="-1">
<or_exp><and_exp></and_exp></or_exp>
</condition>

<Node id="188" bw="8" op_0_bw="8">
<![CDATA[
:4  %block_420_load = load i8* %block_420

]]></Node>
<StgValue><ssdm name="block_420_load"/></StgValue>
</operation>

<operation id="139" st_id="5" stage="1" lat="1">
<core>NULL</core>
<MemPortIdVec></MemPortIdVec>
<condition id="-1">
<or_exp><and_exp></and_exp></or_exp>
</condition>

<Node id="189" bw="8" op_0_bw="8">
<![CDATA[
:5  %block_521_load = load i8* %block_521

]]></Node>
<StgValue><ssdm name="block_521_load"/></StgValue>
</operation>

<operation id="140" st_id="5" stage="1" lat="1">
<core>NULL</core>
<MemPortIdVec></MemPortIdVec>
<condition id="-1">
<or_exp><and_exp></and_exp></or_exp>
</condition>

<Node id="190" bw="8" op_0_bw="8">
<![CDATA[
:6  %block_622_load = load i8* %block_622

]]></Node>
<StgValue><ssdm name="block_622_load"/></StgValue>
</operation>

<operation id="141" st_id="5" stage="1" lat="1">
<core>NULL</core>
<MemPortIdVec></MemPortIdVec>
<condition id="-1">
<or_exp><and_exp></and_exp></or_exp>
</condition>

<Node id="191" bw="8" op_0_bw="8">
<![CDATA[
:7  %block_723_load = load i8* %block_723

]]></Node>
<StgValue><ssdm name="block_723_load"/></StgValue>
</operation>

<operation id="142" st_id="5" stage="1" lat="1">
<core>NULL</core>
<MemPortIdVec></MemPortIdVec>
<condition id="-1">
<or_exp><and_exp></and_exp></or_exp>
</condition>

<Node id="192" bw="8" op_0_bw="8">
<![CDATA[
:8  %block_824_load = load i8* %block_824

]]></Node>
<StgValue><ssdm name="block_824_load"/></StgValue>
</operation>

<operation id="143" st_id="5" stage="1" lat="1">
<core>NULL</core>
<MemPortIdVec></MemPortIdVec>
<condition id="-1">
<or_exp><and_exp></and_exp></or_exp>
</condition>

<Node id="193" bw="8" op_0_bw="8">
<![CDATA[
:9  %block_925_load = load i8* %block_925

]]></Node>
<StgValue><ssdm name="block_925_load"/></StgValue>
</operation>

<operation id="144" st_id="5" stage="1" lat="1">
<core>NULL</core>
<MemPortIdVec></MemPortIdVec>
<condition id="-1">
<or_exp><and_exp></and_exp></or_exp>
</condition>

<Node id="194" bw="8" op_0_bw="8">
<![CDATA[
:10  %block_1026_load = load i8* %block_1026

]]></Node>
<StgValue><ssdm name="block_1026_load"/></StgValue>
</operation>

<operation id="145" st_id="5" stage="1" lat="1">
<core>NULL</core>
<MemPortIdVec></MemPortIdVec>
<condition id="-1">
<or_exp><and_exp></and_exp></or_exp>
</condition>

<Node id="195" bw="8" op_0_bw="8">
<![CDATA[
:11  %block_1127_load = load i8* %block_1127

]]></Node>
<StgValue><ssdm name="block_1127_load"/></StgValue>
</operation>

<operation id="146" st_id="5" stage="1" lat="1">
<core>NULL</core>
<MemPortIdVec></MemPortIdVec>
<condition id="-1">
<or_exp><and_exp></and_exp></or_exp>
</condition>

<Node id="196" bw="8" op_0_bw="8">
<![CDATA[
:12  %block_1228_load = load i8* %block_1228

]]></Node>
<StgValue><ssdm name="block_1228_load"/></StgValue>
</operation>

<operation id="147" st_id="5" stage="1" lat="1">
<core>NULL</core>
<MemPortIdVec></MemPortIdVec>
<condition id="-1">
<or_exp><and_exp></and_exp></or_exp>
</condition>

<Node id="197" bw="8" op_0_bw="8">
<![CDATA[
:13  %block_1329_load = load i8* %block_1329

]]></Node>
<StgValue><ssdm name="block_1329_load"/></StgValue>
</operation>

<operation id="148" st_id="5" stage="1" lat="1">
<core>NULL</core>
<MemPortIdVec></MemPortIdVec>
<condition id="-1">
<or_exp><and_exp></and_exp></or_exp>
</condition>

<Node id="198" bw="8" op_0_bw="8">
<![CDATA[
:14  %block_1430_load = load i8* %block_1430

]]></Node>
<StgValue><ssdm name="block_1430_load"/></StgValue>
</operation>

<operation id="149" st_id="5" stage="1" lat="1">
<core>NULL</core>
<MemPortIdVec></MemPortIdVec>
<condition id="-1">
<or_exp><and_exp></and_exp></or_exp>
</condition>

<Node id="199" bw="8" op_0_bw="8">
<![CDATA[
:15  %block_1531_load = load i8* %block_1531

]]></Node>
<StgValue><ssdm name="block_1531_load"/></StgValue>
</operation>

<operation id="150" st_id="5" stage="2" lat="2">
<core></core>
<MemPortIdVec></MemPortIdVec>
<condition id="-1">
<or_exp><and_exp></and_exp></or_exp>
</condition>

<Node id="201" bw="128" op_0_bw="128" op_1_bw="8" op_2_bw="8" op_3_bw="8" op_4_bw="8" op_5_bw="8" op_6_bw="8" op_7_bw="8" op_8_bw="8" op_9_bw="8" op_10_bw="8" op_11_bw="8" op_12_bw="8" op_13_bw="8" op_14_bw="8" op_15_bw="8" op_16_bw="8" op_17_bw="8" op_18_bw="8" op_19_bw="8" op_20_bw="8" op_21_bw="8" op_22_bw="0" op_23_bw="0">
<![CDATA[
:17  %call_ret = call fastcc { i8, i8, i8, i8, i8, i8, i8, i8, i8, i8, i8, i8, i8, i8, i8, i8 } @aes_invMain(i8 %block_016_load, i8 %block_117_load, i8 %block_218_load, i8 %block_319_load, i8 %block_420_load, i8 %block_521_load, i8 %block_622_load, i8 %block_723_load, i8 %block_824_load, i8 %block_925_load, i8 %block_1026_load, i8 %block_1127_load, i8 %block_1228_load, i8 %block_1329_load, i8 %block_1430_load, i8 %block_1531_load, [44 x i8]* %expandedKey_0, [44 x i8]* %expandedKey_1, [44 x i8]* %expandedKey_2, [44 x i8]* %expandedKey_3)

]]></Node>
<StgValue><ssdm name="call_ret"/></StgValue>
</operation>
</state>

<state id="6" st_id="6">

<operation id="151" st_id="6" stage="1" lat="2">
<core></core>
<MemPortIdVec></MemPortIdVec>
<condition id="-1">
<or_exp><and_exp></and_exp></or_exp>
</condition>

<Node id="201" bw="128" op_0_bw="128" op_1_bw="8" op_2_bw="8" op_3_bw="8" op_4_bw="8" op_5_bw="8" op_6_bw="8" op_7_bw="8" op_8_bw="8" op_9_bw="8" op_10_bw="8" op_11_bw="8" op_12_bw="8" op_13_bw="8" op_14_bw="8" op_15_bw="8" op_16_bw="8" op_17_bw="8" op_18_bw="8" op_19_bw="8" op_20_bw="8" op_21_bw="8" op_22_bw="0" op_23_bw="0">
<![CDATA[
:17  %call_ret = call fastcc { i8, i8, i8, i8, i8, i8, i8, i8, i8, i8, i8, i8, i8, i8, i8, i8 } @aes_invMain(i8 %block_016_load, i8 %block_117_load, i8 %block_218_load, i8 %block_319_load, i8 %block_420_load, i8 %block_521_load, i8 %block_622_load, i8 %block_723_load, i8 %block_824_load, i8 %block_925_load, i8 %block_1026_load, i8 %block_1127_load, i8 %block_1228_load, i8 %block_1329_load, i8 %block_1430_load, i8 %block_1531_load, [44 x i8]* %expandedKey_0, [44 x i8]* %expandedKey_1, [44 x i8]* %expandedKey_2, [44 x i8]* %expandedKey_3)

]]></Node>
<StgValue><ssdm name="call_ret"/></StgValue>
</operation>

<operation id="152" st_id="6" stage="1" lat="1">
<core>NULL</core>
<MemPortIdVec></MemPortIdVec>
<condition id="-1">
<or_exp><and_exp></and_exp></or_exp>
</condition>

<Node id="202" bw="8" op_0_bw="128">
<![CDATA[
:18  %block_0 = extractvalue { i8, i8, i8, i8, i8, i8, i8, i8, i8, i8, i8, i8, i8, i8, i8, i8 } %call_ret, 0

]]></Node>
<StgValue><ssdm name="block_0"/></StgValue>
</operation>

<operation id="153" st_id="6" stage="1" lat="1">
<core>NULL</core>
<MemPortIdVec></MemPortIdVec>
<condition id="-1">
<or_exp><and_exp></and_exp></or_exp>
</condition>

<Node id="203" bw="8" op_0_bw="128">
<![CDATA[
:19  %block_1_11 = extractvalue { i8, i8, i8, i8, i8, i8, i8, i8, i8, i8, i8, i8, i8, i8, i8, i8 } %call_ret, 1

]]></Node>
<StgValue><ssdm name="block_1_11"/></StgValue>
</operation>

<operation id="154" st_id="6" stage="1" lat="1">
<core>NULL</core>
<MemPortIdVec></MemPortIdVec>
<condition id="-1">
<or_exp><and_exp></and_exp></or_exp>
</condition>

<Node id="204" bw="8" op_0_bw="128">
<![CDATA[
:20  %block_2_12 = extractvalue { i8, i8, i8, i8, i8, i8, i8, i8, i8, i8, i8, i8, i8, i8, i8, i8 } %call_ret, 2

]]></Node>
<StgValue><ssdm name="block_2_12"/></StgValue>
</operation>

<operation id="155" st_id="6" stage="1" lat="1">
<core>NULL</core>
<MemPortIdVec></MemPortIdVec>
<condition id="-1">
<or_exp><and_exp></and_exp></or_exp>
</condition>

<Node id="205" bw="8" op_0_bw="128">
<![CDATA[
:21  %block_3_13 = extractvalue { i8, i8, i8, i8, i8, i8, i8, i8, i8, i8, i8, i8, i8, i8, i8, i8 } %call_ret, 3

]]></Node>
<StgValue><ssdm name="block_3_13"/></StgValue>
</operation>

<operation id="156" st_id="6" stage="1" lat="1">
<core>NULL</core>
<MemPortIdVec></MemPortIdVec>
<condition id="-1">
<or_exp><and_exp></and_exp></or_exp>
</condition>

<Node id="206" bw="8" op_0_bw="128">
<![CDATA[
:22  %block_4_14 = extractvalue { i8, i8, i8, i8, i8, i8, i8, i8, i8, i8, i8, i8, i8, i8, i8, i8 } %call_ret, 4

]]></Node>
<StgValue><ssdm name="block_4_14"/></StgValue>
</operation>

<operation id="157" st_id="6" stage="1" lat="1">
<core>NULL</core>
<MemPortIdVec></MemPortIdVec>
<condition id="-1">
<or_exp><and_exp></and_exp></or_exp>
</condition>

<Node id="207" bw="8" op_0_bw="128">
<![CDATA[
:23  %block_5_15 = extractvalue { i8, i8, i8, i8, i8, i8, i8, i8, i8, i8, i8, i8, i8, i8, i8, i8 } %call_ret, 5

]]></Node>
<StgValue><ssdm name="block_5_15"/></StgValue>
</operation>

<operation id="158" st_id="6" stage="1" lat="1">
<core>NULL</core>
<MemPortIdVec></MemPortIdVec>
<condition id="-1">
<or_exp><and_exp></and_exp></or_exp>
</condition>

<Node id="208" bw="8" op_0_bw="128">
<![CDATA[
:24  %block_6_16 = extractvalue { i8, i8, i8, i8, i8, i8, i8, i8, i8, i8, i8, i8, i8, i8, i8, i8 } %call_ret, 6

]]></Node>
<StgValue><ssdm name="block_6_16"/></StgValue>
</operation>

<operation id="159" st_id="6" stage="1" lat="1">
<core>NULL</core>
<MemPortIdVec></MemPortIdVec>
<condition id="-1">
<or_exp><and_exp></and_exp></or_exp>
</condition>

<Node id="209" bw="8" op_0_bw="128">
<![CDATA[
:25  %block_7_17 = extractvalue { i8, i8, i8, i8, i8, i8, i8, i8, i8, i8, i8, i8, i8, i8, i8, i8 } %call_ret, 7

]]></Node>
<StgValue><ssdm name="block_7_17"/></StgValue>
</operation>

<operation id="160" st_id="6" stage="1" lat="1">
<core>NULL</core>
<MemPortIdVec></MemPortIdVec>
<condition id="-1">
<or_exp><and_exp></and_exp></or_exp>
</condition>

<Node id="210" bw="8" op_0_bw="128">
<![CDATA[
:26  %block_8_18 = extractvalue { i8, i8, i8, i8, i8, i8, i8, i8, i8, i8, i8, i8, i8, i8, i8, i8 } %call_ret, 8

]]></Node>
<StgValue><ssdm name="block_8_18"/></StgValue>
</operation>

<operation id="161" st_id="6" stage="1" lat="1">
<core>NULL</core>
<MemPortIdVec></MemPortIdVec>
<condition id="-1">
<or_exp><and_exp></and_exp></or_exp>
</condition>

<Node id="211" bw="8" op_0_bw="128">
<![CDATA[
:27  %block_9_19 = extractvalue { i8, i8, i8, i8, i8, i8, i8, i8, i8, i8, i8, i8, i8, i8, i8, i8 } %call_ret, 9

]]></Node>
<StgValue><ssdm name="block_9_19"/></StgValue>
</operation>

<operation id="162" st_id="6" stage="1" lat="1">
<core>NULL</core>
<MemPortIdVec></MemPortIdVec>
<condition id="-1">
<or_exp><and_exp></and_exp></or_exp>
</condition>

<Node id="212" bw="8" op_0_bw="128">
<![CDATA[
:28  %block_10_20 = extractvalue { i8, i8, i8, i8, i8, i8, i8, i8, i8, i8, i8, i8, i8, i8, i8, i8 } %call_ret, 10

]]></Node>
<StgValue><ssdm name="block_10_20"/></StgValue>
</operation>

<operation id="163" st_id="6" stage="1" lat="1">
<core>NULL</core>
<MemPortIdVec></MemPortIdVec>
<condition id="-1">
<or_exp><and_exp></and_exp></or_exp>
</condition>

<Node id="213" bw="8" op_0_bw="128">
<![CDATA[
:29  %block_11_21 = extractvalue { i8, i8, i8, i8, i8, i8, i8, i8, i8, i8, i8, i8, i8, i8, i8, i8 } %call_ret, 11

]]></Node>
<StgValue><ssdm name="block_11_21"/></StgValue>
</operation>

<operation id="164" st_id="6" stage="1" lat="1">
<core>NULL</core>
<MemPortIdVec></MemPortIdVec>
<condition id="-1">
<or_exp><and_exp></and_exp></or_exp>
</condition>

<Node id="214" bw="8" op_0_bw="128">
<![CDATA[
:30  %block_12_22 = extractvalue { i8, i8, i8, i8, i8, i8, i8, i8, i8, i8, i8, i8, i8, i8, i8, i8 } %call_ret, 12

]]></Node>
<StgValue><ssdm name="block_12_22"/></StgValue>
</operation>

<operation id="165" st_id="6" stage="1" lat="1">
<core>NULL</core>
<MemPortIdVec></MemPortIdVec>
<condition id="-1">
<or_exp><and_exp></and_exp></or_exp>
</condition>

<Node id="215" bw="8" op_0_bw="128">
<![CDATA[
:31  %block_13_23 = extractvalue { i8, i8, i8, i8, i8, i8, i8, i8, i8, i8, i8, i8, i8, i8, i8, i8 } %call_ret, 13

]]></Node>
<StgValue><ssdm name="block_13_23"/></StgValue>
</operation>

<operation id="166" st_id="6" stage="1" lat="1">
<core>NULL</core>
<MemPortIdVec></MemPortIdVec>
<condition id="-1">
<or_exp><and_exp></and_exp></or_exp>
</condition>

<Node id="216" bw="8" op_0_bw="128">
<![CDATA[
:32  %block_14_24 = extractvalue { i8, i8, i8, i8, i8, i8, i8, i8, i8, i8, i8, i8, i8, i8, i8, i8 } %call_ret, 14

]]></Node>
<StgValue><ssdm name="block_14_24"/></StgValue>
</operation>

<operation id="167" st_id="6" stage="1" lat="1">
<core>NULL</core>
<MemPortIdVec></MemPortIdVec>
<condition id="-1">
<or_exp><and_exp></and_exp></or_exp>
</condition>

<Node id="217" bw="8" op_0_bw="128">
<![CDATA[
:33  %block_15_25 = extractvalue { i8, i8, i8, i8, i8, i8, i8, i8, i8, i8, i8, i8, i8, i8, i8, i8 } %call_ret, 15

]]></Node>
<StgValue><ssdm name="block_15_25"/></StgValue>
</operation>

<operation id="168" st_id="6" stage="1" lat="1">
<core>NULL</core>
<MemPortIdVec></MemPortIdVec>
<condition id="-1">
<or_exp><and_exp></and_exp></or_exp>
</condition>

<Node id="218" bw="0" op_0_bw="0">
<![CDATA[
:34  br label %.loopexit

]]></Node>
<StgValue><ssdm name="br_ln90"/></StgValue>
</operation>
</state>

<state id="7" st_id="7">

<operation id="169" st_id="7" stage="1" lat="1">
<core>NULL</core>
<MemPortIdVec></MemPortIdVec>
<condition id="-1">
<or_exp><and_exp></and_exp></or_exp>
</condition>

<Node id="220" bw="3" op_0_bw="3" op_1_bw="0" op_2_bw="3" op_3_bw="0">
<![CDATA[
.loopexit:0  %i_1 = phi i3 [ 0, %1 ], [ %i_2, %.loopexit.loopexit ]

]]></Node>
<StgValue><ssdm name="i_1"/></StgValue>
</operation>

<operation id="170" st_id="7" stage="1" lat="1">
<core>Cmp</core>
<MemPortIdVec></MemPortIdVec>
<condition id="-1">
<or_exp><and_exp></and_exp></or_exp>
</condition>

<Node id="221" bw="1" op_0_bw="3" op_1_bw="3">
<![CDATA[
.loopexit:1  %icmp_ln90 = icmp eq i3 %i_1, -4

]]></Node>
<StgValue><ssdm name="icmp_ln90"/></StgValue>
</operation>

<operation id="171" st_id="7" stage="1" lat="1">
<core>NULL</core>
<MemPortIdVec></MemPortIdVec>
<condition id="-1">
<or_exp><and_exp></and_exp></or_exp>
</condition>

<Node id="222" bw="32" op_0_bw="32" op_1_bw="64" op_2_bw="64" op_3_bw="64">
<![CDATA[
.loopexit:2  %empty_26 = call i32 (...)* @_ssdm_op_SpecLoopTripCount(i64 4, i64 4, i64 4)

]]></Node>
<StgValue><ssdm name="empty_26"/></StgValue>
</operation>

<operation id="172" st_id="7" stage="1" lat="1">
<core>AddSub</core>
<MemPortIdVec></MemPortIdVec>
<condition id="-1">
<or_exp><and_exp></and_exp></or_exp>
</condition>

<Node id="223" bw="3" op_0_bw="3" op_1_bw="3">
<![CDATA[
.loopexit:3  %i_2 = add i3 %i_1, 1

]]></Node>
<StgValue><ssdm name="i_2"/></StgValue>
</operation>

<operation id="173" st_id="7" stage="1" lat="1">
<core>NULL</core>
<MemPortIdVec></MemPortIdVec>
<condition id="-1">
<or_exp><and_exp></and_exp></or_exp>
</condition>

<Node id="224" bw="0" op_0_bw="1" op_1_bw="0" op_2_bw="0">
<![CDATA[
.loopexit:4  br i1 %icmp_ln90, label %4, label %.preheader.preheader

]]></Node>
<StgValue><ssdm name="br_ln90"/></StgValue>
</operation>

<operation id="174" st_id="7" stage="1" lat="1">
<core>NULL</core>
<MemPortIdVec></MemPortIdVec>
<condition id="-1">
<or_exp><and_exp><literal name="icmp_ln90" val="0"/>
</and_exp></or_exp>
</condition>

<Node id="226" bw="4" op_0_bw="3">
<![CDATA[
.preheader.preheader:0  %zext_ln95 = zext i3 %i_1 to i4

]]></Node>
<StgValue><ssdm name="zext_ln95"/></StgValue>
</operation>

<operation id="175" st_id="7" stage="1" lat="1">
<core>NULL</core>
<MemPortIdVec></MemPortIdVec>
<condition id="-1">
<or_exp><and_exp><literal name="icmp_ln90" val="0"/>
</and_exp></or_exp>
</condition>

<Node id="227" bw="2" op_0_bw="3">
<![CDATA[
.preheader.preheader:1  %trunc_ln95 = trunc i3 %i_1 to i2

]]></Node>
<StgValue><ssdm name="trunc_ln95"/></StgValue>
</operation>

<operation id="176" st_id="7" stage="1" lat="1">
<core>NULL</core>
<MemPortIdVec></MemPortIdVec>
<condition id="-1">
<or_exp><and_exp><literal name="icmp_ln90" val="0"/>
</and_exp></or_exp>
</condition>

<Node id="228" bw="4" op_0_bw="4" op_1_bw="2" op_2_bw="2">
<![CDATA[
.preheader.preheader:2  %shl_ln1 = call i4 @_ssdm_op_BitConcatenate.i4.i2.i2(i2 %trunc_ln95, i2 0)

]]></Node>
<StgValue><ssdm name="shl_ln1"/></StgValue>
</operation>

<operation id="177" st_id="7" stage="1" lat="1">
<core>NULL</core>
<MemPortIdVec></MemPortIdVec>
<condition id="-1">
<or_exp><and_exp><literal name="icmp_ln90" val="0"/>
</and_exp></or_exp>
</condition>

<Node id="229" bw="0" op_0_bw="0">
<![CDATA[
.preheader.preheader:3  br label %.preheader

]]></Node>
<StgValue><ssdm name="br_ln93"/></StgValue>
</operation>

<operation id="178" st_id="7" stage="1" lat="1">
<core>NULL</core>
<MemPortIdVec></MemPortIdVec>
<condition id="-1">
<or_exp><and_exp><literal name="icmp_ln90" val="1"/>
</and_exp></or_exp>
</condition>

<Node id="297" bw="0">
<![CDATA[
:0  ret void

]]></Node>
<StgValue><ssdm name="ret_ln98"/></StgValue>
</operation>
</state>

<state id="8" st_id="8">

<operation id="179" st_id="8" stage="1" lat="1">
<core>NULL</core>
<MemPortIdVec></MemPortIdVec>
<condition id="-1">
<or_exp><and_exp></and_exp></or_exp>
</condition>

<Node id="231" bw="3" op_0_bw="3" op_1_bw="0" op_2_bw="3" op_3_bw="0">
<![CDATA[
.preheader:0  %j_1 = phi i3 [ %j_2, %3 ], [ 0, %.preheader.preheader ]

]]></Node>
<StgValue><ssdm name="j_1"/></StgValue>
</operation>

<operation id="180" st_id="8" stage="1" lat="1">
<core>Cmp</core>
<MemPortIdVec></MemPortIdVec>
<condition id="-1">
<or_exp><and_exp></and_exp></or_exp>
</condition>

<Node id="232" bw="1" op_0_bw="3" op_1_bw="3">
<![CDATA[
.preheader:1  %icmp_ln93 = icmp eq i3 %j_1, -4

]]></Node>
<StgValue><ssdm name="icmp_ln93"/></StgValue>
</operation>

<operation id="181" st_id="8" stage="1" lat="1">
<core>NULL</core>
<MemPortIdVec></MemPortIdVec>
<condition id="-1">
<or_exp><and_exp></and_exp></or_exp>
</condition>

<Node id="233" bw="32" op_0_bw="32" op_1_bw="64" op_2_bw="64" op_3_bw="64">
<![CDATA[
.preheader:2  %empty_27 = call i32 (...)* @_ssdm_op_SpecLoopTripCount(i64 4, i64 4, i64 4)

]]></Node>
<StgValue><ssdm name="empty_27"/></StgValue>
</operation>

<operation id="182" st_id="8" stage="1" lat="1">
<core>AddSub</core>
<MemPortIdVec></MemPortIdVec>
<condition id="-1">
<or_exp><and_exp></and_exp></or_exp>
</condition>

<Node id="234" bw="3" op_0_bw="3" op_1_bw="3">
<![CDATA[
.preheader:3  %j_2 = add i3 %j_1, 1

]]></Node>
<StgValue><ssdm name="j_2"/></StgValue>
</operation>

<operation id="183" st_id="8" stage="1" lat="1">
<core>NULL</core>
<MemPortIdVec></MemPortIdVec>
<condition id="-1">
<or_exp><and_exp></and_exp></or_exp>
</condition>

<Node id="235" bw="0" op_0_bw="1" op_1_bw="0" op_2_bw="0">
<![CDATA[
.preheader:4  br i1 %icmp_ln93, label %.loopexit.loopexit, label %2

]]></Node>
<StgValue><ssdm name="br_ln93"/></StgValue>
</operation>

<operation id="184" st_id="8" stage="1" lat="1">
<core>NULL</core>
<MemPortIdVec></MemPortIdVec>
<condition id="-1">
<or_exp><and_exp><literal name="icmp_ln93" val="0"/>
</and_exp></or_exp>
</condition>

<Node id="237" bw="4" op_0_bw="3">
<![CDATA[
:0  %zext_ln95_1 = zext i3 %j_1 to i4

]]></Node>
<StgValue><ssdm name="zext_ln95_1"/></StgValue>
</operation>

<operation id="185" st_id="8" stage="1" lat="1">
<core>NULL</core>
<MemPortIdVec></MemPortIdVec>
<condition id="-1">
<or_exp><and_exp><literal name="icmp_ln93" val="0"/>
</and_exp></or_exp>
</condition>

<Node id="238" bw="2" op_0_bw="3">
<![CDATA[
:1  %trunc_ln95_1 = trunc i3 %j_1 to i2

]]></Node>
<StgValue><ssdm name="trunc_ln95_1"/></StgValue>
</operation>

<operation id="186" st_id="8" stage="1" lat="1">
<core>NULL</core>
<MemPortIdVec></MemPortIdVec>
<condition id="-1">
<or_exp><and_exp><literal name="icmp_ln93" val="0"/>
</and_exp></or_exp>
</condition>

<Node id="239" bw="4" op_0_bw="4" op_1_bw="2" op_2_bw="2">
<![CDATA[
:2  %shl_ln95_1 = call i4 @_ssdm_op_BitConcatenate.i4.i2.i2(i2 %trunc_ln95_1, i2 0)

]]></Node>
<StgValue><ssdm name="shl_ln95_1"/></StgValue>
</operation>

<operation id="187" st_id="8" stage="1" lat="1">
<core>AddSub</core>
<MemPortIdVec></MemPortIdVec>
<condition id="-1">
<or_exp><and_exp><literal name="icmp_ln93" val="0"/>
</and_exp></or_exp>
</condition>

<Node id="240" bw="4" op_0_bw="4" op_1_bw="4">
<![CDATA[
:3  %add_ln95 = add i4 %shl_ln95_1, %zext_ln95

]]></Node>
<StgValue><ssdm name="add_ln95"/></StgValue>
</operation>

<operation id="188" st_id="8" stage="1" lat="1">
<core>MuxnS</core>
<MemPortIdVec></MemPortIdVec>
<condition id="-1">
<or_exp><and_exp><literal name="icmp_ln93" val="0"/>
</and_exp></or_exp>
</condition>

<Node id="241" bw="8" op_0_bw="8" op_1_bw="8" op_2_bw="8" op_3_bw="8" op_4_bw="8" op_5_bw="8" op_6_bw="8" op_7_bw="8" op_8_bw="8" op_9_bw="8" op_10_bw="8" op_11_bw="8" op_12_bw="8" op_13_bw="8" op_14_bw="8" op_15_bw="8" op_16_bw="8" op_17_bw="4">
<![CDATA[
:4  %tmp_s = call i8 @_ssdm_op_Mux.ap_auto.16i8.i4(i8 %block_0, i8 %block_1_11, i8 %block_2_12, i8 %block_3_13, i8 %block_4_14, i8 %block_5_15, i8 %block_6_16, i8 %block_7_17, i8 %block_8_18, i8 %block_9_19, i8 %block_10_20, i8 %block_11_21, i8 %block_12_22, i8 %block_13_23, i8 %block_14_24, i8 %block_15_25, i4 %add_ln95)

]]></Node>
<StgValue><ssdm name="tmp_s"/></StgValue>
</operation>

<operation id="189" st_id="8" stage="1" lat="1">
<core>AddSub</core>
<MemPortIdVec></MemPortIdVec>
<condition id="-1">
<or_exp><and_exp><literal name="icmp_ln93" val="0"/>
</and_exp></or_exp>
</condition>

<Node id="242" bw="4" op_0_bw="4" op_1_bw="4">
<![CDATA[
:5  %add_ln95_1 = add i4 %zext_ln95_1, %shl_ln1

]]></Node>
<StgValue><ssdm name="add_ln95_1"/></StgValue>
</operation>

<operation id="190" st_id="8" stage="1" lat="1">
<core>NULL</core>
<MemPortIdVec></MemPortIdVec>
<condition id="-1">
<or_exp><and_exp><literal name="icmp_ln93" val="0"/>
</and_exp></or_exp>
</condition>

<Node id="243" bw="0" op_0_bw="4" op_1_bw="0" op_2_bw="4" op_3_bw="0" op_4_bw="4" op_5_bw="0" op_6_bw="4" op_7_bw="0" op_8_bw="4" op_9_bw="0" op_10_bw="4" op_11_bw="0" op_12_bw="4" op_13_bw="0" op_14_bw="4" op_15_bw="0" op_16_bw="4" op_17_bw="0" op_18_bw="4" op_19_bw="0" op_20_bw="4" op_21_bw="0" op_22_bw="4" op_23_bw="0" op_24_bw="4" op_25_bw="0" op_26_bw="4" op_27_bw="0" op_28_bw="4" op_29_bw="0" op_30_bw="4" op_31_bw="0">
<![CDATA[
:6  switch i4 %add_ln95_1, label %branch1593 [
    i4 0, label %branch078
    i4 1, label %branch179
    i4 2, label %branch280
    i4 3, label %branch381
    i4 4, label %branch482
    i4 5, label %branch583
    i4 6, label %branch684
    i4 7, label %branch785
    i4 -8, label %branch886
    i4 -7, label %branch987
    i4 -6, label %branch1088
    i4 -5, label %branch1189
    i4 -4, label %branch1290
    i4 -3, label %branch1391
    i4 -2, label %branch1492
  ]

]]></Node>
<StgValue><ssdm name="switch_ln95"/></StgValue>
</operation>

<operation id="191" st_id="8" stage="1" lat="1">
<core>NULL</core>
<MemPortIdVec></MemPortIdVec>
<condition id="-1">
<or_exp><and_exp><literal name="icmp_ln93" val="0"/>
<literal name="add_ln95_1" val="-2"/>
</and_exp></or_exp>
</condition>

<Node id="245" bw="0" op_0_bw="0" op_1_bw="8" op_2_bw="8">
<![CDATA[
branch1492:0  call void @_ssdm_op_Write.ap_auto.i8P(i8* %output_14, i8 %tmp_s)

]]></Node>
<StgValue><ssdm name="write_ln95"/></StgValue>
</operation>

<operation id="192" st_id="8" stage="1" lat="1">
<core>NULL</core>
<MemPortIdVec></MemPortIdVec>
<condition id="-1">
<or_exp><and_exp><literal name="icmp_ln93" val="0"/>
<literal name="add_ln95_1" val="-2"/>
</and_exp></or_exp>
</condition>

<Node id="246" bw="0" op_0_bw="0">
<![CDATA[
branch1492:1  br label %3

]]></Node>
<StgValue><ssdm name="br_ln95"/></StgValue>
</operation>

<operation id="193" st_id="8" stage="1" lat="1">
<core>NULL</core>
<MemPortIdVec></MemPortIdVec>
<condition id="-1">
<or_exp><and_exp><literal name="icmp_ln93" val="0"/>
<literal name="add_ln95_1" val="-3"/>
</and_exp></or_exp>
</condition>

<Node id="248" bw="0" op_0_bw="0" op_1_bw="8" op_2_bw="8">
<![CDATA[
branch1391:0  call void @_ssdm_op_Write.ap_auto.i8P(i8* %output_13, i8 %tmp_s)

]]></Node>
<StgValue><ssdm name="write_ln95"/></StgValue>
</operation>

<operation id="194" st_id="8" stage="1" lat="1">
<core>NULL</core>
<MemPortIdVec></MemPortIdVec>
<condition id="-1">
<or_exp><and_exp><literal name="icmp_ln93" val="0"/>
<literal name="add_ln95_1" val="-3"/>
</and_exp></or_exp>
</condition>

<Node id="249" bw="0" op_0_bw="0">
<![CDATA[
branch1391:1  br label %3

]]></Node>
<StgValue><ssdm name="br_ln95"/></StgValue>
</operation>

<operation id="195" st_id="8" stage="1" lat="1">
<core>NULL</core>
<MemPortIdVec></MemPortIdVec>
<condition id="-1">
<or_exp><and_exp><literal name="icmp_ln93" val="0"/>
<literal name="add_ln95_1" val="-4"/>
</and_exp></or_exp>
</condition>

<Node id="251" bw="0" op_0_bw="0" op_1_bw="8" op_2_bw="8">
<![CDATA[
branch1290:0  call void @_ssdm_op_Write.ap_auto.i8P(i8* %output_12, i8 %tmp_s)

]]></Node>
<StgValue><ssdm name="write_ln95"/></StgValue>
</operation>

<operation id="196" st_id="8" stage="1" lat="1">
<core>NULL</core>
<MemPortIdVec></MemPortIdVec>
<condition id="-1">
<or_exp><and_exp><literal name="icmp_ln93" val="0"/>
<literal name="add_ln95_1" val="-4"/>
</and_exp></or_exp>
</condition>

<Node id="252" bw="0" op_0_bw="0">
<![CDATA[
branch1290:1  br label %3

]]></Node>
<StgValue><ssdm name="br_ln95"/></StgValue>
</operation>

<operation id="197" st_id="8" stage="1" lat="1">
<core>NULL</core>
<MemPortIdVec></MemPortIdVec>
<condition id="-1">
<or_exp><and_exp><literal name="icmp_ln93" val="0"/>
<literal name="add_ln95_1" val="-5"/>
</and_exp></or_exp>
</condition>

<Node id="254" bw="0" op_0_bw="0" op_1_bw="8" op_2_bw="8">
<![CDATA[
branch1189:0  call void @_ssdm_op_Write.ap_auto.i8P(i8* %output_11, i8 %tmp_s)

]]></Node>
<StgValue><ssdm name="write_ln95"/></StgValue>
</operation>

<operation id="198" st_id="8" stage="1" lat="1">
<core>NULL</core>
<MemPortIdVec></MemPortIdVec>
<condition id="-1">
<or_exp><and_exp><literal name="icmp_ln93" val="0"/>
<literal name="add_ln95_1" val="-5"/>
</and_exp></or_exp>
</condition>

<Node id="255" bw="0" op_0_bw="0">
<![CDATA[
branch1189:1  br label %3

]]></Node>
<StgValue><ssdm name="br_ln95"/></StgValue>
</operation>

<operation id="199" st_id="8" stage="1" lat="1">
<core>NULL</core>
<MemPortIdVec></MemPortIdVec>
<condition id="-1">
<or_exp><and_exp><literal name="icmp_ln93" val="0"/>
<literal name="add_ln95_1" val="-6"/>
</and_exp></or_exp>
</condition>

<Node id="257" bw="0" op_0_bw="0" op_1_bw="8" op_2_bw="8">
<![CDATA[
branch1088:0  call void @_ssdm_op_Write.ap_auto.i8P(i8* %output_10, i8 %tmp_s)

]]></Node>
<StgValue><ssdm name="write_ln95"/></StgValue>
</operation>

<operation id="200" st_id="8" stage="1" lat="1">
<core>NULL</core>
<MemPortIdVec></MemPortIdVec>
<condition id="-1">
<or_exp><and_exp><literal name="icmp_ln93" val="0"/>
<literal name="add_ln95_1" val="-6"/>
</and_exp></or_exp>
</condition>

<Node id="258" bw="0" op_0_bw="0">
<![CDATA[
branch1088:1  br label %3

]]></Node>
<StgValue><ssdm name="br_ln95"/></StgValue>
</operation>

<operation id="201" st_id="8" stage="1" lat="1">
<core>NULL</core>
<MemPortIdVec></MemPortIdVec>
<condition id="-1">
<or_exp><and_exp><literal name="icmp_ln93" val="0"/>
<literal name="add_ln95_1" val="-7"/>
</and_exp></or_exp>
</condition>

<Node id="260" bw="0" op_0_bw="0" op_1_bw="8" op_2_bw="8">
<![CDATA[
branch987:0  call void @_ssdm_op_Write.ap_auto.i8P(i8* %output_9, i8 %tmp_s)

]]></Node>
<StgValue><ssdm name="write_ln95"/></StgValue>
</operation>

<operation id="202" st_id="8" stage="1" lat="1">
<core>NULL</core>
<MemPortIdVec></MemPortIdVec>
<condition id="-1">
<or_exp><and_exp><literal name="icmp_ln93" val="0"/>
<literal name="add_ln95_1" val="-7"/>
</and_exp></or_exp>
</condition>

<Node id="261" bw="0" op_0_bw="0">
<![CDATA[
branch987:1  br label %3

]]></Node>
<StgValue><ssdm name="br_ln95"/></StgValue>
</operation>

<operation id="203" st_id="8" stage="1" lat="1">
<core>NULL</core>
<MemPortIdVec></MemPortIdVec>
<condition id="-1">
<or_exp><and_exp><literal name="icmp_ln93" val="0"/>
<literal name="add_ln95_1" val="-8"/>
</and_exp></or_exp>
</condition>

<Node id="263" bw="0" op_0_bw="0" op_1_bw="8" op_2_bw="8">
<![CDATA[
branch886:0  call void @_ssdm_op_Write.ap_auto.i8P(i8* %output_8, i8 %tmp_s)

]]></Node>
<StgValue><ssdm name="write_ln95"/></StgValue>
</operation>

<operation id="204" st_id="8" stage="1" lat="1">
<core>NULL</core>
<MemPortIdVec></MemPortIdVec>
<condition id="-1">
<or_exp><and_exp><literal name="icmp_ln93" val="0"/>
<literal name="add_ln95_1" val="-8"/>
</and_exp></or_exp>
</condition>

<Node id="264" bw="0" op_0_bw="0">
<![CDATA[
branch886:1  br label %3

]]></Node>
<StgValue><ssdm name="br_ln95"/></StgValue>
</operation>

<operation id="205" st_id="8" stage="1" lat="1">
<core>NULL</core>
<MemPortIdVec></MemPortIdVec>
<condition id="-1">
<or_exp><and_exp><literal name="icmp_ln93" val="0"/>
<literal name="add_ln95_1" val="7"/>
</and_exp></or_exp>
</condition>

<Node id="266" bw="0" op_0_bw="0" op_1_bw="8" op_2_bw="8">
<![CDATA[
branch785:0  call void @_ssdm_op_Write.ap_auto.i8P(i8* %output_7, i8 %tmp_s)

]]></Node>
<StgValue><ssdm name="write_ln95"/></StgValue>
</operation>

<operation id="206" st_id="8" stage="1" lat="1">
<core>NULL</core>
<MemPortIdVec></MemPortIdVec>
<condition id="-1">
<or_exp><and_exp><literal name="icmp_ln93" val="0"/>
<literal name="add_ln95_1" val="7"/>
</and_exp></or_exp>
</condition>

<Node id="267" bw="0" op_0_bw="0">
<![CDATA[
branch785:1  br label %3

]]></Node>
<StgValue><ssdm name="br_ln95"/></StgValue>
</operation>

<operation id="207" st_id="8" stage="1" lat="1">
<core>NULL</core>
<MemPortIdVec></MemPortIdVec>
<condition id="-1">
<or_exp><and_exp><literal name="icmp_ln93" val="0"/>
<literal name="add_ln95_1" val="6"/>
</and_exp></or_exp>
</condition>

<Node id="269" bw="0" op_0_bw="0" op_1_bw="8" op_2_bw="8">
<![CDATA[
branch684:0  call void @_ssdm_op_Write.ap_auto.i8P(i8* %output_6, i8 %tmp_s)

]]></Node>
<StgValue><ssdm name="write_ln95"/></StgValue>
</operation>

<operation id="208" st_id="8" stage="1" lat="1">
<core>NULL</core>
<MemPortIdVec></MemPortIdVec>
<condition id="-1">
<or_exp><and_exp><literal name="icmp_ln93" val="0"/>
<literal name="add_ln95_1" val="6"/>
</and_exp></or_exp>
</condition>

<Node id="270" bw="0" op_0_bw="0">
<![CDATA[
branch684:1  br label %3

]]></Node>
<StgValue><ssdm name="br_ln95"/></StgValue>
</operation>

<operation id="209" st_id="8" stage="1" lat="1">
<core>NULL</core>
<MemPortIdVec></MemPortIdVec>
<condition id="-1">
<or_exp><and_exp><literal name="icmp_ln93" val="0"/>
<literal name="add_ln95_1" val="5"/>
</and_exp></or_exp>
</condition>

<Node id="272" bw="0" op_0_bw="0" op_1_bw="8" op_2_bw="8">
<![CDATA[
branch583:0  call void @_ssdm_op_Write.ap_auto.i8P(i8* %output_5, i8 %tmp_s)

]]></Node>
<StgValue><ssdm name="write_ln95"/></StgValue>
</operation>

<operation id="210" st_id="8" stage="1" lat="1">
<core>NULL</core>
<MemPortIdVec></MemPortIdVec>
<condition id="-1">
<or_exp><and_exp><literal name="icmp_ln93" val="0"/>
<literal name="add_ln95_1" val="5"/>
</and_exp></or_exp>
</condition>

<Node id="273" bw="0" op_0_bw="0">
<![CDATA[
branch583:1  br label %3

]]></Node>
<StgValue><ssdm name="br_ln95"/></StgValue>
</operation>

<operation id="211" st_id="8" stage="1" lat="1">
<core>NULL</core>
<MemPortIdVec></MemPortIdVec>
<condition id="-1">
<or_exp><and_exp><literal name="icmp_ln93" val="0"/>
<literal name="add_ln95_1" val="4"/>
</and_exp></or_exp>
</condition>

<Node id="275" bw="0" op_0_bw="0" op_1_bw="8" op_2_bw="8">
<![CDATA[
branch482:0  call void @_ssdm_op_Write.ap_auto.i8P(i8* %output_4, i8 %tmp_s)

]]></Node>
<StgValue><ssdm name="write_ln95"/></StgValue>
</operation>

<operation id="212" st_id="8" stage="1" lat="1">
<core>NULL</core>
<MemPortIdVec></MemPortIdVec>
<condition id="-1">
<or_exp><and_exp><literal name="icmp_ln93" val="0"/>
<literal name="add_ln95_1" val="4"/>
</and_exp></or_exp>
</condition>

<Node id="276" bw="0" op_0_bw="0">
<![CDATA[
branch482:1  br label %3

]]></Node>
<StgValue><ssdm name="br_ln95"/></StgValue>
</operation>

<operation id="213" st_id="8" stage="1" lat="1">
<core>NULL</core>
<MemPortIdVec></MemPortIdVec>
<condition id="-1">
<or_exp><and_exp><literal name="icmp_ln93" val="0"/>
<literal name="add_ln95_1" val="3"/>
</and_exp></or_exp>
</condition>

<Node id="278" bw="0" op_0_bw="0" op_1_bw="8" op_2_bw="8">
<![CDATA[
branch381:0  call void @_ssdm_op_Write.ap_auto.i8P(i8* %output_3, i8 %tmp_s)

]]></Node>
<StgValue><ssdm name="write_ln95"/></StgValue>
</operation>

<operation id="214" st_id="8" stage="1" lat="1">
<core>NULL</core>
<MemPortIdVec></MemPortIdVec>
<condition id="-1">
<or_exp><and_exp><literal name="icmp_ln93" val="0"/>
<literal name="add_ln95_1" val="3"/>
</and_exp></or_exp>
</condition>

<Node id="279" bw="0" op_0_bw="0">
<![CDATA[
branch381:1  br label %3

]]></Node>
<StgValue><ssdm name="br_ln95"/></StgValue>
</operation>

<operation id="215" st_id="8" stage="1" lat="1">
<core>NULL</core>
<MemPortIdVec></MemPortIdVec>
<condition id="-1">
<or_exp><and_exp><literal name="icmp_ln93" val="0"/>
<literal name="add_ln95_1" val="2"/>
</and_exp></or_exp>
</condition>

<Node id="281" bw="0" op_0_bw="0" op_1_bw="8" op_2_bw="8">
<![CDATA[
branch280:0  call void @_ssdm_op_Write.ap_auto.i8P(i8* %output_2, i8 %tmp_s)

]]></Node>
<StgValue><ssdm name="write_ln95"/></StgValue>
</operation>

<operation id="216" st_id="8" stage="1" lat="1">
<core>NULL</core>
<MemPortIdVec></MemPortIdVec>
<condition id="-1">
<or_exp><and_exp><literal name="icmp_ln93" val="0"/>
<literal name="add_ln95_1" val="2"/>
</and_exp></or_exp>
</condition>

<Node id="282" bw="0" op_0_bw="0">
<![CDATA[
branch280:1  br label %3

]]></Node>
<StgValue><ssdm name="br_ln95"/></StgValue>
</operation>

<operation id="217" st_id="8" stage="1" lat="1">
<core>NULL</core>
<MemPortIdVec></MemPortIdVec>
<condition id="-1">
<or_exp><and_exp><literal name="icmp_ln93" val="0"/>
<literal name="add_ln95_1" val="1"/>
</and_exp></or_exp>
</condition>

<Node id="284" bw="0" op_0_bw="0" op_1_bw="8" op_2_bw="8">
<![CDATA[
branch179:0  call void @_ssdm_op_Write.ap_auto.i8P(i8* %output_1, i8 %tmp_s)

]]></Node>
<StgValue><ssdm name="write_ln95"/></StgValue>
</operation>

<operation id="218" st_id="8" stage="1" lat="1">
<core>NULL</core>
<MemPortIdVec></MemPortIdVec>
<condition id="-1">
<or_exp><and_exp><literal name="icmp_ln93" val="0"/>
<literal name="add_ln95_1" val="1"/>
</and_exp></or_exp>
</condition>

<Node id="285" bw="0" op_0_bw="0">
<![CDATA[
branch179:1  br label %3

]]></Node>
<StgValue><ssdm name="br_ln95"/></StgValue>
</operation>

<operation id="219" st_id="8" stage="1" lat="1">
<core>NULL</core>
<MemPortIdVec></MemPortIdVec>
<condition id="-1">
<or_exp><and_exp><literal name="icmp_ln93" val="0"/>
<literal name="add_ln95_1" val="0"/>
</and_exp></or_exp>
</condition>

<Node id="287" bw="0" op_0_bw="0" op_1_bw="8" op_2_bw="8">
<![CDATA[
branch078:0  call void @_ssdm_op_Write.ap_auto.i8P(i8* %output_0, i8 %tmp_s)

]]></Node>
<StgValue><ssdm name="write_ln95"/></StgValue>
</operation>

<operation id="220" st_id="8" stage="1" lat="1">
<core>NULL</core>
<MemPortIdVec></MemPortIdVec>
<condition id="-1">
<or_exp><and_exp><literal name="icmp_ln93" val="0"/>
<literal name="add_ln95_1" val="0"/>
</and_exp></or_exp>
</condition>

<Node id="288" bw="0" op_0_bw="0">
<![CDATA[
branch078:1  br label %3

]]></Node>
<StgValue><ssdm name="br_ln95"/></StgValue>
</operation>

<operation id="221" st_id="8" stage="1" lat="1">
<core>NULL</core>
<MemPortIdVec></MemPortIdVec>
<condition id="-1">
<or_exp><and_exp><literal name="icmp_ln93" val="0"/>
<literal name="add_ln95_1" val="-1"/>
</and_exp></or_exp>
</condition>

<Node id="290" bw="0" op_0_bw="0" op_1_bw="8" op_2_bw="8">
<![CDATA[
branch1593:0  call void @_ssdm_op_Write.ap_auto.i8P(i8* %output_15, i8 %tmp_s)

]]></Node>
<StgValue><ssdm name="write_ln95"/></StgValue>
</operation>

<operation id="222" st_id="8" stage="1" lat="1">
<core>NULL</core>
<MemPortIdVec></MemPortIdVec>
<condition id="-1">
<or_exp><and_exp><literal name="icmp_ln93" val="0"/>
<literal name="add_ln95_1" val="-1"/>
</and_exp></or_exp>
</condition>

<Node id="291" bw="0" op_0_bw="0">
<![CDATA[
branch1593:1  br label %3

]]></Node>
<StgValue><ssdm name="br_ln95"/></StgValue>
</operation>

<operation id="223" st_id="8" stage="1" lat="1">
<core>NULL</core>
<MemPortIdVec></MemPortIdVec>
<condition id="-1">
<or_exp><and_exp><literal name="icmp_ln93" val="0"/>
</and_exp></or_exp>
</condition>

<Node id="293" bw="0" op_0_bw="0">
<![CDATA[
:0  br label %.preheader

]]></Node>
<StgValue><ssdm name="br_ln93"/></StgValue>
</operation>

<operation id="224" st_id="8" stage="1" lat="1">
<core>NULL</core>
<MemPortIdVec></MemPortIdVec>
<condition id="-1">
<or_exp><and_exp><literal name="icmp_ln93" val="1"/>
</and_exp></or_exp>
</condition>

<Node id="295" bw="0" op_0_bw="0">
<![CDATA[
.loopexit.loopexit:0  br label %.loopexit

]]></Node>
<StgValue><ssdm name="br_ln0"/></StgValue>
</operation>
</state>
</state_list>


<ports>
</ports>


<dataflows>
</dataflows>


</stg>
