<profile>

<section name = "Vivado HLS Report for 'createRoundKey'" level="0">
<item name = "Date">Fri Dec 13 14:47:15 2024
</item>
<item name = "Version">2019.2 (Build 2704478 on Wed Nov 06 22:10:23 MST 2019)</item>
<item name = "Project">decrypt.prj</item>
<item name = "Solution">solution1</item>
<item name = "Product family">zynq</item>
<item name = "Target device">xc7z020-clg484-1</item>
</section>

<section name = "Performance Estimates" level="0">
<item name = "Timing">
<section name = "" level="1">
<item name = "Summary"><table name="" hasTotal="0">
<keys size="4">Clock, Target, Estimated, Uncertainty</keys>
<column name="ap_clk">10.00 ns, 4.280 ns, 1.25 ns</column>
</table>
</item>
</section>
</item>
<item name = "Latency">
<section name = "" level="1">
<item name = "Summary"><table name="" hasTotal="0">
<keys size="8">, min, max, min, max, min, max, Type</keys>
<column name="">8, 8, 80.000 ns, 80.000 ns, 8, 8, function</column>
</table>
</item>
<item name = "Detail">
<section name = "" level="1">
<item name = "Instance"><table name="" hasTotal="0">
<keys size="9">Instance, Module, min, max, min, max, min, max, Type</keys>
</table>
</item>
<item name = "Loop"><table name="" hasTotal="0">
<keys size="8">Loop Name, min, max, Latency, achieved, target, Count, Pipelined</keys>
</table>
</item>
</section>
</item>
</section>
</item>
</section>

<section name = "Utilization Estimates" level="0">
<item name = "Summary"><table name="" hasTotal="1">
<keys size="6">Name, BRAM_18K, DSP48E, FF, LUT, URAM</keys>
<column name="DSP">-, -, -, -, -</column>
<column name="Expression">-, -, 0, 231, -</column>
<column name="FIFO">-, -, -, -, -</column>
<column name="Instance">-, -, 0, 260, -</column>
<column name="Memory">-, -, -, -, -</column>
<column name="Multiplexer">-, -, -, 444, -</column>
<column name="Register">-, -, 134, -, -</column>
<specialColumn name="Available">280, 220, 106400, 53200, 0</specialColumn>
<specialColumn name="Utilization (%)">0, 0, ~0, 1, 0</specialColumn>
</table>
</item>
<item name = "Detail">
<section name = "" level="1">
<item name = "Instance"><table name="" hasTotal="1">
<keys size="7">Instance, Module, BRAM_18K, DSP48E, FF, LUT, URAM</keys>
<column name="decrypt_dut_mux_4bkb_U23">decrypt_dut_mux_4bkb, 0, 0, 0, 65, 0</column>
<column name="decrypt_dut_mux_4bkb_U24">decrypt_dut_mux_4bkb, 0, 0, 0, 65, 0</column>
<column name="decrypt_dut_mux_4bkb_U25">decrypt_dut_mux_4bkb, 0, 0, 0, 65, 0</column>
<column name="decrypt_dut_mux_4bkb_U26">decrypt_dut_mux_4bkb, 0, 0, 0, 65, 0</column>
</table>
</item>
<item name = "DSP48E"><table name="" hasTotal="0">
<keys size="3">Instance, Module, Expression</keys>
</table>
</item>
<item name = "Memory"><table name="" hasTotal="1">
<keys size="10">Memory, Module, BRAM_18K, FF, LUT, URAM, Words, Bits, Banks, W*Bits*Banks</keys>
</table>
</item>
<item name = "FIFO"><table name="" hasTotal="1">
<keys size="8">Name, BRAM_18K, FF, LUT, URAM, Depth, Bits, Size:D*B</keys>
</table>
</item>
<item name = "Expression"><table name="" hasTotal="1">
<keys size="7">Variable Name, Operation, DSP48E, FF, LUT, Bitwidth P0, Bitwidth P1</keys>
<column name="add_ln312_10_fu_924_p2">+, 0, 0, 15, 4, 8</column>
<column name="add_ln312_11_fu_947_p2">+, 0, 0, 15, 4, 8</column>
<column name="add_ln312_12_fu_970_p2">+, 0, 0, 15, 4, 8</column>
<column name="add_ln312_13_fu_993_p2">+, 0, 0, 15, 4, 8</column>
<column name="add_ln312_14_fu_1016_p2">+, 0, 0, 15, 4, 8</column>
<column name="add_ln312_1_fu_717_p2">+, 0, 0, 15, 2, 8</column>
<column name="add_ln312_2_fu_740_p2">+, 0, 0, 15, 2, 8</column>
<column name="add_ln312_3_fu_763_p2">+, 0, 0, 15, 3, 8</column>
<column name="add_ln312_4_fu_786_p2">+, 0, 0, 15, 3, 8</column>
<column name="add_ln312_5_fu_809_p2">+, 0, 0, 15, 3, 8</column>
<column name="add_ln312_6_fu_832_p2">+, 0, 0, 15, 3, 8</column>
<column name="add_ln312_7_fu_855_p2">+, 0, 0, 15, 4, 8</column>
<column name="add_ln312_8_fu_878_p2">+, 0, 0, 15, 4, 8</column>
<column name="add_ln312_9_fu_901_p2">+, 0, 0, 15, 4, 8</column>
<column name="add_ln312_fu_688_p2">+, 0, 0, 15, 1, 8</column>
<column name="ap_block_pp0_stage0_11001">and, 0, 0, 2, 1, 1</column>
<column name="ap_block_pp0_stage0_subdone">or, 0, 0, 2, 1, 1</column>
<column name="ap_enable_pp0">xor, 0, 0, 2, 1, 2</column>
</table>
</item>
<item name = "Multiplexer"><table name="" hasTotal="1">
<keys size="5">Name, LUT, Input Size, Bits, Total Bits</keys>
<column name="ap_NS_fsm">44, 9, 1, 9</column>
<column name="ap_enable_reg_pp0_iter0">9, 2, 1, 2</column>
<column name="ap_enable_reg_pp0_iter1">9, 2, 1, 2</column>
<column name="expandedKey_0_address0">44, 9, 6, 54</column>
<column name="expandedKey_0_address1">44, 9, 6, 54</column>
<column name="expandedKey_1_address0">44, 9, 6, 54</column>
<column name="expandedKey_1_address1">44, 9, 6, 54</column>
<column name="expandedKey_2_address0">44, 9, 6, 54</column>
<column name="expandedKey_2_address1">44, 9, 6, 54</column>
<column name="expandedKey_3_address0">44, 9, 6, 54</column>
<column name="expandedKey_3_address1">44, 9, 6, 54</column>
<column name="grp_fu_610_p5">15, 3, 32, 96</column>
<column name="grp_fu_623_p5">15, 3, 32, 96</column>
</table>
</item>
<item name = "Register"><table name="" hasTotal="1">
<keys size="5">Name, FF, LUT, Bits, Const Bits</keys>
<column name="ap_CS_fsm">8, 0, 8, 0</column>
<column name="ap_enable_reg_pp0_iter0_reg">1, 0, 1, 0</column>
<column name="ap_enable_reg_pp0_iter1">1, 0, 1, 0</column>
<column name="roundKey_0_write_as_reg_1192">8, 0, 8, 0</column>
<column name="roundKey_10_write_a_reg_1442">8, 0, 8, 0</column>
<column name="roundKey_12_write_a_reg_1247">8, 0, 8, 0</column>
<column name="roundKey_13_write_a_reg_1347">8, 0, 8, 0</column>
<column name="roundKey_14_write_a_reg_1447">8, 0, 8, 0</column>
<column name="roundKey_1_write_as_reg_1292">8, 0, 8, 0</column>
<column name="roundKey_2_write_as_reg_1392">8, 0, 8, 0</column>
<column name="roundKey_3_write_as_reg_1492">8, 0, 8, 0</column>
<column name="roundKey_4_write_as_reg_1197">8, 0, 8, 0</column>
<column name="roundKey_5_write_as_reg_1297">8, 0, 8, 0</column>
<column name="roundKey_6_write_as_reg_1397">8, 0, 8, 0</column>
<column name="roundKey_7_write_as_reg_1497">8, 0, 8, 0</column>
<column name="roundKey_8_write_as_reg_1242">8, 0, 8, 0</column>
<column name="roundKey_9_write_as_reg_1342">8, 0, 8, 0</column>
<column name="trunc_ln312_1_reg_1126">8, 0, 8, 0</column>
<column name="trunc_ln312_reg_1121">2, 0, 2, 0</column>
<column name="zext_ln312_reg_1184">2, 0, 32, 30</column>
</table>
</item>
</section>
</item>
</section>

<section name = "Interface" level="0">
<item name = "Summary"><table name="" hasTotal="0">
<keys size="6">RTL Ports, Dir, Bits, Protocol, Source Object, C Type</keys>
<column name="ap_clk">in, 1, ap_ctrl_hs, createRoundKey, return value</column>
<column name="ap_rst">in, 1, ap_ctrl_hs, createRoundKey, return value</column>
<column name="ap_start">in, 1, ap_ctrl_hs, createRoundKey, return value</column>
<column name="ap_done">out, 1, ap_ctrl_hs, createRoundKey, return value</column>
<column name="ap_idle">out, 1, ap_ctrl_hs, createRoundKey, return value</column>
<column name="ap_ready">out, 1, ap_ctrl_hs, createRoundKey, return value</column>
<column name="ap_ce">in, 1, ap_ctrl_hs, createRoundKey, return value</column>
<column name="ap_return_0">out, 8, ap_ctrl_hs, createRoundKey, return value</column>
<column name="ap_return_1">out, 8, ap_ctrl_hs, createRoundKey, return value</column>
<column name="ap_return_2">out, 8, ap_ctrl_hs, createRoundKey, return value</column>
<column name="ap_return_3">out, 8, ap_ctrl_hs, createRoundKey, return value</column>
<column name="ap_return_4">out, 8, ap_ctrl_hs, createRoundKey, return value</column>
<column name="ap_return_5">out, 8, ap_ctrl_hs, createRoundKey, return value</column>
<column name="ap_return_6">out, 8, ap_ctrl_hs, createRoundKey, return value</column>
<column name="ap_return_7">out, 8, ap_ctrl_hs, createRoundKey, return value</column>
<column name="ap_return_8">out, 8, ap_ctrl_hs, createRoundKey, return value</column>
<column name="ap_return_9">out, 8, ap_ctrl_hs, createRoundKey, return value</column>
<column name="ap_return_10">out, 8, ap_ctrl_hs, createRoundKey, return value</column>
<column name="ap_return_11">out, 8, ap_ctrl_hs, createRoundKey, return value</column>
<column name="ap_return_12">out, 8, ap_ctrl_hs, createRoundKey, return value</column>
<column name="ap_return_13">out, 8, ap_ctrl_hs, createRoundKey, return value</column>
<column name="ap_return_14">out, 8, ap_ctrl_hs, createRoundKey, return value</column>
<column name="ap_return_15">out, 8, ap_ctrl_hs, createRoundKey, return value</column>
<column name="expandedKey_0_address0">out, 6, ap_memory, expandedKey_0, array</column>
<column name="expandedKey_0_ce0">out, 1, ap_memory, expandedKey_0, array</column>
<column name="expandedKey_0_q0">in, 8, ap_memory, expandedKey_0, array</column>
<column name="expandedKey_0_address1">out, 6, ap_memory, expandedKey_0, array</column>
<column name="expandedKey_0_ce1">out, 1, ap_memory, expandedKey_0, array</column>
<column name="expandedKey_0_q1">in, 8, ap_memory, expandedKey_0, array</column>
<column name="expandedKey_1_address0">out, 6, ap_memory, expandedKey_1, array</column>
<column name="expandedKey_1_ce0">out, 1, ap_memory, expandedKey_1, array</column>
<column name="expandedKey_1_q0">in, 8, ap_memory, expandedKey_1, array</column>
<column name="expandedKey_1_address1">out, 6, ap_memory, expandedKey_1, array</column>
<column name="expandedKey_1_ce1">out, 1, ap_memory, expandedKey_1, array</column>
<column name="expandedKey_1_q1">in, 8, ap_memory, expandedKey_1, array</column>
<column name="expandedKey_2_address0">out, 6, ap_memory, expandedKey_2, array</column>
<column name="expandedKey_2_ce0">out, 1, ap_memory, expandedKey_2, array</column>
<column name="expandedKey_2_q0">in, 8, ap_memory, expandedKey_2, array</column>
<column name="expandedKey_2_address1">out, 6, ap_memory, expandedKey_2, array</column>
<column name="expandedKey_2_ce1">out, 1, ap_memory, expandedKey_2, array</column>
<column name="expandedKey_2_q1">in, 8, ap_memory, expandedKey_2, array</column>
<column name="expandedKey_3_address0">out, 6, ap_memory, expandedKey_3, array</column>
<column name="expandedKey_3_ce0">out, 1, ap_memory, expandedKey_3, array</column>
<column name="expandedKey_3_q0">in, 8, ap_memory, expandedKey_3, array</column>
<column name="expandedKey_3_address1">out, 6, ap_memory, expandedKey_3, array</column>
<column name="expandedKey_3_ce1">out, 1, ap_memory, expandedKey_3, array</column>
<column name="expandedKey_3_q1">in, 8, ap_memory, expandedKey_3, array</column>
<column name="ptr">in, 9, ap_none, ptr, scalar</column>
</table>
</item>
</section>
</profile>
