<stg><name>decrypt_dut</name>


<trans_list>

<trans id="87" from="1" to="2">
<condition id="-1">
<or_exp><and_exp></and_exp></or_exp>
</condition>
</trans>
</trans_list>



<state_list>

<state id="1" st_id="1">

<operation id="3" st_id="1" stage="1" lat="1">
<core>NULL</core>
<MemPortIdVec></MemPortIdVec>
<condition id="-1">
<or_exp><and_exp></and_exp></or_exp>
</condition>

<Node id="104" bw="8" op_0_bw="8" op_1_bw="8">
<![CDATA[
:49  %key_0_read = call i8 @_ssdm_op_Read.ap_auto.i8P(i8* %key_0)

]]></Node>
<StgValue><ssdm name="key_0_read"/></StgValue>
</operation>

<operation id="4" st_id="1" stage="1" lat="1">
<core>NULL</core>
<MemPortIdVec></MemPortIdVec>
<condition id="-1">
<or_exp><and_exp></and_exp></or_exp>
</condition>

<Node id="105" bw="8" op_0_bw="8" op_1_bw="8">
<![CDATA[
:50  %key_1_read = call i8 @_ssdm_op_Read.ap_auto.i8P(i8* %key_1)

]]></Node>
<StgValue><ssdm name="key_1_read"/></StgValue>
</operation>

<operation id="5" st_id="1" stage="1" lat="1">
<core>NULL</core>
<MemPortIdVec></MemPortIdVec>
<condition id="-1">
<or_exp><and_exp></and_exp></or_exp>
</condition>

<Node id="106" bw="8" op_0_bw="8" op_1_bw="8">
<![CDATA[
:51  %key_2_read = call i8 @_ssdm_op_Read.ap_auto.i8P(i8* %key_2)

]]></Node>
<StgValue><ssdm name="key_2_read"/></StgValue>
</operation>

<operation id="6" st_id="1" stage="1" lat="1">
<core>NULL</core>
<MemPortIdVec></MemPortIdVec>
<condition id="-1">
<or_exp><and_exp></and_exp></or_exp>
</condition>

<Node id="107" bw="8" op_0_bw="8" op_1_bw="8">
<![CDATA[
:52  %key_3_read = call i8 @_ssdm_op_Read.ap_auto.i8P(i8* %key_3)

]]></Node>
<StgValue><ssdm name="key_3_read"/></StgValue>
</operation>

<operation id="7" st_id="1" stage="1" lat="1">
<core>NULL</core>
<MemPortIdVec></MemPortIdVec>
<condition id="-1">
<or_exp><and_exp></and_exp></or_exp>
</condition>

<Node id="108" bw="8" op_0_bw="8" op_1_bw="8">
<![CDATA[
:53  %key_4_read = call i8 @_ssdm_op_Read.ap_auto.i8P(i8* %key_4)

]]></Node>
<StgValue><ssdm name="key_4_read"/></StgValue>
</operation>

<operation id="8" st_id="1" stage="1" lat="1">
<core>NULL</core>
<MemPortIdVec></MemPortIdVec>
<condition id="-1">
<or_exp><and_exp></and_exp></or_exp>
</condition>

<Node id="109" bw="8" op_0_bw="8" op_1_bw="8">
<![CDATA[
:54  %key_5_read = call i8 @_ssdm_op_Read.ap_auto.i8P(i8* %key_5)

]]></Node>
<StgValue><ssdm name="key_5_read"/></StgValue>
</operation>

<operation id="9" st_id="1" stage="1" lat="1">
<core>NULL</core>
<MemPortIdVec></MemPortIdVec>
<condition id="-1">
<or_exp><and_exp></and_exp></or_exp>
</condition>

<Node id="110" bw="8" op_0_bw="8" op_1_bw="8">
<![CDATA[
:55  %key_6_read = call i8 @_ssdm_op_Read.ap_auto.i8P(i8* %key_6)

]]></Node>
<StgValue><ssdm name="key_6_read"/></StgValue>
</operation>

<operation id="10" st_id="1" stage="1" lat="1">
<core>NULL</core>
<MemPortIdVec></MemPortIdVec>
<condition id="-1">
<or_exp><and_exp></and_exp></or_exp>
</condition>

<Node id="111" bw="8" op_0_bw="8" op_1_bw="8">
<![CDATA[
:56  %key_7_read = call i8 @_ssdm_op_Read.ap_auto.i8P(i8* %key_7)

]]></Node>
<StgValue><ssdm name="key_7_read"/></StgValue>
</operation>

<operation id="11" st_id="1" stage="1" lat="1">
<core>NULL</core>
<MemPortIdVec></MemPortIdVec>
<condition id="-1">
<or_exp><and_exp></and_exp></or_exp>
</condition>

<Node id="112" bw="8" op_0_bw="8" op_1_bw="8">
<![CDATA[
:57  %key_8_read = call i8 @_ssdm_op_Read.ap_auto.i8P(i8* %key_8)

]]></Node>
<StgValue><ssdm name="key_8_read"/></StgValue>
</operation>

<operation id="12" st_id="1" stage="1" lat="1">
<core>NULL</core>
<MemPortIdVec></MemPortIdVec>
<condition id="-1">
<or_exp><and_exp></and_exp></or_exp>
</condition>

<Node id="113" bw="8" op_0_bw="8" op_1_bw="8">
<![CDATA[
:58  %key_9_read = call i8 @_ssdm_op_Read.ap_auto.i8P(i8* %key_9)

]]></Node>
<StgValue><ssdm name="key_9_read"/></StgValue>
</operation>

<operation id="13" st_id="1" stage="1" lat="1">
<core>NULL</core>
<MemPortIdVec></MemPortIdVec>
<condition id="-1">
<or_exp><and_exp></and_exp></or_exp>
</condition>

<Node id="114" bw="8" op_0_bw="8" op_1_bw="8">
<![CDATA[
:59  %key_10_read = call i8 @_ssdm_op_Read.ap_auto.i8P(i8* %key_10)

]]></Node>
<StgValue><ssdm name="key_10_read"/></StgValue>
</operation>

<operation id="14" st_id="1" stage="1" lat="1">
<core>NULL</core>
<MemPortIdVec></MemPortIdVec>
<condition id="-1">
<or_exp><and_exp></and_exp></or_exp>
</condition>

<Node id="115" bw="8" op_0_bw="8" op_1_bw="8">
<![CDATA[
:60  %key_11_read = call i8 @_ssdm_op_Read.ap_auto.i8P(i8* %key_11)

]]></Node>
<StgValue><ssdm name="key_11_read"/></StgValue>
</operation>

<operation id="15" st_id="1" stage="1" lat="1">
<core>NULL</core>
<MemPortIdVec></MemPortIdVec>
<condition id="-1">
<or_exp><and_exp></and_exp></or_exp>
</condition>

<Node id="116" bw="8" op_0_bw="8" op_1_bw="8">
<![CDATA[
:61  %key_12_read = call i8 @_ssdm_op_Read.ap_auto.i8P(i8* %key_12)

]]></Node>
<StgValue><ssdm name="key_12_read"/></StgValue>
</operation>

<operation id="16" st_id="1" stage="1" lat="1">
<core>NULL</core>
<MemPortIdVec></MemPortIdVec>
<condition id="-1">
<or_exp><and_exp></and_exp></or_exp>
</condition>

<Node id="117" bw="8" op_0_bw="8" op_1_bw="8">
<![CDATA[
:62  %key_13_read = call i8 @_ssdm_op_Read.ap_auto.i8P(i8* %key_13)

]]></Node>
<StgValue><ssdm name="key_13_read"/></StgValue>
</operation>

<operation id="17" st_id="1" stage="1" lat="1">
<core>NULL</core>
<MemPortIdVec></MemPortIdVec>
<condition id="-1">
<or_exp><and_exp></and_exp></or_exp>
</condition>

<Node id="118" bw="8" op_0_bw="8" op_1_bw="8">
<![CDATA[
:63  %key_14_read = call i8 @_ssdm_op_Read.ap_auto.i8P(i8* %key_14)

]]></Node>
<StgValue><ssdm name="key_14_read"/></StgValue>
</operation>

<operation id="18" st_id="1" stage="1" lat="1">
<core>NULL</core>
<MemPortIdVec></MemPortIdVec>
<condition id="-1">
<or_exp><and_exp></and_exp></or_exp>
</condition>

<Node id="119" bw="8" op_0_bw="8" op_1_bw="8">
<![CDATA[
:64  %key_15_read = call i8 @_ssdm_op_Read.ap_auto.i8P(i8* %key_15)

]]></Node>
<StgValue><ssdm name="key_15_read"/></StgValue>
</operation>

<operation id="19" st_id="1" stage="1" lat="1">
<core>NULL</core>
<MemPortIdVec></MemPortIdVec>
<condition id="-1">
<or_exp><and_exp></and_exp></or_exp>
</condition>

<Node id="120" bw="8" op_0_bw="8" op_1_bw="8">
<![CDATA[
:65  %input_0_read = call i8 @_ssdm_op_Read.ap_auto.i8P(i8* %input_0)

]]></Node>
<StgValue><ssdm name="input_0_read"/></StgValue>
</operation>

<operation id="20" st_id="1" stage="1" lat="1">
<core>NULL</core>
<MemPortIdVec></MemPortIdVec>
<condition id="-1">
<or_exp><and_exp></and_exp></or_exp>
</condition>

<Node id="121" bw="8" op_0_bw="8" op_1_bw="8">
<![CDATA[
:66  %input_1_read = call i8 @_ssdm_op_Read.ap_auto.i8P(i8* %input_1)

]]></Node>
<StgValue><ssdm name="input_1_read"/></StgValue>
</operation>

<operation id="21" st_id="1" stage="1" lat="1">
<core>NULL</core>
<MemPortIdVec></MemPortIdVec>
<condition id="-1">
<or_exp><and_exp></and_exp></or_exp>
</condition>

<Node id="122" bw="8" op_0_bw="8" op_1_bw="8">
<![CDATA[
:67  %input_2_read = call i8 @_ssdm_op_Read.ap_auto.i8P(i8* %input_2)

]]></Node>
<StgValue><ssdm name="input_2_read"/></StgValue>
</operation>

<operation id="22" st_id="1" stage="1" lat="1">
<core>NULL</core>
<MemPortIdVec></MemPortIdVec>
<condition id="-1">
<or_exp><and_exp></and_exp></or_exp>
</condition>

<Node id="123" bw="8" op_0_bw="8" op_1_bw="8">
<![CDATA[
:68  %input_3_read = call i8 @_ssdm_op_Read.ap_auto.i8P(i8* %input_3)

]]></Node>
<StgValue><ssdm name="input_3_read"/></StgValue>
</operation>

<operation id="23" st_id="1" stage="1" lat="1">
<core>NULL</core>
<MemPortIdVec></MemPortIdVec>
<condition id="-1">
<or_exp><and_exp></and_exp></or_exp>
</condition>

<Node id="124" bw="8" op_0_bw="8" op_1_bw="8">
<![CDATA[
:69  %input_4_read = call i8 @_ssdm_op_Read.ap_auto.i8P(i8* %input_4)

]]></Node>
<StgValue><ssdm name="input_4_read"/></StgValue>
</operation>

<operation id="24" st_id="1" stage="1" lat="1">
<core>NULL</core>
<MemPortIdVec></MemPortIdVec>
<condition id="-1">
<or_exp><and_exp></and_exp></or_exp>
</condition>

<Node id="125" bw="8" op_0_bw="8" op_1_bw="8">
<![CDATA[
:70  %input_5_read = call i8 @_ssdm_op_Read.ap_auto.i8P(i8* %input_5)

]]></Node>
<StgValue><ssdm name="input_5_read"/></StgValue>
</operation>

<operation id="25" st_id="1" stage="1" lat="1">
<core>NULL</core>
<MemPortIdVec></MemPortIdVec>
<condition id="-1">
<or_exp><and_exp></and_exp></or_exp>
</condition>

<Node id="126" bw="8" op_0_bw="8" op_1_bw="8">
<![CDATA[
:71  %input_6_read = call i8 @_ssdm_op_Read.ap_auto.i8P(i8* %input_6)

]]></Node>
<StgValue><ssdm name="input_6_read"/></StgValue>
</operation>

<operation id="26" st_id="1" stage="1" lat="1">
<core>NULL</core>
<MemPortIdVec></MemPortIdVec>
<condition id="-1">
<or_exp><and_exp></and_exp></or_exp>
</condition>

<Node id="127" bw="8" op_0_bw="8" op_1_bw="8">
<![CDATA[
:72  %input_7_read = call i8 @_ssdm_op_Read.ap_auto.i8P(i8* %input_7)

]]></Node>
<StgValue><ssdm name="input_7_read"/></StgValue>
</operation>

<operation id="27" st_id="1" stage="1" lat="1">
<core>NULL</core>
<MemPortIdVec></MemPortIdVec>
<condition id="-1">
<or_exp><and_exp></and_exp></or_exp>
</condition>

<Node id="128" bw="8" op_0_bw="8" op_1_bw="8">
<![CDATA[
:73  %input_8_read = call i8 @_ssdm_op_Read.ap_auto.i8P(i8* %input_8)

]]></Node>
<StgValue><ssdm name="input_8_read"/></StgValue>
</operation>

<operation id="28" st_id="1" stage="1" lat="1">
<core>NULL</core>
<MemPortIdVec></MemPortIdVec>
<condition id="-1">
<or_exp><and_exp></and_exp></or_exp>
</condition>

<Node id="129" bw="8" op_0_bw="8" op_1_bw="8">
<![CDATA[
:74  %input_9_read = call i8 @_ssdm_op_Read.ap_auto.i8P(i8* %input_9)

]]></Node>
<StgValue><ssdm name="input_9_read"/></StgValue>
</operation>

<operation id="29" st_id="1" stage="1" lat="1">
<core>NULL</core>
<MemPortIdVec></MemPortIdVec>
<condition id="-1">
<or_exp><and_exp></and_exp></or_exp>
</condition>

<Node id="130" bw="8" op_0_bw="8" op_1_bw="8">
<![CDATA[
:75  %input_10_read = call i8 @_ssdm_op_Read.ap_auto.i8P(i8* %input_10)

]]></Node>
<StgValue><ssdm name="input_10_read"/></StgValue>
</operation>

<operation id="30" st_id="1" stage="1" lat="1">
<core>NULL</core>
<MemPortIdVec></MemPortIdVec>
<condition id="-1">
<or_exp><and_exp></and_exp></or_exp>
</condition>

<Node id="131" bw="8" op_0_bw="8" op_1_bw="8">
<![CDATA[
:76  %input_11_read = call i8 @_ssdm_op_Read.ap_auto.i8P(i8* %input_11)

]]></Node>
<StgValue><ssdm name="input_11_read"/></StgValue>
</operation>

<operation id="31" st_id="1" stage="1" lat="1">
<core>NULL</core>
<MemPortIdVec></MemPortIdVec>
<condition id="-1">
<or_exp><and_exp></and_exp></or_exp>
</condition>

<Node id="132" bw="8" op_0_bw="8" op_1_bw="8">
<![CDATA[
:77  %input_12_read = call i8 @_ssdm_op_Read.ap_auto.i8P(i8* %input_12)

]]></Node>
<StgValue><ssdm name="input_12_read"/></StgValue>
</operation>

<operation id="32" st_id="1" stage="1" lat="1">
<core>NULL</core>
<MemPortIdVec></MemPortIdVec>
<condition id="-1">
<or_exp><and_exp></and_exp></or_exp>
</condition>

<Node id="133" bw="8" op_0_bw="8" op_1_bw="8">
<![CDATA[
:78  %input_13_read = call i8 @_ssdm_op_Read.ap_auto.i8P(i8* %input_13)

]]></Node>
<StgValue><ssdm name="input_13_read"/></StgValue>
</operation>

<operation id="33" st_id="1" stage="1" lat="1">
<core>NULL</core>
<MemPortIdVec></MemPortIdVec>
<condition id="-1">
<or_exp><and_exp></and_exp></or_exp>
</condition>

<Node id="134" bw="8" op_0_bw="8" op_1_bw="8">
<![CDATA[
:79  %input_14_read = call i8 @_ssdm_op_Read.ap_auto.i8P(i8* %input_14)

]]></Node>
<StgValue><ssdm name="input_14_read"/></StgValue>
</operation>

<operation id="34" st_id="1" stage="1" lat="1">
<core>NULL</core>
<MemPortIdVec></MemPortIdVec>
<condition id="-1">
<or_exp><and_exp></and_exp></or_exp>
</condition>

<Node id="135" bw="8" op_0_bw="8" op_1_bw="8">
<![CDATA[
:80  %input_15_read = call i8 @_ssdm_op_Read.ap_auto.i8P(i8* %input_15)

]]></Node>
<StgValue><ssdm name="input_15_read"/></StgValue>
</operation>

<operation id="35" st_id="1" stage="2" lat="2">
<core></core>
<MemPortIdVec></MemPortIdVec>
<condition id="-1">
<or_exp><and_exp></and_exp></or_exp>
</condition>

<Node id="136" bw="0" op_0_bw="0" op_1_bw="8" op_2_bw="8" op_3_bw="8" op_4_bw="8" op_5_bw="8" op_6_bw="8" op_7_bw="8" op_8_bw="8" op_9_bw="8" op_10_bw="8" op_11_bw="8" op_12_bw="8" op_13_bw="8" op_14_bw="8" op_15_bw="8" op_16_bw="8" op_17_bw="8" op_18_bw="8" op_19_bw="8" op_20_bw="8" op_21_bw="8" op_22_bw="8" op_23_bw="8" op_24_bw="8" op_25_bw="8" op_26_bw="8" op_27_bw="8" op_28_bw="8" op_29_bw="8" op_30_bw="8" op_31_bw="8" op_32_bw="8" op_33_bw="8" op_34_bw="8" op_35_bw="8" op_36_bw="8" op_37_bw="8" op_38_bw="8" op_39_bw="8" op_40_bw="8" op_41_bw="8" op_42_bw="8" op_43_bw="8" op_44_bw="8" op_45_bw="8" op_46_bw="8" op_47_bw="8" op_48_bw="8" op_49_bw="8" op_50_bw="8" op_51_bw="8">
<![CDATA[
:81  call fastcc void @aes_decrypt(i8 %input_0_read, i8 %input_1_read, i8 %input_2_read, i8 %input_3_read, i8 %input_4_read, i8 %input_5_read, i8 %input_6_read, i8 %input_7_read, i8 %input_8_read, i8 %input_9_read, i8 %input_10_read, i8 %input_11_read, i8 %input_12_read, i8 %input_13_read, i8 %input_14_read, i8 %input_15_read, i8* %output_0, i8* %output_1, i8* %output_2, i8* %output_3, i8* %output_4, i8* %output_5, i8* %output_6, i8* %output_7, i8* %output_8, i8* %output_9, i8* %output_10, i8* %output_11, i8* %output_12, i8* %output_13, i8* %output_14, i8* %output_15, i8 %key_0_read, i8 %key_1_read, i8 %key_2_read, i8 %key_3_read, i8 %key_4_read, i8 %key_5_read, i8 %key_6_read, i8 %key_7_read, i8 %key_8_read, i8 %key_9_read, i8 %key_10_read, i8 %key_11_read, i8 %key_12_read, i8 %key_13_read, i8 %key_14_read, i8 %key_15_read)

]]></Node>
<StgValue><ssdm name="call_ln13"/></StgValue>
</operation>
</state>

<state id="2" st_id="2">

<operation id="36" st_id="2" stage="1" lat="1">
<core>NULL</core>
<MemPortIdVec></MemPortIdVec>
<condition id="-1">
<or_exp><and_exp></and_exp></or_exp>
</condition>

<Node id="55" bw="0" op_0_bw="0" op_1_bw="8">
<![CDATA[
:0  call void (...)* @_ssdm_op_SpecBitsMap(i8* %output_15), !map !51

]]></Node>
<StgValue><ssdm name="specbitsmap_ln0"/></StgValue>
</operation>

<operation id="37" st_id="2" stage="1" lat="1">
<core>NULL</core>
<MemPortIdVec></MemPortIdVec>
<condition id="-1">
<or_exp><and_exp></and_exp></or_exp>
</condition>

<Node id="56" bw="0" op_0_bw="0" op_1_bw="8">
<![CDATA[
:1  call void (...)* @_ssdm_op_SpecBitsMap(i8* %output_14), !map !57

]]></Node>
<StgValue><ssdm name="specbitsmap_ln0"/></StgValue>
</operation>

<operation id="38" st_id="2" stage="1" lat="1">
<core>NULL</core>
<MemPortIdVec></MemPortIdVec>
<condition id="-1">
<or_exp><and_exp></and_exp></or_exp>
</condition>

<Node id="57" bw="0" op_0_bw="0" op_1_bw="8">
<![CDATA[
:2  call void (...)* @_ssdm_op_SpecBitsMap(i8* %output_13), !map !63

]]></Node>
<StgValue><ssdm name="specbitsmap_ln0"/></StgValue>
</operation>

<operation id="39" st_id="2" stage="1" lat="1">
<core>NULL</core>
<MemPortIdVec></MemPortIdVec>
<condition id="-1">
<or_exp><and_exp></and_exp></or_exp>
</condition>

<Node id="58" bw="0" op_0_bw="0" op_1_bw="8">
<![CDATA[
:3  call void (...)* @_ssdm_op_SpecBitsMap(i8* %output_12), !map !69

]]></Node>
<StgValue><ssdm name="specbitsmap_ln0"/></StgValue>
</operation>

<operation id="40" st_id="2" stage="1" lat="1">
<core>NULL</core>
<MemPortIdVec></MemPortIdVec>
<condition id="-1">
<or_exp><and_exp></and_exp></or_exp>
</condition>

<Node id="59" bw="0" op_0_bw="0" op_1_bw="8">
<![CDATA[
:4  call void (...)* @_ssdm_op_SpecBitsMap(i8* %output_11), !map !75

]]></Node>
<StgValue><ssdm name="specbitsmap_ln0"/></StgValue>
</operation>

<operation id="41" st_id="2" stage="1" lat="1">
<core>NULL</core>
<MemPortIdVec></MemPortIdVec>
<condition id="-1">
<or_exp><and_exp></and_exp></or_exp>
</condition>

<Node id="60" bw="0" op_0_bw="0" op_1_bw="8">
<![CDATA[
:5  call void (...)* @_ssdm_op_SpecBitsMap(i8* %output_10), !map !81

]]></Node>
<StgValue><ssdm name="specbitsmap_ln0"/></StgValue>
</operation>

<operation id="42" st_id="2" stage="1" lat="1">
<core>NULL</core>
<MemPortIdVec></MemPortIdVec>
<condition id="-1">
<or_exp><and_exp></and_exp></or_exp>
</condition>

<Node id="61" bw="0" op_0_bw="0" op_1_bw="8">
<![CDATA[
:6  call void (...)* @_ssdm_op_SpecBitsMap(i8* %output_9), !map !87

]]></Node>
<StgValue><ssdm name="specbitsmap_ln0"/></StgValue>
</operation>

<operation id="43" st_id="2" stage="1" lat="1">
<core>NULL</core>
<MemPortIdVec></MemPortIdVec>
<condition id="-1">
<or_exp><and_exp></and_exp></or_exp>
</condition>

<Node id="62" bw="0" op_0_bw="0" op_1_bw="8">
<![CDATA[
:7  call void (...)* @_ssdm_op_SpecBitsMap(i8* %output_8), !map !93

]]></Node>
<StgValue><ssdm name="specbitsmap_ln0"/></StgValue>
</operation>

<operation id="44" st_id="2" stage="1" lat="1">
<core>NULL</core>
<MemPortIdVec></MemPortIdVec>
<condition id="-1">
<or_exp><and_exp></and_exp></or_exp>
</condition>

<Node id="63" bw="0" op_0_bw="0" op_1_bw="8">
<![CDATA[
:8  call void (...)* @_ssdm_op_SpecBitsMap(i8* %output_7), !map !99

]]></Node>
<StgValue><ssdm name="specbitsmap_ln0"/></StgValue>
</operation>

<operation id="45" st_id="2" stage="1" lat="1">
<core>NULL</core>
<MemPortIdVec></MemPortIdVec>
<condition id="-1">
<or_exp><and_exp></and_exp></or_exp>
</condition>

<Node id="64" bw="0" op_0_bw="0" op_1_bw="8">
<![CDATA[
:9  call void (...)* @_ssdm_op_SpecBitsMap(i8* %output_6), !map !105

]]></Node>
<StgValue><ssdm name="specbitsmap_ln0"/></StgValue>
</operation>

<operation id="46" st_id="2" stage="1" lat="1">
<core>NULL</core>
<MemPortIdVec></MemPortIdVec>
<condition id="-1">
<or_exp><and_exp></and_exp></or_exp>
</condition>

<Node id="65" bw="0" op_0_bw="0" op_1_bw="8">
<![CDATA[
:10  call void (...)* @_ssdm_op_SpecBitsMap(i8* %output_5), !map !111

]]></Node>
<StgValue><ssdm name="specbitsmap_ln0"/></StgValue>
</operation>

<operation id="47" st_id="2" stage="1" lat="1">
<core>NULL</core>
<MemPortIdVec></MemPortIdVec>
<condition id="-1">
<or_exp><and_exp></and_exp></or_exp>
</condition>

<Node id="66" bw="0" op_0_bw="0" op_1_bw="8">
<![CDATA[
:11  call void (...)* @_ssdm_op_SpecBitsMap(i8* %output_4), !map !117

]]></Node>
<StgValue><ssdm name="specbitsmap_ln0"/></StgValue>
</operation>

<operation id="48" st_id="2" stage="1" lat="1">
<core>NULL</core>
<MemPortIdVec></MemPortIdVec>
<condition id="-1">
<or_exp><and_exp></and_exp></or_exp>
</condition>

<Node id="67" bw="0" op_0_bw="0" op_1_bw="8">
<![CDATA[
:12  call void (...)* @_ssdm_op_SpecBitsMap(i8* %output_3), !map !123

]]></Node>
<StgValue><ssdm name="specbitsmap_ln0"/></StgValue>
</operation>

<operation id="49" st_id="2" stage="1" lat="1">
<core>NULL</core>
<MemPortIdVec></MemPortIdVec>
<condition id="-1">
<or_exp><and_exp></and_exp></or_exp>
</condition>

<Node id="68" bw="0" op_0_bw="0" op_1_bw="8">
<![CDATA[
:13  call void (...)* @_ssdm_op_SpecBitsMap(i8* %output_2), !map !129

]]></Node>
<StgValue><ssdm name="specbitsmap_ln0"/></StgValue>
</operation>

<operation id="50" st_id="2" stage="1" lat="1">
<core>NULL</core>
<MemPortIdVec></MemPortIdVec>
<condition id="-1">
<or_exp><and_exp></and_exp></or_exp>
</condition>

<Node id="69" bw="0" op_0_bw="0" op_1_bw="8">
<![CDATA[
:14  call void (...)* @_ssdm_op_SpecBitsMap(i8* %output_1), !map !135

]]></Node>
<StgValue><ssdm name="specbitsmap_ln0"/></StgValue>
</operation>

<operation id="51" st_id="2" stage="1" lat="1">
<core>NULL</core>
<MemPortIdVec></MemPortIdVec>
<condition id="-1">
<or_exp><and_exp></and_exp></or_exp>
</condition>

<Node id="70" bw="0" op_0_bw="0" op_1_bw="8">
<![CDATA[
:15  call void (...)* @_ssdm_op_SpecBitsMap(i8* %output_0), !map !141

]]></Node>
<StgValue><ssdm name="specbitsmap_ln0"/></StgValue>
</operation>

<operation id="52" st_id="2" stage="1" lat="1">
<core>NULL</core>
<MemPortIdVec></MemPortIdVec>
<condition id="-1">
<or_exp><and_exp></and_exp></or_exp>
</condition>

<Node id="71" bw="0" op_0_bw="0" op_1_bw="8">
<![CDATA[
:16  call void (...)* @_ssdm_op_SpecBitsMap(i8* %key_15), !map !147

]]></Node>
<StgValue><ssdm name="specbitsmap_ln0"/></StgValue>
</operation>

<operation id="53" st_id="2" stage="1" lat="1">
<core>NULL</core>
<MemPortIdVec></MemPortIdVec>
<condition id="-1">
<or_exp><and_exp></and_exp></or_exp>
</condition>

<Node id="72" bw="0" op_0_bw="0" op_1_bw="8">
<![CDATA[
:17  call void (...)* @_ssdm_op_SpecBitsMap(i8* %key_14), !map !151

]]></Node>
<StgValue><ssdm name="specbitsmap_ln0"/></StgValue>
</operation>

<operation id="54" st_id="2" stage="1" lat="1">
<core>NULL</core>
<MemPortIdVec></MemPortIdVec>
<condition id="-1">
<or_exp><and_exp></and_exp></or_exp>
</condition>

<Node id="73" bw="0" op_0_bw="0" op_1_bw="8">
<![CDATA[
:18  call void (...)* @_ssdm_op_SpecBitsMap(i8* %key_13), !map !155

]]></Node>
<StgValue><ssdm name="specbitsmap_ln0"/></StgValue>
</operation>

<operation id="55" st_id="2" stage="1" lat="1">
<core>NULL</core>
<MemPortIdVec></MemPortIdVec>
<condition id="-1">
<or_exp><and_exp></and_exp></or_exp>
</condition>

<Node id="74" bw="0" op_0_bw="0" op_1_bw="8">
<![CDATA[
:19  call void (...)* @_ssdm_op_SpecBitsMap(i8* %key_12), !map !159

]]></Node>
<StgValue><ssdm name="specbitsmap_ln0"/></StgValue>
</operation>

<operation id="56" st_id="2" stage="1" lat="1">
<core>NULL</core>
<MemPortIdVec></MemPortIdVec>
<condition id="-1">
<or_exp><and_exp></and_exp></or_exp>
</condition>

<Node id="75" bw="0" op_0_bw="0" op_1_bw="8">
<![CDATA[
:20  call void (...)* @_ssdm_op_SpecBitsMap(i8* %key_11), !map !163

]]></Node>
<StgValue><ssdm name="specbitsmap_ln0"/></StgValue>
</operation>

<operation id="57" st_id="2" stage="1" lat="1">
<core>NULL</core>
<MemPortIdVec></MemPortIdVec>
<condition id="-1">
<or_exp><and_exp></and_exp></or_exp>
</condition>

<Node id="76" bw="0" op_0_bw="0" op_1_bw="8">
<![CDATA[
:21  call void (...)* @_ssdm_op_SpecBitsMap(i8* %key_10), !map !167

]]></Node>
<StgValue><ssdm name="specbitsmap_ln0"/></StgValue>
</operation>

<operation id="58" st_id="2" stage="1" lat="1">
<core>NULL</core>
<MemPortIdVec></MemPortIdVec>
<condition id="-1">
<or_exp><and_exp></and_exp></or_exp>
</condition>

<Node id="77" bw="0" op_0_bw="0" op_1_bw="8">
<![CDATA[
:22  call void (...)* @_ssdm_op_SpecBitsMap(i8* %key_9), !map !171

]]></Node>
<StgValue><ssdm name="specbitsmap_ln0"/></StgValue>
</operation>

<operation id="59" st_id="2" stage="1" lat="1">
<core>NULL</core>
<MemPortIdVec></MemPortIdVec>
<condition id="-1">
<or_exp><and_exp></and_exp></or_exp>
</condition>

<Node id="78" bw="0" op_0_bw="0" op_1_bw="8">
<![CDATA[
:23  call void (...)* @_ssdm_op_SpecBitsMap(i8* %key_8), !map !175

]]></Node>
<StgValue><ssdm name="specbitsmap_ln0"/></StgValue>
</operation>

<operation id="60" st_id="2" stage="1" lat="1">
<core>NULL</core>
<MemPortIdVec></MemPortIdVec>
<condition id="-1">
<or_exp><and_exp></and_exp></or_exp>
</condition>

<Node id="79" bw="0" op_0_bw="0" op_1_bw="8">
<![CDATA[
:24  call void (...)* @_ssdm_op_SpecBitsMap(i8* %key_7), !map !179

]]></Node>
<StgValue><ssdm name="specbitsmap_ln0"/></StgValue>
</operation>

<operation id="61" st_id="2" stage="1" lat="1">
<core>NULL</core>
<MemPortIdVec></MemPortIdVec>
<condition id="-1">
<or_exp><and_exp></and_exp></or_exp>
</condition>

<Node id="80" bw="0" op_0_bw="0" op_1_bw="8">
<![CDATA[
:25  call void (...)* @_ssdm_op_SpecBitsMap(i8* %key_6), !map !183

]]></Node>
<StgValue><ssdm name="specbitsmap_ln0"/></StgValue>
</operation>

<operation id="62" st_id="2" stage="1" lat="1">
<core>NULL</core>
<MemPortIdVec></MemPortIdVec>
<condition id="-1">
<or_exp><and_exp></and_exp></or_exp>
</condition>

<Node id="81" bw="0" op_0_bw="0" op_1_bw="8">
<![CDATA[
:26  call void (...)* @_ssdm_op_SpecBitsMap(i8* %key_5), !map !187

]]></Node>
<StgValue><ssdm name="specbitsmap_ln0"/></StgValue>
</operation>

<operation id="63" st_id="2" stage="1" lat="1">
<core>NULL</core>
<MemPortIdVec></MemPortIdVec>
<condition id="-1">
<or_exp><and_exp></and_exp></or_exp>
</condition>

<Node id="82" bw="0" op_0_bw="0" op_1_bw="8">
<![CDATA[
:27  call void (...)* @_ssdm_op_SpecBitsMap(i8* %key_4), !map !191

]]></Node>
<StgValue><ssdm name="specbitsmap_ln0"/></StgValue>
</operation>

<operation id="64" st_id="2" stage="1" lat="1">
<core>NULL</core>
<MemPortIdVec></MemPortIdVec>
<condition id="-1">
<or_exp><and_exp></and_exp></or_exp>
</condition>

<Node id="83" bw="0" op_0_bw="0" op_1_bw="8">
<![CDATA[
:28  call void (...)* @_ssdm_op_SpecBitsMap(i8* %key_3), !map !195

]]></Node>
<StgValue><ssdm name="specbitsmap_ln0"/></StgValue>
</operation>

<operation id="65" st_id="2" stage="1" lat="1">
<core>NULL</core>
<MemPortIdVec></MemPortIdVec>
<condition id="-1">
<or_exp><and_exp></and_exp></or_exp>
</condition>

<Node id="84" bw="0" op_0_bw="0" op_1_bw="8">
<![CDATA[
:29  call void (...)* @_ssdm_op_SpecBitsMap(i8* %key_2), !map !199

]]></Node>
<StgValue><ssdm name="specbitsmap_ln0"/></StgValue>
</operation>

<operation id="66" st_id="2" stage="1" lat="1">
<core>NULL</core>
<MemPortIdVec></MemPortIdVec>
<condition id="-1">
<or_exp><and_exp></and_exp></or_exp>
</condition>

<Node id="85" bw="0" op_0_bw="0" op_1_bw="8">
<![CDATA[
:30  call void (...)* @_ssdm_op_SpecBitsMap(i8* %key_1), !map !203

]]></Node>
<StgValue><ssdm name="specbitsmap_ln0"/></StgValue>
</operation>

<operation id="67" st_id="2" stage="1" lat="1">
<core>NULL</core>
<MemPortIdVec></MemPortIdVec>
<condition id="-1">
<or_exp><and_exp></and_exp></or_exp>
</condition>

<Node id="86" bw="0" op_0_bw="0" op_1_bw="8">
<![CDATA[
:31  call void (...)* @_ssdm_op_SpecBitsMap(i8* %key_0), !map !207

]]></Node>
<StgValue><ssdm name="specbitsmap_ln0"/></StgValue>
</operation>

<operation id="68" st_id="2" stage="1" lat="1">
<core>NULL</core>
<MemPortIdVec></MemPortIdVec>
<condition id="-1">
<or_exp><and_exp></and_exp></or_exp>
</condition>

<Node id="87" bw="0" op_0_bw="0" op_1_bw="8">
<![CDATA[
:32  call void (...)* @_ssdm_op_SpecBitsMap(i8* %input_15), !map !211

]]></Node>
<StgValue><ssdm name="specbitsmap_ln0"/></StgValue>
</operation>

<operation id="69" st_id="2" stage="1" lat="1">
<core>NULL</core>
<MemPortIdVec></MemPortIdVec>
<condition id="-1">
<or_exp><and_exp></and_exp></or_exp>
</condition>

<Node id="88" bw="0" op_0_bw="0" op_1_bw="8">
<![CDATA[
:33  call void (...)* @_ssdm_op_SpecBitsMap(i8* %input_14), !map !215

]]></Node>
<StgValue><ssdm name="specbitsmap_ln0"/></StgValue>
</operation>

<operation id="70" st_id="2" stage="1" lat="1">
<core>NULL</core>
<MemPortIdVec></MemPortIdVec>
<condition id="-1">
<or_exp><and_exp></and_exp></or_exp>
</condition>

<Node id="89" bw="0" op_0_bw="0" op_1_bw="8">
<![CDATA[
:34  call void (...)* @_ssdm_op_SpecBitsMap(i8* %input_13), !map !219

]]></Node>
<StgValue><ssdm name="specbitsmap_ln0"/></StgValue>
</operation>

<operation id="71" st_id="2" stage="1" lat="1">
<core>NULL</core>
<MemPortIdVec></MemPortIdVec>
<condition id="-1">
<or_exp><and_exp></and_exp></or_exp>
</condition>

<Node id="90" bw="0" op_0_bw="0" op_1_bw="8">
<![CDATA[
:35  call void (...)* @_ssdm_op_SpecBitsMap(i8* %input_12), !map !223

]]></Node>
<StgValue><ssdm name="specbitsmap_ln0"/></StgValue>
</operation>

<operation id="72" st_id="2" stage="1" lat="1">
<core>NULL</core>
<MemPortIdVec></MemPortIdVec>
<condition id="-1">
<or_exp><and_exp></and_exp></or_exp>
</condition>

<Node id="91" bw="0" op_0_bw="0" op_1_bw="8">
<![CDATA[
:36  call void (...)* @_ssdm_op_SpecBitsMap(i8* %input_11), !map !227

]]></Node>
<StgValue><ssdm name="specbitsmap_ln0"/></StgValue>
</operation>

<operation id="73" st_id="2" stage="1" lat="1">
<core>NULL</core>
<MemPortIdVec></MemPortIdVec>
<condition id="-1">
<or_exp><and_exp></and_exp></or_exp>
</condition>

<Node id="92" bw="0" op_0_bw="0" op_1_bw="8">
<![CDATA[
:37  call void (...)* @_ssdm_op_SpecBitsMap(i8* %input_10), !map !231

]]></Node>
<StgValue><ssdm name="specbitsmap_ln0"/></StgValue>
</operation>

<operation id="74" st_id="2" stage="1" lat="1">
<core>NULL</core>
<MemPortIdVec></MemPortIdVec>
<condition id="-1">
<or_exp><and_exp></and_exp></or_exp>
</condition>

<Node id="93" bw="0" op_0_bw="0" op_1_bw="8">
<![CDATA[
:38  call void (...)* @_ssdm_op_SpecBitsMap(i8* %input_9), !map !235

]]></Node>
<StgValue><ssdm name="specbitsmap_ln0"/></StgValue>
</operation>

<operation id="75" st_id="2" stage="1" lat="1">
<core>NULL</core>
<MemPortIdVec></MemPortIdVec>
<condition id="-1">
<or_exp><and_exp></and_exp></or_exp>
</condition>

<Node id="94" bw="0" op_0_bw="0" op_1_bw="8">
<![CDATA[
:39  call void (...)* @_ssdm_op_SpecBitsMap(i8* %input_8), !map !239

]]></Node>
<StgValue><ssdm name="specbitsmap_ln0"/></StgValue>
</operation>

<operation id="76" st_id="2" stage="1" lat="1">
<core>NULL</core>
<MemPortIdVec></MemPortIdVec>
<condition id="-1">
<or_exp><and_exp></and_exp></or_exp>
</condition>

<Node id="95" bw="0" op_0_bw="0" op_1_bw="8">
<![CDATA[
:40  call void (...)* @_ssdm_op_SpecBitsMap(i8* %input_7), !map !243

]]></Node>
<StgValue><ssdm name="specbitsmap_ln0"/></StgValue>
</operation>

<operation id="77" st_id="2" stage="1" lat="1">
<core>NULL</core>
<MemPortIdVec></MemPortIdVec>
<condition id="-1">
<or_exp><and_exp></and_exp></or_exp>
</condition>

<Node id="96" bw="0" op_0_bw="0" op_1_bw="8">
<![CDATA[
:41  call void (...)* @_ssdm_op_SpecBitsMap(i8* %input_6), !map !247

]]></Node>
<StgValue><ssdm name="specbitsmap_ln0"/></StgValue>
</operation>

<operation id="78" st_id="2" stage="1" lat="1">
<core>NULL</core>
<MemPortIdVec></MemPortIdVec>
<condition id="-1">
<or_exp><and_exp></and_exp></or_exp>
</condition>

<Node id="97" bw="0" op_0_bw="0" op_1_bw="8">
<![CDATA[
:42  call void (...)* @_ssdm_op_SpecBitsMap(i8* %input_5), !map !251

]]></Node>
<StgValue><ssdm name="specbitsmap_ln0"/></StgValue>
</operation>

<operation id="79" st_id="2" stage="1" lat="1">
<core>NULL</core>
<MemPortIdVec></MemPortIdVec>
<condition id="-1">
<or_exp><and_exp></and_exp></or_exp>
</condition>

<Node id="98" bw="0" op_0_bw="0" op_1_bw="8">
<![CDATA[
:43  call void (...)* @_ssdm_op_SpecBitsMap(i8* %input_4), !map !255

]]></Node>
<StgValue><ssdm name="specbitsmap_ln0"/></StgValue>
</operation>

<operation id="80" st_id="2" stage="1" lat="1">
<core>NULL</core>
<MemPortIdVec></MemPortIdVec>
<condition id="-1">
<or_exp><and_exp></and_exp></or_exp>
</condition>

<Node id="99" bw="0" op_0_bw="0" op_1_bw="8">
<![CDATA[
:44  call void (...)* @_ssdm_op_SpecBitsMap(i8* %input_3), !map !259

]]></Node>
<StgValue><ssdm name="specbitsmap_ln0"/></StgValue>
</operation>

<operation id="81" st_id="2" stage="1" lat="1">
<core>NULL</core>
<MemPortIdVec></MemPortIdVec>
<condition id="-1">
<or_exp><and_exp></and_exp></or_exp>
</condition>

<Node id="100" bw="0" op_0_bw="0" op_1_bw="8">
<![CDATA[
:45  call void (...)* @_ssdm_op_SpecBitsMap(i8* %input_2), !map !263

]]></Node>
<StgValue><ssdm name="specbitsmap_ln0"/></StgValue>
</operation>

<operation id="82" st_id="2" stage="1" lat="1">
<core>NULL</core>
<MemPortIdVec></MemPortIdVec>
<condition id="-1">
<or_exp><and_exp></and_exp></or_exp>
</condition>

<Node id="101" bw="0" op_0_bw="0" op_1_bw="8">
<![CDATA[
:46  call void (...)* @_ssdm_op_SpecBitsMap(i8* %input_1), !map !267

]]></Node>
<StgValue><ssdm name="specbitsmap_ln0"/></StgValue>
</operation>

<operation id="83" st_id="2" stage="1" lat="1">
<core>NULL</core>
<MemPortIdVec></MemPortIdVec>
<condition id="-1">
<or_exp><and_exp></and_exp></or_exp>
</condition>

<Node id="102" bw="0" op_0_bw="0" op_1_bw="8">
<![CDATA[
:47  call void (...)* @_ssdm_op_SpecBitsMap(i8* %input_0), !map !271

]]></Node>
<StgValue><ssdm name="specbitsmap_ln0"/></StgValue>
</operation>

<operation id="84" st_id="2" stage="1" lat="1">
<core>NULL</core>
<MemPortIdVec></MemPortIdVec>
<condition id="-1">
<or_exp><and_exp></and_exp></or_exp>
</condition>

<Node id="103" bw="0" op_0_bw="0" op_1_bw="0">
<![CDATA[
:48  call void (...)* @_ssdm_op_SpecTopModule([12 x i8]* @decrypt_dut_str) nounwind

]]></Node>
<StgValue><ssdm name="spectopmodule_ln0"/></StgValue>
</operation>

<operation id="85" st_id="2" stage="1" lat="2">
<core></core>
<MemPortIdVec></MemPortIdVec>
<condition id="-1">
<or_exp><and_exp></and_exp></or_exp>
</condition>

<Node id="136" bw="0" op_0_bw="0" op_1_bw="8" op_2_bw="8" op_3_bw="8" op_4_bw="8" op_5_bw="8" op_6_bw="8" op_7_bw="8" op_8_bw="8" op_9_bw="8" op_10_bw="8" op_11_bw="8" op_12_bw="8" op_13_bw="8" op_14_bw="8" op_15_bw="8" op_16_bw="8" op_17_bw="8" op_18_bw="8" op_19_bw="8" op_20_bw="8" op_21_bw="8" op_22_bw="8" op_23_bw="8" op_24_bw="8" op_25_bw="8" op_26_bw="8" op_27_bw="8" op_28_bw="8" op_29_bw="8" op_30_bw="8" op_31_bw="8" op_32_bw="8" op_33_bw="8" op_34_bw="8" op_35_bw="8" op_36_bw="8" op_37_bw="8" op_38_bw="8" op_39_bw="8" op_40_bw="8" op_41_bw="8" op_42_bw="8" op_43_bw="8" op_44_bw="8" op_45_bw="8" op_46_bw="8" op_47_bw="8" op_48_bw="8" op_49_bw="8" op_50_bw="8" op_51_bw="8">
<![CDATA[
:81  call fastcc void @aes_decrypt(i8 %input_0_read, i8 %input_1_read, i8 %input_2_read, i8 %input_3_read, i8 %input_4_read, i8 %input_5_read, i8 %input_6_read, i8 %input_7_read, i8 %input_8_read, i8 %input_9_read, i8 %input_10_read, i8 %input_11_read, i8 %input_12_read, i8 %input_13_read, i8 %input_14_read, i8 %input_15_read, i8* %output_0, i8* %output_1, i8* %output_2, i8* %output_3, i8* %output_4, i8* %output_5, i8* %output_6, i8* %output_7, i8* %output_8, i8* %output_9, i8* %output_10, i8* %output_11, i8* %output_12, i8* %output_13, i8* %output_14, i8* %output_15, i8 %key_0_read, i8 %key_1_read, i8 %key_2_read, i8 %key_3_read, i8 %key_4_read, i8 %key_5_read, i8 %key_6_read, i8 %key_7_read, i8 %key_8_read, i8 %key_9_read, i8 %key_10_read, i8 %key_11_read, i8 %key_12_read, i8 %key_13_read, i8 %key_14_read, i8 %key_15_read)

]]></Node>
<StgValue><ssdm name="call_ln13"/></StgValue>
</operation>

<operation id="86" st_id="2" stage="1" lat="1">
<core>NULL</core>
<MemPortIdVec></MemPortIdVec>
<condition id="-1">
<or_exp><and_exp></and_exp></or_exp>
</condition>

<Node id="137" bw="0">
<![CDATA[
:82  ret void

]]></Node>
<StgValue><ssdm name="ret_ln14"/></StgValue>
</operation>
</state>
</state_list>


<ports>
<port id="88" name="input_0" dir="0" iftype="0">
<core>NULL</core><StgValue><ssdm name="input_0"/></StgValue>
</port>
<port id="89" name="input_1" dir="0" iftype="0">
<core>NULL</core><StgValue><ssdm name="input_1"/></StgValue>
</port>
<port id="90" name="input_2" dir="0" iftype="0">
<core>NULL</core><StgValue><ssdm name="input_2"/></StgValue>
</port>
<port id="91" name="input_3" dir="0" iftype="0">
<core>NULL</core><StgValue><ssdm name="input_3"/></StgValue>
</port>
<port id="92" name="input_4" dir="0" iftype="0">
<core>NULL</core><StgValue><ssdm name="input_4"/></StgValue>
</port>
<port id="93" name="input_5" dir="0" iftype="0">
<core>NULL</core><StgValue><ssdm name="input_5"/></StgValue>
</port>
<port id="94" name="input_6" dir="0" iftype="0">
<core>NULL</core><StgValue><ssdm name="input_6"/></StgValue>
</port>
<port id="95" name="input_7" dir="0" iftype="0">
<core>NULL</core><StgValue><ssdm name="input_7"/></StgValue>
</port>
<port id="96" name="input_8" dir="0" iftype="0">
<core>NULL</core><StgValue><ssdm name="input_8"/></StgValue>
</port>
<port id="97" name="input_9" dir="0" iftype="0">
<core>NULL</core><StgValue><ssdm name="input_9"/></StgValue>
</port>
<port id="98" name="input_10" dir="0" iftype="0">
<core>NULL</core><StgValue><ssdm name="input_10"/></StgValue>
</port>
<port id="99" name="input_11" dir="0" iftype="0">
<core>NULL</core><StgValue><ssdm name="input_11"/></StgValue>
</port>
<port id="100" name="input_12" dir="0" iftype="0">
<core>NULL</core><StgValue><ssdm name="input_12"/></StgValue>
</port>
<port id="101" name="input_13" dir="0" iftype="0">
<core>NULL</core><StgValue><ssdm name="input_13"/></StgValue>
</port>
<port id="102" name="input_14" dir="0" iftype="0">
<core>NULL</core><StgValue><ssdm name="input_14"/></StgValue>
</port>
<port id="103" name="input_15" dir="0" iftype="0">
<core>NULL</core><StgValue><ssdm name="input_15"/></StgValue>
</port>
<port id="104" name="output_0" dir="1" iftype="0">
<core>NULL</core><StgValue><ssdm name="output_0"/></StgValue>
</port>
<port id="105" name="output_1" dir="1" iftype="0">
<core>NULL</core><StgValue><ssdm name="output_1"/></StgValue>
</port>
<port id="106" name="output_2" dir="1" iftype="0">
<core>NULL</core><StgValue><ssdm name="output_2"/></StgValue>
</port>
<port id="107" name="output_3" dir="1" iftype="0">
<core>NULL</core><StgValue><ssdm name="output_3"/></StgValue>
</port>
<port id="108" name="output_4" dir="1" iftype="0">
<core>NULL</core><StgValue><ssdm name="output_4"/></StgValue>
</port>
<port id="109" name="output_5" dir="1" iftype="0">
<core>NULL</core><StgValue><ssdm name="output_5"/></StgValue>
</port>
<port id="110" name="output_6" dir="1" iftype="0">
<core>NULL</core><StgValue><ssdm name="output_6"/></StgValue>
</port>
<port id="111" name="output_7" dir="1" iftype="0">
<core>NULL</core><StgValue><ssdm name="output_7"/></StgValue>
</port>
<port id="112" name="output_8" dir="1" iftype="0">
<core>NULL</core><StgValue><ssdm name="output_8"/></StgValue>
</port>
<port id="113" name="output_9" dir="1" iftype="0">
<core>NULL</core><StgValue><ssdm name="output_9"/></StgValue>
</port>
<port id="114" name="output_10" dir="1" iftype="0">
<core>NULL</core><StgValue><ssdm name="output_10"/></StgValue>
</port>
<port id="115" name="output_11" dir="1" iftype="0">
<core>NULL</core><StgValue><ssdm name="output_11"/></StgValue>
</port>
<port id="116" name="output_12" dir="1" iftype="0">
<core>NULL</core><StgValue><ssdm name="output_12"/></StgValue>
</port>
<port id="117" name="output_13" dir="1" iftype="0">
<core>NULL</core><StgValue><ssdm name="output_13"/></StgValue>
</port>
<port id="118" name="output_14" dir="1" iftype="0">
<core>NULL</core><StgValue><ssdm name="output_14"/></StgValue>
</port>
<port id="119" name="output_15" dir="1" iftype="0">
<core>NULL</core><StgValue><ssdm name="output_15"/></StgValue>
</port>
<port id="120" name="key_0" dir="0" iftype="0">
<core>NULL</core><StgValue><ssdm name="key_0"/></StgValue>
</port>
<port id="121" name="key_1" dir="0" iftype="0">
<core>NULL</core><StgValue><ssdm name="key_1"/></StgValue>
</port>
<port id="122" name="key_2" dir="0" iftype="0">
<core>NULL</core><StgValue><ssdm name="key_2"/></StgValue>
</port>
<port id="123" name="key_3" dir="0" iftype="0">
<core>NULL</core><StgValue><ssdm name="key_3"/></StgValue>
</port>
<port id="124" name="key_4" dir="0" iftype="0">
<core>NULL</core><StgValue><ssdm name="key_4"/></StgValue>
</port>
<port id="125" name="key_5" dir="0" iftype="0">
<core>NULL</core><StgValue><ssdm name="key_5"/></StgValue>
</port>
<port id="126" name="key_6" dir="0" iftype="0">
<core>NULL</core><StgValue><ssdm name="key_6"/></StgValue>
</port>
<port id="127" name="key_7" dir="0" iftype="0">
<core>NULL</core><StgValue><ssdm name="key_7"/></StgValue>
</port>
<port id="128" name="key_8" dir="0" iftype="0">
<core>NULL</core><StgValue><ssdm name="key_8"/></StgValue>
</port>
<port id="129" name="key_9" dir="0" iftype="0">
<core>NULL</core><StgValue><ssdm name="key_9"/></StgValue>
</port>
<port id="130" name="key_10" dir="0" iftype="0">
<core>NULL</core><StgValue><ssdm name="key_10"/></StgValue>
</port>
<port id="131" name="key_11" dir="0" iftype="0">
<core>NULL</core><StgValue><ssdm name="key_11"/></StgValue>
</port>
<port id="132" name="key_12" dir="0" iftype="0">
<core>NULL</core><StgValue><ssdm name="key_12"/></StgValue>
</port>
<port id="133" name="key_13" dir="0" iftype="0">
<core>NULL</core><StgValue><ssdm name="key_13"/></StgValue>
</port>
<port id="134" name="key_14" dir="0" iftype="0">
<core>NULL</core><StgValue><ssdm name="key_14"/></StgValue>
</port>
<port id="135" name="key_15" dir="0" iftype="0">
<core>NULL</core><StgValue><ssdm name="key_15"/></StgValue>
</port>
<port id="136" name="sbox" dir="0" iftype="1">
<core>ROM_nP</core><StgValue><ssdm name="sbox"/><MemPortTyVec>1 </MemPortTyVec>
</StgValue>
</port>
<port id="137" name="Rcon" dir="0" iftype="1">
<core>ROM_nP</core><StgValue><ssdm name="Rcon"/><MemPortTyVec>1 </MemPortTyVec>
</StgValue>
</port>
<port id="138" name="rsbox" dir="0" iftype="1">
<core>ROM_nP</core><StgValue><ssdm name="rsbox"/><MemPortTyVec>1 1 1 1 </MemPortTyVec>
</StgValue>
</port>
</ports>


<dataflows>
<dataflow id="140" from="_ssdm_op_Read.ap_auto.i8P" to="key_0_read" fromId="139" toId="3">
</dataflow>
<dataflow id="141" from="key_0" to="key_0_read" fromId="120" toId="3">
</dataflow>
<dataflow id="142" from="_ssdm_op_Read.ap_auto.i8P" to="key_1_read" fromId="139" toId="4">
</dataflow>
<dataflow id="143" from="key_1" to="key_1_read" fromId="121" toId="4">
</dataflow>
<dataflow id="144" from="_ssdm_op_Read.ap_auto.i8P" to="key_2_read" fromId="139" toId="5">
</dataflow>
<dataflow id="145" from="key_2" to="key_2_read" fromId="122" toId="5">
</dataflow>
<dataflow id="146" from="_ssdm_op_Read.ap_auto.i8P" to="key_3_read" fromId="139" toId="6">
</dataflow>
<dataflow id="147" from="key_3" to="key_3_read" fromId="123" toId="6">
</dataflow>
<dataflow id="148" from="_ssdm_op_Read.ap_auto.i8P" to="key_4_read" fromId="139" toId="7">
</dataflow>
<dataflow id="149" from="key_4" to="key_4_read" fromId="124" toId="7">
</dataflow>
<dataflow id="150" from="_ssdm_op_Read.ap_auto.i8P" to="key_5_read" fromId="139" toId="8">
</dataflow>
<dataflow id="151" from="key_5" to="key_5_read" fromId="125" toId="8">
</dataflow>
<dataflow id="152" from="_ssdm_op_Read.ap_auto.i8P" to="key_6_read" fromId="139" toId="9">
</dataflow>
<dataflow id="153" from="key_6" to="key_6_read" fromId="126" toId="9">
</dataflow>
<dataflow id="154" from="_ssdm_op_Read.ap_auto.i8P" to="key_7_read" fromId="139" toId="10">
</dataflow>
<dataflow id="155" from="key_7" to="key_7_read" fromId="127" toId="10">
</dataflow>
<dataflow id="156" from="_ssdm_op_Read.ap_auto.i8P" to="key_8_read" fromId="139" toId="11">
</dataflow>
<dataflow id="157" from="key_8" to="key_8_read" fromId="128" toId="11">
</dataflow>
<dataflow id="158" from="_ssdm_op_Read.ap_auto.i8P" to="key_9_read" fromId="139" toId="12">
</dataflow>
<dataflow id="159" from="key_9" to="key_9_read" fromId="129" toId="12">
</dataflow>
<dataflow id="160" from="_ssdm_op_Read.ap_auto.i8P" to="key_10_read" fromId="139" toId="13">
</dataflow>
<dataflow id="161" from="key_10" to="key_10_read" fromId="130" toId="13">
</dataflow>
<dataflow id="162" from="_ssdm_op_Read.ap_auto.i8P" to="key_11_read" fromId="139" toId="14">
</dataflow>
<dataflow id="163" from="key_11" to="key_11_read" fromId="131" toId="14">
</dataflow>
<dataflow id="164" from="_ssdm_op_Read.ap_auto.i8P" to="key_12_read" fromId="139" toId="15">
</dataflow>
<dataflow id="165" from="key_12" to="key_12_read" fromId="132" toId="15">
</dataflow>
<dataflow id="166" from="_ssdm_op_Read.ap_auto.i8P" to="key_13_read" fromId="139" toId="16">
</dataflow>
<dataflow id="167" from="key_13" to="key_13_read" fromId="133" toId="16">
</dataflow>
<dataflow id="168" from="_ssdm_op_Read.ap_auto.i8P" to="key_14_read" fromId="139" toId="17">
</dataflow>
<dataflow id="169" from="key_14" to="key_14_read" fromId="134" toId="17">
</dataflow>
<dataflow id="170" from="_ssdm_op_Read.ap_auto.i8P" to="key_15_read" fromId="139" toId="18">
</dataflow>
<dataflow id="171" from="key_15" to="key_15_read" fromId="135" toId="18">
</dataflow>
<dataflow id="172" from="_ssdm_op_Read.ap_auto.i8P" to="input_0_read" fromId="139" toId="19">
</dataflow>
<dataflow id="173" from="input_0" to="input_0_read" fromId="88" toId="19">
</dataflow>
<dataflow id="174" from="_ssdm_op_Read.ap_auto.i8P" to="input_1_read" fromId="139" toId="20">
</dataflow>
<dataflow id="175" from="input_1" to="input_1_read" fromId="89" toId="20">
</dataflow>
<dataflow id="176" from="_ssdm_op_Read.ap_auto.i8P" to="input_2_read" fromId="139" toId="21">
</dataflow>
<dataflow id="177" from="input_2" to="input_2_read" fromId="90" toId="21">
</dataflow>
<dataflow id="178" from="_ssdm_op_Read.ap_auto.i8P" to="input_3_read" fromId="139" toId="22">
</dataflow>
<dataflow id="179" from="input_3" to="input_3_read" fromId="91" toId="22">
</dataflow>
<dataflow id="180" from="_ssdm_op_Read.ap_auto.i8P" to="input_4_read" fromId="139" toId="23">
</dataflow>
<dataflow id="181" from="input_4" to="input_4_read" fromId="92" toId="23">
</dataflow>
<dataflow id="182" from="_ssdm_op_Read.ap_auto.i8P" to="input_5_read" fromId="139" toId="24">
</dataflow>
<dataflow id="183" from="input_5" to="input_5_read" fromId="93" toId="24">
</dataflow>
<dataflow id="184" from="_ssdm_op_Read.ap_auto.i8P" to="input_6_read" fromId="139" toId="25">
</dataflow>
<dataflow id="185" from="input_6" to="input_6_read" fromId="94" toId="25">
</dataflow>
<dataflow id="186" from="_ssdm_op_Read.ap_auto.i8P" to="input_7_read" fromId="139" toId="26">
</dataflow>
<dataflow id="187" from="input_7" to="input_7_read" fromId="95" toId="26">
</dataflow>
<dataflow id="188" from="_ssdm_op_Read.ap_auto.i8P" to="input_8_read" fromId="139" toId="27">
</dataflow>
<dataflow id="189" from="input_8" to="input_8_read" fromId="96" toId="27">
</dataflow>
<dataflow id="190" from="_ssdm_op_Read.ap_auto.i8P" to="input_9_read" fromId="139" toId="28">
</dataflow>
<dataflow id="191" from="input_9" to="input_9_read" fromId="97" toId="28">
</dataflow>
<dataflow id="192" from="_ssdm_op_Read.ap_auto.i8P" to="input_10_read" fromId="139" toId="29">
</dataflow>
<dataflow id="193" from="input_10" to="input_10_read" fromId="98" toId="29">
</dataflow>
<dataflow id="194" from="_ssdm_op_Read.ap_auto.i8P" to="input_11_read" fromId="139" toId="30">
</dataflow>
<dataflow id="195" from="input_11" to="input_11_read" fromId="99" toId="30">
</dataflow>
<dataflow id="196" from="_ssdm_op_Read.ap_auto.i8P" to="input_12_read" fromId="139" toId="31">
</dataflow>
<dataflow id="197" from="input_12" to="input_12_read" fromId="100" toId="31">
</dataflow>
<dataflow id="198" from="_ssdm_op_Read.ap_auto.i8P" to="input_13_read" fromId="139" toId="32">
</dataflow>
<dataflow id="199" from="input_13" to="input_13_read" fromId="101" toId="32">
</dataflow>
<dataflow id="200" from="_ssdm_op_Read.ap_auto.i8P" to="input_14_read" fromId="139" toId="33">
</dataflow>
<dataflow id="201" from="input_14" to="input_14_read" fromId="102" toId="33">
</dataflow>
<dataflow id="202" from="_ssdm_op_Read.ap_auto.i8P" to="input_15_read" fromId="139" toId="34">
</dataflow>
<dataflow id="203" from="input_15" to="input_15_read" fromId="103" toId="34">
</dataflow>
<dataflow id="205" from="aes_decrypt" to="call_ln13" fromId="204" toId="35">
</dataflow>
<dataflow id="206" from="input_0_read" to="call_ln13" fromId="19" toId="35">
</dataflow>
<dataflow id="207" from="input_1_read" to="call_ln13" fromId="20" toId="35">
</dataflow>
<dataflow id="208" from="input_2_read" to="call_ln13" fromId="21" toId="35">
</dataflow>
<dataflow id="209" from="input_3_read" to="call_ln13" fromId="22" toId="35">
</dataflow>
<dataflow id="210" from="input_4_read" to="call_ln13" fromId="23" toId="35">
</dataflow>
<dataflow id="211" from="input_5_read" to="call_ln13" fromId="24" toId="35">
</dataflow>
<dataflow id="212" from="input_6_read" to="call_ln13" fromId="25" toId="35">
</dataflow>
<dataflow id="213" from="input_7_read" to="call_ln13" fromId="26" toId="35">
</dataflow>
<dataflow id="214" from="input_8_read" to="call_ln13" fromId="27" toId="35">
</dataflow>
<dataflow id="215" from="input_9_read" to="call_ln13" fromId="28" toId="35">
</dataflow>
<dataflow id="216" from="input_10_read" to="call_ln13" fromId="29" toId="35">
</dataflow>
<dataflow id="217" from="input_11_read" to="call_ln13" fromId="30" toId="35">
</dataflow>
<dataflow id="218" from="input_12_read" to="call_ln13" fromId="31" toId="35">
</dataflow>
<dataflow id="219" from="input_13_read" to="call_ln13" fromId="32" toId="35">
</dataflow>
<dataflow id="220" from="input_14_read" to="call_ln13" fromId="33" toId="35">
</dataflow>
<dataflow id="221" from="input_15_read" to="call_ln13" fromId="34" toId="35">
</dataflow>
<dataflow id="222" from="output_0" to="call_ln13" fromId="104" toId="35">
</dataflow>
<dataflow id="223" from="output_1" to="call_ln13" fromId="105" toId="35">
</dataflow>
<dataflow id="224" from="output_2" to="call_ln13" fromId="106" toId="35">
</dataflow>
<dataflow id="225" from="output_3" to="call_ln13" fromId="107" toId="35">
</dataflow>
<dataflow id="226" from="output_4" to="call_ln13" fromId="108" toId="35">
</dataflow>
<dataflow id="227" from="output_5" to="call_ln13" fromId="109" toId="35">
</dataflow>
<dataflow id="228" from="output_6" to="call_ln13" fromId="110" toId="35">
</dataflow>
<dataflow id="229" from="output_7" to="call_ln13" fromId="111" toId="35">
</dataflow>
<dataflow id="230" from="output_8" to="call_ln13" fromId="112" toId="35">
</dataflow>
<dataflow id="231" from="output_9" to="call_ln13" fromId="113" toId="35">
</dataflow>
<dataflow id="232" from="output_10" to="call_ln13" fromId="114" toId="35">
</dataflow>
<dataflow id="233" from="output_11" to="call_ln13" fromId="115" toId="35">
</dataflow>
<dataflow id="234" from="output_12" to="call_ln13" fromId="116" toId="35">
</dataflow>
<dataflow id="235" from="output_13" to="call_ln13" fromId="117" toId="35">
</dataflow>
<dataflow id="236" from="output_14" to="call_ln13" fromId="118" toId="35">
</dataflow>
<dataflow id="237" from="output_15" to="call_ln13" fromId="119" toId="35">
</dataflow>
<dataflow id="238" from="key_0_read" to="call_ln13" fromId="3" toId="35">
</dataflow>
<dataflow id="239" from="key_1_read" to="call_ln13" fromId="4" toId="35">
</dataflow>
<dataflow id="240" from="key_2_read" to="call_ln13" fromId="5" toId="35">
</dataflow>
<dataflow id="241" from="key_3_read" to="call_ln13" fromId="6" toId="35">
</dataflow>
<dataflow id="242" from="key_4_read" to="call_ln13" fromId="7" toId="35">
</dataflow>
<dataflow id="243" from="key_5_read" to="call_ln13" fromId="8" toId="35">
</dataflow>
<dataflow id="244" from="key_6_read" to="call_ln13" fromId="9" toId="35">
</dataflow>
<dataflow id="245" from="key_7_read" to="call_ln13" fromId="10" toId="35">
</dataflow>
<dataflow id="246" from="key_8_read" to="call_ln13" fromId="11" toId="35">
</dataflow>
<dataflow id="247" from="key_9_read" to="call_ln13" fromId="12" toId="35">
</dataflow>
<dataflow id="248" from="key_10_read" to="call_ln13" fromId="13" toId="35">
</dataflow>
<dataflow id="249" from="key_11_read" to="call_ln13" fromId="14" toId="35">
</dataflow>
<dataflow id="250" from="key_12_read" to="call_ln13" fromId="15" toId="35">
</dataflow>
<dataflow id="251" from="key_13_read" to="call_ln13" fromId="16" toId="35">
</dataflow>
<dataflow id="252" from="key_14_read" to="call_ln13" fromId="17" toId="35">
</dataflow>
<dataflow id="253" from="key_15_read" to="call_ln13" fromId="18" toId="35">
</dataflow>
<dataflow id="254" from="sbox" to="call_ln13" fromId="136" toId="35">
</dataflow>
<dataflow id="255" from="Rcon" to="call_ln13" fromId="137" toId="35">
</dataflow>
<dataflow id="256" from="rsbox" to="call_ln13" fromId="138" toId="35">
</dataflow>
<dataflow id="258" from="_ssdm_op_SpecBitsMap" to="specbitsmap_ln0" fromId="257" toId="36">
</dataflow>
<dataflow id="259" from="output_15" to="specbitsmap_ln0" fromId="119" toId="36">
</dataflow>
<dataflow id="260" from="_ssdm_op_SpecBitsMap" to="specbitsmap_ln0" fromId="257" toId="37">
</dataflow>
<dataflow id="261" from="output_14" to="specbitsmap_ln0" fromId="118" toId="37">
</dataflow>
<dataflow id="262" from="_ssdm_op_SpecBitsMap" to="specbitsmap_ln0" fromId="257" toId="38">
</dataflow>
<dataflow id="263" from="output_13" to="specbitsmap_ln0" fromId="117" toId="38">
</dataflow>
<dataflow id="264" from="_ssdm_op_SpecBitsMap" to="specbitsmap_ln0" fromId="257" toId="39">
</dataflow>
<dataflow id="265" from="output_12" to="specbitsmap_ln0" fromId="116" toId="39">
</dataflow>
<dataflow id="266" from="_ssdm_op_SpecBitsMap" to="specbitsmap_ln0" fromId="257" toId="40">
</dataflow>
<dataflow id="267" from="output_11" to="specbitsmap_ln0" fromId="115" toId="40">
</dataflow>
<dataflow id="268" from="_ssdm_op_SpecBitsMap" to="specbitsmap_ln0" fromId="257" toId="41">
</dataflow>
<dataflow id="269" from="output_10" to="specbitsmap_ln0" fromId="114" toId="41">
</dataflow>
<dataflow id="270" from="_ssdm_op_SpecBitsMap" to="specbitsmap_ln0" fromId="257" toId="42">
</dataflow>
<dataflow id="271" from="output_9" to="specbitsmap_ln0" fromId="113" toId="42">
</dataflow>
<dataflow id="272" from="_ssdm_op_SpecBitsMap" to="specbitsmap_ln0" fromId="257" toId="43">
</dataflow>
<dataflow id="273" from="output_8" to="specbitsmap_ln0" fromId="112" toId="43">
</dataflow>
<dataflow id="274" from="_ssdm_op_SpecBitsMap" to="specbitsmap_ln0" fromId="257" toId="44">
</dataflow>
<dataflow id="275" from="output_7" to="specbitsmap_ln0" fromId="111" toId="44">
</dataflow>
<dataflow id="276" from="_ssdm_op_SpecBitsMap" to="specbitsmap_ln0" fromId="257" toId="45">
</dataflow>
<dataflow id="277" from="output_6" to="specbitsmap_ln0" fromId="110" toId="45">
</dataflow>
<dataflow id="278" from="_ssdm_op_SpecBitsMap" to="specbitsmap_ln0" fromId="257" toId="46">
</dataflow>
<dataflow id="279" from="output_5" to="specbitsmap_ln0" fromId="109" toId="46">
</dataflow>
<dataflow id="280" from="_ssdm_op_SpecBitsMap" to="specbitsmap_ln0" fromId="257" toId="47">
</dataflow>
<dataflow id="281" from="output_4" to="specbitsmap_ln0" fromId="108" toId="47">
</dataflow>
<dataflow id="282" from="_ssdm_op_SpecBitsMap" to="specbitsmap_ln0" fromId="257" toId="48">
</dataflow>
<dataflow id="283" from="output_3" to="specbitsmap_ln0" fromId="107" toId="48">
</dataflow>
<dataflow id="284" from="_ssdm_op_SpecBitsMap" to="specbitsmap_ln0" fromId="257" toId="49">
</dataflow>
<dataflow id="285" from="output_2" to="specbitsmap_ln0" fromId="106" toId="49">
</dataflow>
<dataflow id="286" from="_ssdm_op_SpecBitsMap" to="specbitsmap_ln0" fromId="257" toId="50">
</dataflow>
<dataflow id="287" from="output_1" to="specbitsmap_ln0" fromId="105" toId="50">
</dataflow>
<dataflow id="288" from="_ssdm_op_SpecBitsMap" to="specbitsmap_ln0" fromId="257" toId="51">
</dataflow>
<dataflow id="289" from="output_0" to="specbitsmap_ln0" fromId="104" toId="51">
</dataflow>
<dataflow id="290" from="_ssdm_op_SpecBitsMap" to="specbitsmap_ln0" fromId="257" toId="52">
</dataflow>
<dataflow id="291" from="key_15" to="specbitsmap_ln0" fromId="135" toId="52">
</dataflow>
<dataflow id="292" from="_ssdm_op_SpecBitsMap" to="specbitsmap_ln0" fromId="257" toId="53">
</dataflow>
<dataflow id="293" from="key_14" to="specbitsmap_ln0" fromId="134" toId="53">
</dataflow>
<dataflow id="294" from="_ssdm_op_SpecBitsMap" to="specbitsmap_ln0" fromId="257" toId="54">
</dataflow>
<dataflow id="295" from="key_13" to="specbitsmap_ln0" fromId="133" toId="54">
</dataflow>
<dataflow id="296" from="_ssdm_op_SpecBitsMap" to="specbitsmap_ln0" fromId="257" toId="55">
</dataflow>
<dataflow id="297" from="key_12" to="specbitsmap_ln0" fromId="132" toId="55">
</dataflow>
<dataflow id="298" from="_ssdm_op_SpecBitsMap" to="specbitsmap_ln0" fromId="257" toId="56">
</dataflow>
<dataflow id="299" from="key_11" to="specbitsmap_ln0" fromId="131" toId="56">
</dataflow>
<dataflow id="300" from="_ssdm_op_SpecBitsMap" to="specbitsmap_ln0" fromId="257" toId="57">
</dataflow>
<dataflow id="301" from="key_10" to="specbitsmap_ln0" fromId="130" toId="57">
</dataflow>
<dataflow id="302" from="_ssdm_op_SpecBitsMap" to="specbitsmap_ln0" fromId="257" toId="58">
</dataflow>
<dataflow id="303" from="key_9" to="specbitsmap_ln0" fromId="129" toId="58">
</dataflow>
<dataflow id="304" from="_ssdm_op_SpecBitsMap" to="specbitsmap_ln0" fromId="257" toId="59">
</dataflow>
<dataflow id="305" from="key_8" to="specbitsmap_ln0" fromId="128" toId="59">
</dataflow>
<dataflow id="306" from="_ssdm_op_SpecBitsMap" to="specbitsmap_ln0" fromId="257" toId="60">
</dataflow>
<dataflow id="307" from="key_7" to="specbitsmap_ln0" fromId="127" toId="60">
</dataflow>
<dataflow id="308" from="_ssdm_op_SpecBitsMap" to="specbitsmap_ln0" fromId="257" toId="61">
</dataflow>
<dataflow id="309" from="key_6" to="specbitsmap_ln0" fromId="126" toId="61">
</dataflow>
<dataflow id="310" from="_ssdm_op_SpecBitsMap" to="specbitsmap_ln0" fromId="257" toId="62">
</dataflow>
<dataflow id="311" from="key_5" to="specbitsmap_ln0" fromId="125" toId="62">
</dataflow>
<dataflow id="312" from="_ssdm_op_SpecBitsMap" to="specbitsmap_ln0" fromId="257" toId="63">
</dataflow>
<dataflow id="313" from="key_4" to="specbitsmap_ln0" fromId="124" toId="63">
</dataflow>
<dataflow id="314" from="_ssdm_op_SpecBitsMap" to="specbitsmap_ln0" fromId="257" toId="64">
</dataflow>
<dataflow id="315" from="key_3" to="specbitsmap_ln0" fromId="123" toId="64">
</dataflow>
<dataflow id="316" from="_ssdm_op_SpecBitsMap" to="specbitsmap_ln0" fromId="257" toId="65">
</dataflow>
<dataflow id="317" from="key_2" to="specbitsmap_ln0" fromId="122" toId="65">
</dataflow>
<dataflow id="318" from="_ssdm_op_SpecBitsMap" to="specbitsmap_ln0" fromId="257" toId="66">
</dataflow>
<dataflow id="319" from="key_1" to="specbitsmap_ln0" fromId="121" toId="66">
</dataflow>
<dataflow id="320" from="_ssdm_op_SpecBitsMap" to="specbitsmap_ln0" fromId="257" toId="67">
</dataflow>
<dataflow id="321" from="key_0" to="specbitsmap_ln0" fromId="120" toId="67">
</dataflow>
<dataflow id="322" from="_ssdm_op_SpecBitsMap" to="specbitsmap_ln0" fromId="257" toId="68">
</dataflow>
<dataflow id="323" from="input_15" to="specbitsmap_ln0" fromId="103" toId="68">
</dataflow>
<dataflow id="324" from="_ssdm_op_SpecBitsMap" to="specbitsmap_ln0" fromId="257" toId="69">
</dataflow>
<dataflow id="325" from="input_14" to="specbitsmap_ln0" fromId="102" toId="69">
</dataflow>
<dataflow id="326" from="_ssdm_op_SpecBitsMap" to="specbitsmap_ln0" fromId="257" toId="70">
</dataflow>
<dataflow id="327" from="input_13" to="specbitsmap_ln0" fromId="101" toId="70">
</dataflow>
<dataflow id="328" from="_ssdm_op_SpecBitsMap" to="specbitsmap_ln0" fromId="257" toId="71">
</dataflow>
<dataflow id="329" from="input_12" to="specbitsmap_ln0" fromId="100" toId="71">
</dataflow>
<dataflow id="330" from="_ssdm_op_SpecBitsMap" to="specbitsmap_ln0" fromId="257" toId="72">
</dataflow>
<dataflow id="331" from="input_11" to="specbitsmap_ln0" fromId="99" toId="72">
</dataflow>
<dataflow id="332" from="_ssdm_op_SpecBitsMap" to="specbitsmap_ln0" fromId="257" toId="73">
</dataflow>
<dataflow id="333" from="input_10" to="specbitsmap_ln0" fromId="98" toId="73">
</dataflow>
<dataflow id="334" from="_ssdm_op_SpecBitsMap" to="specbitsmap_ln0" fromId="257" toId="74">
</dataflow>
<dataflow id="335" from="input_9" to="specbitsmap_ln0" fromId="97" toId="74">
</dataflow>
<dataflow id="336" from="_ssdm_op_SpecBitsMap" to="specbitsmap_ln0" fromId="257" toId="75">
</dataflow>
<dataflow id="337" from="input_8" to="specbitsmap_ln0" fromId="96" toId="75">
</dataflow>
<dataflow id="338" from="_ssdm_op_SpecBitsMap" to="specbitsmap_ln0" fromId="257" toId="76">
</dataflow>
<dataflow id="339" from="input_7" to="specbitsmap_ln0" fromId="95" toId="76">
</dataflow>
<dataflow id="340" from="_ssdm_op_SpecBitsMap" to="specbitsmap_ln0" fromId="257" toId="77">
</dataflow>
<dataflow id="341" from="input_6" to="specbitsmap_ln0" fromId="94" toId="77">
</dataflow>
<dataflow id="342" from="_ssdm_op_SpecBitsMap" to="specbitsmap_ln0" fromId="257" toId="78">
</dataflow>
<dataflow id="343" from="input_5" to="specbitsmap_ln0" fromId="93" toId="78">
</dataflow>
<dataflow id="344" from="_ssdm_op_SpecBitsMap" to="specbitsmap_ln0" fromId="257" toId="79">
</dataflow>
<dataflow id="345" from="input_4" to="specbitsmap_ln0" fromId="92" toId="79">
</dataflow>
<dataflow id="346" from="_ssdm_op_SpecBitsMap" to="specbitsmap_ln0" fromId="257" toId="80">
</dataflow>
<dataflow id="347" from="input_3" to="specbitsmap_ln0" fromId="91" toId="80">
</dataflow>
<dataflow id="348" from="_ssdm_op_SpecBitsMap" to="specbitsmap_ln0" fromId="257" toId="81">
</dataflow>
<dataflow id="349" from="input_2" to="specbitsmap_ln0" fromId="90" toId="81">
</dataflow>
<dataflow id="350" from="_ssdm_op_SpecBitsMap" to="specbitsmap_ln0" fromId="257" toId="82">
</dataflow>
<dataflow id="351" from="input_1" to="specbitsmap_ln0" fromId="89" toId="82">
</dataflow>
<dataflow id="352" from="_ssdm_op_SpecBitsMap" to="specbitsmap_ln0" fromId="257" toId="83">
</dataflow>
<dataflow id="353" from="input_0" to="specbitsmap_ln0" fromId="88" toId="83">
</dataflow>
<dataflow id="355" from="_ssdm_op_SpecTopModule" to="spectopmodule_ln0" fromId="354" toId="84">
</dataflow>
<dataflow id="357" from="decrypt_dut_str" to="spectopmodule_ln0" fromId="356" toId="84">
</dataflow>
<dataflow id="358" from="aes_decrypt" to="call_ln13" fromId="204" toId="85">
</dataflow>
<dataflow id="359" from="input_0_read" to="call_ln13" fromId="19" toId="85">
</dataflow>
<dataflow id="360" from="input_1_read" to="call_ln13" fromId="20" toId="85">
</dataflow>
<dataflow id="361" from="input_2_read" to="call_ln13" fromId="21" toId="85">
</dataflow>
<dataflow id="362" from="input_3_read" to="call_ln13" fromId="22" toId="85">
</dataflow>
<dataflow id="363" from="input_4_read" to="call_ln13" fromId="23" toId="85">
</dataflow>
<dataflow id="364" from="input_5_read" to="call_ln13" fromId="24" toId="85">
</dataflow>
<dataflow id="365" from="input_6_read" to="call_ln13" fromId="25" toId="85">
</dataflow>
<dataflow id="366" from="input_7_read" to="call_ln13" fromId="26" toId="85">
</dataflow>
<dataflow id="367" from="input_8_read" to="call_ln13" fromId="27" toId="85">
</dataflow>
<dataflow id="368" from="input_9_read" to="call_ln13" fromId="28" toId="85">
</dataflow>
<dataflow id="369" from="input_10_read" to="call_ln13" fromId="29" toId="85">
</dataflow>
<dataflow id="370" from="input_11_read" to="call_ln13" fromId="30" toId="85">
</dataflow>
<dataflow id="371" from="input_12_read" to="call_ln13" fromId="31" toId="85">
</dataflow>
<dataflow id="372" from="input_13_read" to="call_ln13" fromId="32" toId="85">
</dataflow>
<dataflow id="373" from="input_14_read" to="call_ln13" fromId="33" toId="85">
</dataflow>
<dataflow id="374" from="input_15_read" to="call_ln13" fromId="34" toId="85">
</dataflow>
<dataflow id="375" from="output_0" to="call_ln13" fromId="104" toId="85">
</dataflow>
<dataflow id="376" from="output_1" to="call_ln13" fromId="105" toId="85">
</dataflow>
<dataflow id="377" from="output_2" to="call_ln13" fromId="106" toId="85">
</dataflow>
<dataflow id="378" from="output_3" to="call_ln13" fromId="107" toId="85">
</dataflow>
<dataflow id="379" from="output_4" to="call_ln13" fromId="108" toId="85">
</dataflow>
<dataflow id="380" from="output_5" to="call_ln13" fromId="109" toId="85">
</dataflow>
<dataflow id="381" from="output_6" to="call_ln13" fromId="110" toId="85">
</dataflow>
<dataflow id="382" from="output_7" to="call_ln13" fromId="111" toId="85">
</dataflow>
<dataflow id="383" from="output_8" to="call_ln13" fromId="112" toId="85">
</dataflow>
<dataflow id="384" from="output_9" to="call_ln13" fromId="113" toId="85">
</dataflow>
<dataflow id="385" from="output_10" to="call_ln13" fromId="114" toId="85">
</dataflow>
<dataflow id="386" from="output_11" to="call_ln13" fromId="115" toId="85">
</dataflow>
<dataflow id="387" from="output_12" to="call_ln13" fromId="116" toId="85">
</dataflow>
<dataflow id="388" from="output_13" to="call_ln13" fromId="117" toId="85">
</dataflow>
<dataflow id="389" from="output_14" to="call_ln13" fromId="118" toId="85">
</dataflow>
<dataflow id="390" from="output_15" to="call_ln13" fromId="119" toId="85">
</dataflow>
<dataflow id="391" from="key_0_read" to="call_ln13" fromId="3" toId="85">
</dataflow>
<dataflow id="392" from="key_1_read" to="call_ln13" fromId="4" toId="85">
</dataflow>
<dataflow id="393" from="key_2_read" to="call_ln13" fromId="5" toId="85">
</dataflow>
<dataflow id="394" from="key_3_read" to="call_ln13" fromId="6" toId="85">
</dataflow>
<dataflow id="395" from="key_4_read" to="call_ln13" fromId="7" toId="85">
</dataflow>
<dataflow id="396" from="key_5_read" to="call_ln13" fromId="8" toId="85">
</dataflow>
<dataflow id="397" from="key_6_read" to="call_ln13" fromId="9" toId="85">
</dataflow>
<dataflow id="398" from="key_7_read" to="call_ln13" fromId="10" toId="85">
</dataflow>
<dataflow id="399" from="key_8_read" to="call_ln13" fromId="11" toId="85">
</dataflow>
<dataflow id="400" from="key_9_read" to="call_ln13" fromId="12" toId="85">
</dataflow>
<dataflow id="401" from="key_10_read" to="call_ln13" fromId="13" toId="85">
</dataflow>
<dataflow id="402" from="key_11_read" to="call_ln13" fromId="14" toId="85">
</dataflow>
<dataflow id="403" from="key_12_read" to="call_ln13" fromId="15" toId="85">
</dataflow>
<dataflow id="404" from="key_13_read" to="call_ln13" fromId="16" toId="85">
</dataflow>
<dataflow id="405" from="key_14_read" to="call_ln13" fromId="17" toId="85">
</dataflow>
<dataflow id="406" from="key_15_read" to="call_ln13" fromId="18" toId="85">
</dataflow>
<dataflow id="407" from="sbox" to="call_ln13" fromId="136" toId="85">
</dataflow>
<dataflow id="408" from="Rcon" to="call_ln13" fromId="137" toId="85">
</dataflow>
<dataflow id="409" from="rsbox" to="call_ln13" fromId="138" toId="85">
</dataflow>
</dataflows>


</stg>
