<annotationInfo>
<item  id="77" filename="helper.cpp" linenumber="136" name="icmp_ln136" contextFuncName="expandKey" moduleName="expandKey" rtlName="icmp_ln136_fu_573_p2" latency="0" BRAM="-1" DSP="-1" FF="0" LUT="11" fileDirectory="/home/npr29/hls6775/development/ece6775Final/refactored"&gt;&lt;\/item&gt;
<item  id="81" filename="helper.cpp" linenumber="136" name="trunc_ln136" contextFuncName="expandKey" moduleName="expandKey" rtlName="trunc_ln136_fu_579_p1" latency="0" BRAM="-1" DSP="-1" FF="-1" LUT="-1" fileDirectory="/home/npr29/hls6775/development/ece6775Final/refactored"&gt;&lt;\/item&gt;
<item  id="85" filename="helper.cpp" linenumber="142" name="add_ln142" contextFuncName="expandKey" moduleName="expandKey" rtlName="add_ln142_fu_583_p2" latency="0" BRAM="-1" DSP="-1" FF="0" LUT="15" fileDirectory="/home/npr29/hls6775/development/ece6775Final/refactored"&gt;&lt;\/item&gt;
<item  id="86" filename="helper.cpp" linenumber="142" name="lshr_ln" contextFuncName="expandKey" moduleName="expandKey" rtlName="lshr_ln_fu_589_p4" latency="0" BRAM="-1" DSP="-1" FF="-1" LUT="-1" fileDirectory="/home/npr29/hls6775/development/ece6775Final/refactored"&gt;&lt;\/item&gt;
<item  id="87" filename="helper.cpp" linenumber="142" name="zext_ln142" contextFuncName="expandKey" moduleName="expandKey" rtlName="zext_ln142_fu_599_p1" latency="0" BRAM="-1" DSP="-1" FF="-1" LUT="-1" fileDirectory="/home/npr29/hls6775/development/ece6775Final/refactored"&gt;&lt;\/item&gt;
<item  id="90" filename="helper.cpp" linenumber="142" name="add_ln142_1" contextFuncName="expandKey" moduleName="expandKey" rtlName="add_ln142_1_fu_745_p2" latency="0" BRAM="-1" DSP="-1" FF="0" LUT="15" fileDirectory="/home/npr29/hls6775/development/ece6775Final/refactored"&gt;&lt;\/item&gt;
<item  id="91" filename="helper.cpp" linenumber="142" name="lshr_ln142_1" contextFuncName="expandKey" moduleName="expandKey" rtlName="lshr_ln142_1_fu_751_p4" latency="0" BRAM="-1" DSP="-1" FF="-1" LUT="-1" fileDirectory="/home/npr29/hls6775/development/ece6775Final/refactored"&gt;&lt;\/item&gt;
<item  id="92" filename="helper.cpp" linenumber="142" name="zext_ln142_1" contextFuncName="expandKey" moduleName="expandKey" rtlName="zext_ln142_1_fu_761_p1" latency="0" BRAM="-1" DSP="-1" FF="-1" LUT="-1" fileDirectory="/home/npr29/hls6775/development/ece6775Final/refactored"&gt;&lt;\/item&gt;
<item  id="95" filename="helper.cpp" linenumber="142" name="add_ln142_2" contextFuncName="expandKey" moduleName="expandKey" rtlName="add_ln142_2_fu_771_p2" latency="0" BRAM="-1" DSP="-1" FF="0" LUT="15" fileDirectory="/home/npr29/hls6775/development/ece6775Final/refactored"&gt;&lt;\/item&gt;
<item  id="96" filename="helper.cpp" linenumber="142" name="lshr_ln142_2" contextFuncName="expandKey" moduleName="expandKey" rtlName="lshr_ln142_2_fu_777_p4" latency="0" BRAM="-1" DSP="-1" FF="-1" LUT="-1" fileDirectory="/home/npr29/hls6775/development/ece6775Final/refactored"&gt;&lt;\/item&gt;
<item  id="97" filename="helper.cpp" linenumber="142" name="zext_ln142_2" contextFuncName="expandKey" moduleName="expandKey" rtlName="zext_ln142_2_fu_787_p1" latency="0" BRAM="-1" DSP="-1" FF="-1" LUT="-1" fileDirectory="/home/npr29/hls6775/development/ece6775Final/refactored"&gt;&lt;\/item&gt;
<item  id="100" filename="helper.cpp" linenumber="142" name="add_ln142_3" contextFuncName="expandKey" moduleName="expandKey" rtlName="add_ln142_3_fu_604_p2" latency="0" BRAM="-1" DSP="-1" FF="0" LUT="15" fileDirectory="/home/npr29/hls6775/development/ece6775Final/refactored"&gt;&lt;\/item&gt;
<item  id="101" filename="helper.cpp" linenumber="142" name="lshr_ln142_3" contextFuncName="expandKey" moduleName="expandKey" rtlName="lshr_ln142_3_fu_610_p4" latency="0" BRAM="-1" DSP="-1" FF="-1" LUT="-1" fileDirectory="/home/npr29/hls6775/development/ece6775Final/refactored"&gt;&lt;\/item&gt;
<item  id="102" filename="helper.cpp" linenumber="142" name="zext_ln142_3" contextFuncName="expandKey" moduleName="expandKey" rtlName="zext_ln142_3_fu_620_p1" latency="0" BRAM="-1" DSP="-1" FF="-1" LUT="-1" fileDirectory="/home/npr29/hls6775/development/ece6775Final/refactored"&gt;&lt;\/item&gt;
<item  id="105" filename="helper.cpp" linenumber="147" name="icmp_ln147" contextFuncName="expandKey" moduleName="expandKey" rtlName="icmp_ln147_fu_625_p2" latency="0" BRAM="-1" DSP="-1" FF="0" LUT="9" fileDirectory="/home/npr29/hls6775/development/ece6775Final/refactored"&gt;&lt;\/item&gt;
<item  id="106" filename="helper.cpp" linenumber="149" name="rconIteration" contextFuncName="expandKey" moduleName="expandKey" rtlName="rconIteration_fu_631_p2" latency="0" BRAM="-1" DSP="-1" FF="0" LUT="39" fileDirectory="/home/npr29/hls6775/development/ece6775Final/refactored"&gt;&lt;\/item&gt;
<item  id="107" filename="helper.cpp" linenumber="46" name="zext_ln46" contextFuncName="getSBoxValue" moduleName="expandKey" rtlName="zext_ln46_fu_792_p1" latency="0" BRAM="-1" DSP="-1" FF="-1" LUT="-1" fileDirectory="/home/npr29/hls6775/development/ece6775Final/refactored"&gt;&lt;\/item&gt;
<item  id="110" filename="helper.cpp" linenumber="46" name="zext_ln46_1" contextFuncName="getSBoxValue" moduleName="expandKey" rtlName="zext_ln46_1_fu_824_p1" latency="0" BRAM="-1" DSP="-1" FF="-1" LUT="-1" fileDirectory="/home/npr29/hls6775/development/ece6775Final/refactored"&gt;&lt;\/item&gt;
<item  id="113" filename="helper.cpp" linenumber="46" name="zext_ln46_2" contextFuncName="getSBoxValue" moduleName="expandKey" rtlName="zext_ln46_2_fu_852_p1" latency="0" BRAM="-1" DSP="-1" FF="-1" LUT="-1" fileDirectory="/home/npr29/hls6775/development/ece6775Final/refactored"&gt;&lt;\/item&gt;
<item  id="116" filename="helper.cpp" linenumber="46" name="zext_ln46_3" contextFuncName="getSBoxValue" moduleName="expandKey" rtlName="zext_ln46_3_fu_766_p1" latency="0" BRAM="-1" DSP="-1" FF="-1" LUT="-1" fileDirectory="/home/npr29/hls6775/development/ece6775Final/refactored"&gt;&lt;\/item&gt;
<item  id="119" filename="helper.cpp" linenumber="114" name="trunc_ln114" contextFuncName="core" moduleName="expandKey" rtlName="trunc_ln114_fu_637_p1" latency="0" BRAM="-1" DSP="-1" FF="-1" LUT="-1" fileDirectory="/home/npr29/hls6775/development/ece6775Final/refactored"&gt;&lt;\/item&gt;
<item  id="120" filename="helper.cpp" linenumber="97" name="zext_ln97" contextFuncName="getRconValue" moduleName="expandKey" rtlName="zext_ln97_fu_641_p1" latency="0" BRAM="-1" DSP="-1" FF="-1" LUT="-1" fileDirectory="/home/npr29/hls6775/development/ece6775Final/refactored"&gt;&lt;\/item&gt;
<item  id="123" filename="helper.cpp" linenumber="114" name="t_0" contextFuncName="core" moduleName="expandKey" rtlName="t_0_fu_829_p2" latency="0" BRAM="-1" DSP="-1" FF="0" LUT="8" fileDirectory="/home/npr29/hls6775/development/ece6775Final/refactored"&gt;&lt;\/item&gt;
<item  id="124" filename="helper.cpp" linenumber="147" name="t_3_2" contextFuncName="expandKey" moduleName="expandKey" rtlName="t_3_2_fu_797_p3" latency="0" BRAM="-1" DSP="-1" FF="0" LUT="8" fileDirectory="/home/npr29/hls6775/development/ece6775Final/refactored"&gt;&lt;\/item&gt;
<item  id="125" filename="helper.cpp" linenumber="147" name="t_2_2" contextFuncName="expandKey" moduleName="expandKey" rtlName="t_2_2_fu_907_p3" latency="0" BRAM="-1" DSP="-1" FF="0" LUT="8" fileDirectory="/home/npr29/hls6775/development/ece6775Final/refactored"&gt;&lt;\/item&gt;
<item  id="126" filename="helper.cpp" linenumber="147" name="t_1_2" contextFuncName="expandKey" moduleName="expandKey" rtlName="t_1_2_fu_856_p3" latency="0" BRAM="-1" DSP="-1" FF="0" LUT="8" fileDirectory="/home/npr29/hls6775/development/ece6775Final/refactored"&gt;&lt;\/item&gt;
<item  id="127" filename="helper.cpp" linenumber="147" name="t_0_2" contextFuncName="expandKey" moduleName="expandKey" rtlName="t_0_2_fu_834_p3" latency="0" BRAM="-1" DSP="-1" FF="0" LUT="8" fileDirectory="/home/npr29/hls6775/development/ece6775Final/refactored"&gt;&lt;\/item&gt;
<item  id="128" filename="helper.cpp" linenumber="147" name="rconIteration_1" contextFuncName="expandKey" moduleName="expandKey" rtlName="rconIteration_1_fu_646_p3" latency="0" BRAM="-1" DSP="-1" FF="0" LUT="32" fileDirectory="/home/npr29/hls6775/development/ece6775Final/refactored"&gt;&lt;\/item&gt;
<item  id="129" filename="helper.cpp" linenumber="166" name="currentSize" contextFuncName="expandKey" moduleName="expandKey" rtlName="currentSize_fu_840_p2" latency="0" BRAM="-1" DSP="-1" FF="0" LUT="15" fileDirectory="/home/npr29/hls6775/development/ece6775Final/refactored"&gt;&lt;\/item&gt;
<item  id="130" filename="helper.cpp" linenumber="164" name="add_ln164" contextFuncName="expandKey" moduleName="expandKey" rtlName="add_ln164_fu_654_p2" latency="0" BRAM="-1" DSP="-1" FF="0" LUT="15" fileDirectory="/home/npr29/hls6775/development/ece6775Final/refactored"&gt;&lt;\/item&gt;
<item  id="131" filename="helper.cpp" linenumber="164" name="lshr_ln1" contextFuncName="expandKey" moduleName="expandKey" rtlName="lshr_ln1_fu_660_p4" latency="0" BRAM="-1" DSP="-1" FF="-1" LUT="-1" fileDirectory="/home/npr29/hls6775/development/ece6775Final/refactored"&gt;&lt;\/item&gt;
<item  id="132" filename="helper.cpp" linenumber="164" name="zext_ln164" contextFuncName="expandKey" moduleName="expandKey" rtlName="zext_ln164_fu_670_p1" latency="0" BRAM="-1" DSP="-1" FF="-1" LUT="-1" fileDirectory="/home/npr29/hls6775/development/ece6775Final/refactored"&gt;&lt;\/item&gt;
<item  id="135" filename="helper.cpp" linenumber="165" name="xor_ln165" contextFuncName="expandKey" moduleName="expandKey" rtlName="xor_ln165_fu_846_p2" latency="0" BRAM="-1" DSP="-1" FF="0" LUT="8" fileDirectory="/home/npr29/hls6775/development/ece6775Final/refactored"&gt;&lt;\/item&gt;
<item  id="136" filename="helper.cpp" linenumber="165" name="lshr_ln2" contextFuncName="expandKey" moduleName="expandKey" rtlName="lshr_ln2_fu_803_p4" latency="0" BRAM="-1" DSP="-1" FF="-1" LUT="-1" fileDirectory="/home/npr29/hls6775/development/ece6775Final/refactored"&gt;&lt;\/item&gt;
<item  id="137" filename="helper.cpp" linenumber="165" name="zext_ln165" contextFuncName="expandKey" moduleName="expandKey" rtlName="zext_ln165_fu_813_p1" latency="0" BRAM="-1" DSP="-1" FF="-1" LUT="-1" fileDirectory="/home/npr29/hls6775/development/ece6775Final/refactored"&gt;&lt;\/item&gt;
<item  id="140" filename="helper.cpp" linenumber="166" name="or_ln166" contextFuncName="expandKey" moduleName="expandKey" rtlName="or_ln166_fu_675_p2" latency="0" BRAM="-1" DSP="-1" FF="0" LUT="8" fileDirectory="/home/npr29/hls6775/development/ece6775Final/refactored"&gt;&lt;\/item&gt;
<item  id="141" filename="helper.cpp" linenumber="166" name="zext_ln166" contextFuncName="expandKey" moduleName="expandKey" rtlName="zext_ln166_fu_681_p1" latency="0" BRAM="-1" DSP="-1" FF="-1" LUT="-1" fileDirectory="/home/npr29/hls6775/development/ece6775Final/refactored"&gt;&lt;\/item&gt;
<item  id="142" filename="helper.cpp" linenumber="164" name="add_ln164_1" contextFuncName="expandKey" moduleName="expandKey" rtlName="add_ln164_1_fu_685_p2" latency="0" BRAM="-1" DSP="-1" FF="0" LUT="15" fileDirectory="/home/npr29/hls6775/development/ece6775Final/refactored"&gt;&lt;\/item&gt;
<item  id="143" filename="helper.cpp" linenumber="164" name="trunc_ln1" contextFuncName="expandKey" moduleName="expandKey" rtlName="trunc_ln1_fu_691_p4" latency="0" BRAM="-1" DSP="-1" FF="-1" LUT="-1" fileDirectory="/home/npr29/hls6775/development/ece6775Final/refactored"&gt;&lt;\/item&gt;
<item  id="144" filename="helper.cpp" linenumber="164" name="sext_ln164" contextFuncName="expandKey" moduleName="expandKey" rtlName="sext_ln164_fu_701_p1" latency="0" BRAM="-1" DSP="-1" FF="-1" LUT="-1" fileDirectory="/home/npr29/hls6775/development/ece6775Final/refactored"&gt;&lt;\/item&gt;
<item  id="145" filename="helper.cpp" linenumber="164" name="zext_ln164_1" contextFuncName="expandKey" moduleName="expandKey" rtlName="zext_ln164_1_fu_705_p1" latency="0" BRAM="-1" DSP="-1" FF="-1" LUT="-1" fileDirectory="/home/npr29/hls6775/development/ece6775Final/refactored"&gt;&lt;\/item&gt;
<item  id="148" filename="helper.cpp" linenumber="165" name="xor_ln165_1" contextFuncName="expandKey" moduleName="expandKey" rtlName="xor_ln165_1_fu_862_p2" latency="0" BRAM="-1" DSP="-1" FF="0" LUT="8" fileDirectory="/home/npr29/hls6775/development/ece6775Final/refactored"&gt;&lt;\/item&gt;
<item  id="151" filename="helper.cpp" linenumber="166" name="add_ln166" contextFuncName="expandKey" moduleName="expandKey" rtlName="add_ln166_fu_868_p2" latency="0" BRAM="-1" DSP="-1" FF="0" LUT="15" fileDirectory="/home/npr29/hls6775/development/ece6775Final/refactored"&gt;&lt;\/item&gt;
<item  id="152" filename="helper.cpp" linenumber="164" name="add_ln164_2" contextFuncName="expandKey" moduleName="expandKey" rtlName="add_ln164_2_fu_873_p2" latency="0" BRAM="-1" DSP="-1" FF="0" LUT="15" fileDirectory="/home/npr29/hls6775/development/ece6775Final/refactored"&gt;&lt;\/item&gt;
<item  id="153" filename="helper.cpp" linenumber="164" name="trunc_ln164_1" contextFuncName="expandKey" moduleName="expandKey" rtlName="trunc_ln164_1_fu_878_p4" latency="0" BRAM="-1" DSP="-1" FF="-1" LUT="-1" fileDirectory="/home/npr29/hls6775/development/ece6775Final/refactored"&gt;&lt;\/item&gt;
<item  id="154" filename="helper.cpp" linenumber="164" name="sext_ln164_1" contextFuncName="expandKey" moduleName="expandKey" rtlName="sext_ln164_1_fu_888_p1" latency="0" BRAM="-1" DSP="-1" FF="-1" LUT="-1" fileDirectory="/home/npr29/hls6775/development/ece6775Final/refactored"&gt;&lt;\/item&gt;
<item  id="155" filename="helper.cpp" linenumber="164" name="zext_ln164_2" contextFuncName="expandKey" moduleName="expandKey" rtlName="zext_ln164_2_fu_892_p1" latency="0" BRAM="-1" DSP="-1" FF="-1" LUT="-1" fileDirectory="/home/npr29/hls6775/development/ece6775Final/refactored"&gt;&lt;\/item&gt;
<item  id="158" filename="helper.cpp" linenumber="165" name="xor_ln165_2" contextFuncName="expandKey" moduleName="expandKey" rtlName="xor_ln165_2_fu_913_p2" latency="0" BRAM="-1" DSP="-1" FF="0" LUT="8" fileDirectory="/home/npr29/hls6775/development/ece6775Final/refactored"&gt;&lt;\/item&gt;
<item  id="159" filename="helper.cpp" linenumber="165" name="lshr_ln165_1" contextFuncName="expandKey" moduleName="expandKey" rtlName="lshr_ln165_1_reg_1064" latency="0" BRAM="-1" DSP="-1" FF="-1" LUT="-1" fileDirectory="/home/npr29/hls6775/development/ece6775Final/refactored"&gt;&lt;\/item&gt;
<item  id="160" filename="helper.cpp" linenumber="165" name="zext_ln165_1" contextFuncName="expandKey" moduleName="expandKey" rtlName="zext_ln165_1_fu_920_p1" latency="0" BRAM="-1" DSP="-1" FF="-1" LUT="-1" fileDirectory="/home/npr29/hls6775/development/ece6775Final/refactored"&gt;&lt;\/item&gt;
<item  id="163" filename="helper.cpp" linenumber="166" name="or_ln166_1" contextFuncName="expandKey" moduleName="expandKey" rtlName="or_ln166_1_fu_710_p2" latency="0" BRAM="-1" DSP="-1" FF="0" LUT="8" fileDirectory="/home/npr29/hls6775/development/ece6775Final/refactored"&gt;&lt;\/item&gt;
<item  id="164" filename="helper.cpp" linenumber="166" name="zext_ln166_1" contextFuncName="expandKey" moduleName="expandKey" rtlName="zext_ln166_1_fu_716_p1" latency="0" BRAM="-1" DSP="-1" FF="-1" LUT="-1" fileDirectory="/home/npr29/hls6775/development/ece6775Final/refactored"&gt;&lt;\/item&gt;
<item  id="165" filename="helper.cpp" linenumber="164" name="add_ln164_3" contextFuncName="expandKey" moduleName="expandKey" rtlName="add_ln164_3_fu_720_p2" latency="0" BRAM="-1" DSP="-1" FF="0" LUT="15" fileDirectory="/home/npr29/hls6775/development/ece6775Final/refactored"&gt;&lt;\/item&gt;
<item  id="166" filename="helper.cpp" linenumber="164" name="trunc_ln164_2" contextFuncName="expandKey" moduleName="expandKey" rtlName="trunc_ln164_2_fu_726_p4" latency="0" BRAM="-1" DSP="-1" FF="-1" LUT="-1" fileDirectory="/home/npr29/hls6775/development/ece6775Final/refactored"&gt;&lt;\/item&gt;
<item  id="167" filename="helper.cpp" linenumber="164" name="sext_ln164_2" contextFuncName="expandKey" moduleName="expandKey" rtlName="sext_ln164_2_fu_736_p1" latency="0" BRAM="-1" DSP="-1" FF="-1" LUT="-1" fileDirectory="/home/npr29/hls6775/development/ece6775Final/refactored"&gt;&lt;\/item&gt;
<item  id="168" filename="helper.cpp" linenumber="164" name="zext_ln164_3" contextFuncName="expandKey" moduleName="expandKey" rtlName="zext_ln164_3_fu_740_p1" latency="0" BRAM="-1" DSP="-1" FF="-1" LUT="-1" fileDirectory="/home/npr29/hls6775/development/ece6775Final/refactored"&gt;&lt;\/item&gt;
<item  id="171" filename="helper.cpp" linenumber="165" name="xor_ln165_3" contextFuncName="expandKey" moduleName="expandKey" rtlName="xor_ln165_3_fu_818_p2" latency="0" BRAM="-1" DSP="-1" FF="0" LUT="8" fileDirectory="/home/npr29/hls6775/development/ece6775Final/refactored"&gt;&lt;\/item&gt;
<item  id="7" filename="helper.cpp" linenumber="312" name="trunc_ln312" contextFuncName="createRoundKey" moduleName="createRoundKey" rtlName="trunc_ln312_fu_662_p1" latency="0" BRAM="-1" DSP="-1" FF="-1" LUT="-1" fileDirectory="/home/npr29/hls6775/development/ece6775Final/refactored"&gt;&lt;\/item&gt;
<item  id="8" filename="helper.cpp" linenumber="312" name="zext_ln312" contextFuncName="createRoundKey" moduleName="createRoundKey" rtlName="zext_ln312_fu_712_p1" latency="0" BRAM="-1" DSP="-1" FF="-1" LUT="-1" fileDirectory="/home/npr29/hls6775/development/ece6775Final/refactored"&gt;&lt;\/item&gt;
<item  id="9" filename="helper.cpp" linenumber="312" name="trunc_ln312_1" contextFuncName="createRoundKey" moduleName="createRoundKey" rtlName="trunc_ln312_1_fu_666_p1" latency="0" BRAM="-1" DSP="-1" FF="-1" LUT="-1" fileDirectory="/home/npr29/hls6775/development/ece6775Final/refactored"&gt;&lt;\/item&gt;
<item  id="10" filename="helper.cpp" linenumber="312" name="lshr_ln" contextFuncName="createRoundKey" moduleName="createRoundKey" rtlName="lshr_ln_fu_670_p4" latency="0" BRAM="-1" DSP="-1" FF="-1" LUT="-1" fileDirectory="/home/npr29/hls6775/development/ece6775Final/refactored"&gt;&lt;\/item&gt;
<item  id="11" filename="helper.cpp" linenumber="312" name="zext_ln312_1" contextFuncName="createRoundKey" moduleName="createRoundKey" rtlName="zext_ln312_1_fu_680_p1" latency="0" BRAM="-1" DSP="-1" FF="-1" LUT="-1" fileDirectory="/home/npr29/hls6775/development/ece6775Final/refactored"&gt;&lt;\/item&gt;
<item  id="20" filename="helper.cpp" linenumber="312" name="roundKey_0_write_as" contextFuncName="createRoundKey" moduleName="createRoundKey" rtlName="decrypt_dut_mux_4bkb_U23" latency="0" BRAM="-1" DSP="-1" FF="-1" LUT="-1" fileDirectory="/home/npr29/hls6775/development/ece6775Final/refactored"&gt;&lt;\/item&gt;
<item  id="21" filename="helper.cpp" linenumber="312" name="add_ln312" contextFuncName="createRoundKey" moduleName="createRoundKey" rtlName="add_ln312_fu_688_p2" latency="0" BRAM="-1" DSP="-1" FF="0" LUT="15" fileDirectory="/home/npr29/hls6775/development/ece6775Final/refactored"&gt;&lt;\/item&gt;
<item  id="22" filename="helper.cpp" linenumber="312" name="lshr_ln312_1" contextFuncName="createRoundKey" moduleName="createRoundKey" rtlName="lshr_ln312_1_fu_694_p4" latency="0" BRAM="-1" DSP="-1" FF="-1" LUT="-1" fileDirectory="/home/npr29/hls6775/development/ece6775Final/refactored"&gt;&lt;\/item&gt;
<item  id="23" filename="helper.cpp" linenumber="312" name="zext_ln312_2" contextFuncName="createRoundKey" moduleName="createRoundKey" rtlName="zext_ln312_2_fu_704_p1" latency="0" BRAM="-1" DSP="-1" FF="-1" LUT="-1" fileDirectory="/home/npr29/hls6775/development/ece6775Final/refactored"&gt;&lt;\/item&gt;
<item  id="32" filename="helper.cpp" linenumber="312" name="roundKey_4_write_as" contextFuncName="createRoundKey" moduleName="createRoundKey" rtlName="decrypt_dut_mux_4bkb_U24" latency="0" BRAM="-1" DSP="-1" FF="-1" LUT="-1" fileDirectory="/home/npr29/hls6775/development/ece6775Final/refactored"&gt;&lt;\/item&gt;
<item  id="33" filename="helper.cpp" linenumber="312" name="add_ln312_1" contextFuncName="createRoundKey" moduleName="createRoundKey" rtlName="add_ln312_1_fu_717_p2" latency="0" BRAM="-1" DSP="-1" FF="0" LUT="15" fileDirectory="/home/npr29/hls6775/development/ece6775Final/refactored"&gt;&lt;\/item&gt;
<item  id="34" filename="helper.cpp" linenumber="312" name="lshr_ln312_2" contextFuncName="createRoundKey" moduleName="createRoundKey" rtlName="lshr_ln312_2_fu_722_p4" latency="0" BRAM="-1" DSP="-1" FF="-1" LUT="-1" fileDirectory="/home/npr29/hls6775/development/ece6775Final/refactored"&gt;&lt;\/item&gt;
<item  id="35" filename="helper.cpp" linenumber="312" name="zext_ln312_3" contextFuncName="createRoundKey" moduleName="createRoundKey" rtlName="zext_ln312_3_fu_732_p1" latency="0" BRAM="-1" DSP="-1" FF="-1" LUT="-1" fileDirectory="/home/npr29/hls6775/development/ece6775Final/refactored"&gt;&lt;\/item&gt;
<item  id="44" filename="helper.cpp" linenumber="312" name="roundKey_8_write_as" contextFuncName="createRoundKey" moduleName="createRoundKey" rtlName="decrypt_dut_mux_4bkb_U25" latency="0" BRAM="-1" DSP="-1" FF="-1" LUT="-1" fileDirectory="/home/npr29/hls6775/development/ece6775Final/refactored"&gt;&lt;\/item&gt;
<item  id="45" filename="helper.cpp" linenumber="312" name="add_ln312_2" contextFuncName="createRoundKey" moduleName="createRoundKey" rtlName="add_ln312_2_fu_740_p2" latency="0" BRAM="-1" DSP="-1" FF="0" LUT="15" fileDirectory="/home/npr29/hls6775/development/ece6775Final/refactored"&gt;&lt;\/item&gt;
<item  id="46" filename="helper.cpp" linenumber="312" name="lshr_ln312_3" contextFuncName="createRoundKey" moduleName="createRoundKey" rtlName="lshr_ln312_3_fu_745_p4" latency="0" BRAM="-1" DSP="-1" FF="-1" LUT="-1" fileDirectory="/home/npr29/hls6775/development/ece6775Final/refactored"&gt;&lt;\/item&gt;
<item  id="47" filename="helper.cpp" linenumber="312" name="zext_ln312_4" contextFuncName="createRoundKey" moduleName="createRoundKey" rtlName="zext_ln312_4_fu_755_p1" latency="0" BRAM="-1" DSP="-1" FF="-1" LUT="-1" fileDirectory="/home/npr29/hls6775/development/ece6775Final/refactored"&gt;&lt;\/item&gt;
<item  id="56" filename="helper.cpp" linenumber="312" name="roundKey_12_write_a" contextFuncName="createRoundKey" moduleName="createRoundKey" rtlName="decrypt_dut_mux_4bkb_U26" latency="0" BRAM="-1" DSP="-1" FF="-1" LUT="-1" fileDirectory="/home/npr29/hls6775/development/ece6775Final/refactored"&gt;&lt;\/item&gt;
<item  id="57" filename="helper.cpp" linenumber="312" name="add_ln312_3" contextFuncName="createRoundKey" moduleName="createRoundKey" rtlName="add_ln312_3_fu_763_p2" latency="0" BRAM="-1" DSP="-1" FF="0" LUT="15" fileDirectory="/home/npr29/hls6775/development/ece6775Final/refactored"&gt;&lt;\/item&gt;
<item  id="58" filename="helper.cpp" linenumber="312" name="lshr_ln312_4" contextFuncName="createRoundKey" moduleName="createRoundKey" rtlName="lshr_ln312_4_fu_768_p4" latency="0" BRAM="-1" DSP="-1" FF="-1" LUT="-1" fileDirectory="/home/npr29/hls6775/development/ece6775Final/refactored"&gt;&lt;\/item&gt;
<item  id="59" filename="helper.cpp" linenumber="312" name="zext_ln312_5" contextFuncName="createRoundKey" moduleName="createRoundKey" rtlName="zext_ln312_5_fu_778_p1" latency="0" BRAM="-1" DSP="-1" FF="-1" LUT="-1" fileDirectory="/home/npr29/hls6775/development/ece6775Final/refactored"&gt;&lt;\/item&gt;
<item  id="68" filename="helper.cpp" linenumber="312" name="roundKey_1_write_as" contextFuncName="createRoundKey" moduleName="createRoundKey" rtlName="decrypt_dut_mux_4bkb_U23" latency="0" BRAM="-1" DSP="-1" FF="-1" LUT="-1" fileDirectory="/home/npr29/hls6775/development/ece6775Final/refactored"&gt;&lt;\/item&gt;
<item  id="69" filename="helper.cpp" linenumber="312" name="add_ln312_4" contextFuncName="createRoundKey" moduleName="createRoundKey" rtlName="add_ln312_4_fu_786_p2" latency="0" BRAM="-1" DSP="-1" FF="0" LUT="15" fileDirectory="/home/npr29/hls6775/development/ece6775Final/refactored"&gt;&lt;\/item&gt;
<item  id="70" filename="helper.cpp" linenumber="312" name="lshr_ln312_5" contextFuncName="createRoundKey" moduleName="createRoundKey" rtlName="lshr_ln312_5_fu_791_p4" latency="0" BRAM="-1" DSP="-1" FF="-1" LUT="-1" fileDirectory="/home/npr29/hls6775/development/ece6775Final/refactored"&gt;&lt;\/item&gt;
<item  id="71" filename="helper.cpp" linenumber="312" name="zext_ln312_6" contextFuncName="createRoundKey" moduleName="createRoundKey" rtlName="zext_ln312_6_fu_801_p1" latency="0" BRAM="-1" DSP="-1" FF="-1" LUT="-1" fileDirectory="/home/npr29/hls6775/development/ece6775Final/refactored"&gt;&lt;\/item&gt;
<item  id="80" filename="helper.cpp" linenumber="312" name="roundKey_5_write_as" contextFuncName="createRoundKey" moduleName="createRoundKey" rtlName="decrypt_dut_mux_4bkb_U24" latency="0" BRAM="-1" DSP="-1" FF="-1" LUT="-1" fileDirectory="/home/npr29/hls6775/development/ece6775Final/refactored"&gt;&lt;\/item&gt;
<item  id="81" filename="helper.cpp" linenumber="312" name="add_ln312_5" contextFuncName="createRoundKey" moduleName="createRoundKey" rtlName="add_ln312_5_fu_809_p2" latency="0" BRAM="-1" DSP="-1" FF="0" LUT="15" fileDirectory="/home/npr29/hls6775/development/ece6775Final/refactored"&gt;&lt;\/item&gt;
<item  id="82" filename="helper.cpp" linenumber="312" name="lshr_ln312_6" contextFuncName="createRoundKey" moduleName="createRoundKey" rtlName="lshr_ln312_6_fu_814_p4" latency="0" BRAM="-1" DSP="-1" FF="-1" LUT="-1" fileDirectory="/home/npr29/hls6775/development/ece6775Final/refactored"&gt;&lt;\/item&gt;
<item  id="83" filename="helper.cpp" linenumber="312" name="zext_ln312_7" contextFuncName="createRoundKey" moduleName="createRoundKey" rtlName="zext_ln312_7_fu_824_p1" latency="0" BRAM="-1" DSP="-1" FF="-1" LUT="-1" fileDirectory="/home/npr29/hls6775/development/ece6775Final/refactored"&gt;&lt;\/item&gt;
<item  id="92" filename="helper.cpp" linenumber="312" name="roundKey_9_write_as" contextFuncName="createRoundKey" moduleName="createRoundKey" rtlName="decrypt_dut_mux_4bkb_U25" latency="0" BRAM="-1" DSP="-1" FF="-1" LUT="-1" fileDirectory="/home/npr29/hls6775/development/ece6775Final/refactored"&gt;&lt;\/item&gt;
<item  id="93" filename="helper.cpp" linenumber="312" name="add_ln312_6" contextFuncName="createRoundKey" moduleName="createRoundKey" rtlName="add_ln312_6_fu_832_p2" latency="0" BRAM="-1" DSP="-1" FF="0" LUT="15" fileDirectory="/home/npr29/hls6775/development/ece6775Final/refactored"&gt;&lt;\/item&gt;
<item  id="94" filename="helper.cpp" linenumber="312" name="lshr_ln312_7" contextFuncName="createRoundKey" moduleName="createRoundKey" rtlName="lshr_ln312_7_fu_837_p4" latency="0" BRAM="-1" DSP="-1" FF="-1" LUT="-1" fileDirectory="/home/npr29/hls6775/development/ece6775Final/refactored"&gt;&lt;\/item&gt;
<item  id="95" filename="helper.cpp" linenumber="312" name="zext_ln312_8" contextFuncName="createRoundKey" moduleName="createRoundKey" rtlName="zext_ln312_8_fu_847_p1" latency="0" BRAM="-1" DSP="-1" FF="-1" LUT="-1" fileDirectory="/home/npr29/hls6775/development/ece6775Final/refactored"&gt;&lt;\/item&gt;
<item  id="104" filename="helper.cpp" linenumber="312" name="roundKey_13_write_a" contextFuncName="createRoundKey" moduleName="createRoundKey" rtlName="decrypt_dut_mux_4bkb_U26" latency="0" BRAM="-1" DSP="-1" FF="-1" LUT="-1" fileDirectory="/home/npr29/hls6775/development/ece6775Final/refactored"&gt;&lt;\/item&gt;
<item  id="105" filename="helper.cpp" linenumber="312" name="add_ln312_7" contextFuncName="createRoundKey" moduleName="createRoundKey" rtlName="add_ln312_7_fu_855_p2" latency="0" BRAM="-1" DSP="-1" FF="0" LUT="15" fileDirectory="/home/npr29/hls6775/development/ece6775Final/refactored"&gt;&lt;\/item&gt;
<item  id="106" filename="helper.cpp" linenumber="312" name="lshr_ln312_8" contextFuncName="createRoundKey" moduleName="createRoundKey" rtlName="lshr_ln312_8_fu_860_p4" latency="0" BRAM="-1" DSP="-1" FF="-1" LUT="-1" fileDirectory="/home/npr29/hls6775/development/ece6775Final/refactored"&gt;&lt;\/item&gt;
<item  id="107" filename="helper.cpp" linenumber="312" name="zext_ln312_9" contextFuncName="createRoundKey" moduleName="createRoundKey" rtlName="zext_ln312_9_fu_870_p1" latency="0" BRAM="-1" DSP="-1" FF="-1" LUT="-1" fileDirectory="/home/npr29/hls6775/development/ece6775Final/refactored"&gt;&lt;\/item&gt;
<item  id="116" filename="helper.cpp" linenumber="312" name="roundKey_2_write_as" contextFuncName="createRoundKey" moduleName="createRoundKey" rtlName="decrypt_dut_mux_4bkb_U23" latency="0" BRAM="-1" DSP="-1" FF="-1" LUT="-1" fileDirectory="/home/npr29/hls6775/development/ece6775Final/refactored"&gt;&lt;\/item&gt;
<item  id="117" filename="helper.cpp" linenumber="312" name="add_ln312_8" contextFuncName="createRoundKey" moduleName="createRoundKey" rtlName="add_ln312_8_fu_878_p2" latency="0" BRAM="-1" DSP="-1" FF="0" LUT="15" fileDirectory="/home/npr29/hls6775/development/ece6775Final/refactored"&gt;&lt;\/item&gt;
<item  id="118" filename="helper.cpp" linenumber="312" name="lshr_ln312_9" contextFuncName="createRoundKey" moduleName="createRoundKey" rtlName="lshr_ln312_9_fu_883_p4" latency="0" BRAM="-1" DSP="-1" FF="-1" LUT="-1" fileDirectory="/home/npr29/hls6775/development/ece6775Final/refactored"&gt;&lt;\/item&gt;
<item  id="119" filename="helper.cpp" linenumber="312" name="zext_ln312_10" contextFuncName="createRoundKey" moduleName="createRoundKey" rtlName="zext_ln312_10_fu_893_p1" latency="0" BRAM="-1" DSP="-1" FF="-1" LUT="-1" fileDirectory="/home/npr29/hls6775/development/ece6775Final/refactored"&gt;&lt;\/item&gt;
<item  id="128" filename="helper.cpp" linenumber="312" name="roundKey_6_write_as" contextFuncName="createRoundKey" moduleName="createRoundKey" rtlName="decrypt_dut_mux_4bkb_U24" latency="0" BRAM="-1" DSP="-1" FF="-1" LUT="-1" fileDirectory="/home/npr29/hls6775/development/ece6775Final/refactored"&gt;&lt;\/item&gt;
<item  id="129" filename="helper.cpp" linenumber="312" name="add_ln312_9" contextFuncName="createRoundKey" moduleName="createRoundKey" rtlName="add_ln312_9_fu_901_p2" latency="0" BRAM="-1" DSP="-1" FF="0" LUT="15" fileDirectory="/home/npr29/hls6775/development/ece6775Final/refactored"&gt;&lt;\/item&gt;
<item  id="130" filename="helper.cpp" linenumber="312" name="lshr_ln312_s" contextFuncName="createRoundKey" moduleName="createRoundKey" rtlName="lshr_ln312_s_fu_906_p4" latency="0" BRAM="-1" DSP="-1" FF="-1" LUT="-1" fileDirectory="/home/npr29/hls6775/development/ece6775Final/refactored"&gt;&lt;\/item&gt;
<item  id="131" filename="helper.cpp" linenumber="312" name="zext_ln312_11" contextFuncName="createRoundKey" moduleName="createRoundKey" rtlName="zext_ln312_11_fu_916_p1" latency="0" BRAM="-1" DSP="-1" FF="-1" LUT="-1" fileDirectory="/home/npr29/hls6775/development/ece6775Final/refactored"&gt;&lt;\/item&gt;
<item  id="140" filename="helper.cpp" linenumber="312" name="roundKey_10_write_a" contextFuncName="createRoundKey" moduleName="createRoundKey" rtlName="decrypt_dut_mux_4bkb_U25" latency="0" BRAM="-1" DSP="-1" FF="-1" LUT="-1" fileDirectory="/home/npr29/hls6775/development/ece6775Final/refactored"&gt;&lt;\/item&gt;
<item  id="141" filename="helper.cpp" linenumber="312" name="add_ln312_10" contextFuncName="createRoundKey" moduleName="createRoundKey" rtlName="add_ln312_10_fu_924_p2" latency="0" BRAM="-1" DSP="-1" FF="0" LUT="15" fileDirectory="/home/npr29/hls6775/development/ece6775Final/refactored"&gt;&lt;\/item&gt;
<item  id="142" filename="helper.cpp" linenumber="312" name="lshr_ln312_10" contextFuncName="createRoundKey" moduleName="createRoundKey" rtlName="lshr_ln312_10_fu_929_p4" latency="0" BRAM="-1" DSP="-1" FF="-1" LUT="-1" fileDirectory="/home/npr29/hls6775/development/ece6775Final/refactored"&gt;&lt;\/item&gt;
<item  id="143" filename="helper.cpp" linenumber="312" name="zext_ln312_12" contextFuncName="createRoundKey" moduleName="createRoundKey" rtlName="zext_ln312_12_fu_939_p1" latency="0" BRAM="-1" DSP="-1" FF="-1" LUT="-1" fileDirectory="/home/npr29/hls6775/development/ece6775Final/refactored"&gt;&lt;\/item&gt;
<item  id="152" filename="helper.cpp" linenumber="312" name="roundKey_14_write_a" contextFuncName="createRoundKey" moduleName="createRoundKey" rtlName="decrypt_dut_mux_4bkb_U26" latency="0" BRAM="-1" DSP="-1" FF="-1" LUT="-1" fileDirectory="/home/npr29/hls6775/development/ece6775Final/refactored"&gt;&lt;\/item&gt;
<item  id="153" filename="helper.cpp" linenumber="312" name="add_ln312_11" contextFuncName="createRoundKey" moduleName="createRoundKey" rtlName="add_ln312_11_fu_947_p2" latency="0" BRAM="-1" DSP="-1" FF="0" LUT="15" fileDirectory="/home/npr29/hls6775/development/ece6775Final/refactored"&gt;&lt;\/item&gt;
<item  id="154" filename="helper.cpp" linenumber="312" name="lshr_ln312_11" contextFuncName="createRoundKey" moduleName="createRoundKey" rtlName="lshr_ln312_11_fu_952_p4" latency="0" BRAM="-1" DSP="-1" FF="-1" LUT="-1" fileDirectory="/home/npr29/hls6775/development/ece6775Final/refactored"&gt;&lt;\/item&gt;
<item  id="155" filename="helper.cpp" linenumber="312" name="zext_ln312_13" contextFuncName="createRoundKey" moduleName="createRoundKey" rtlName="zext_ln312_13_fu_962_p1" latency="0" BRAM="-1" DSP="-1" FF="-1" LUT="-1" fileDirectory="/home/npr29/hls6775/development/ece6775Final/refactored"&gt;&lt;\/item&gt;
<item  id="164" filename="helper.cpp" linenumber="312" name="roundKey_3_write_as" contextFuncName="createRoundKey" moduleName="createRoundKey" rtlName="decrypt_dut_mux_4bkb_U23" latency="0" BRAM="-1" DSP="-1" FF="-1" LUT="-1" fileDirectory="/home/npr29/hls6775/development/ece6775Final/refactored"&gt;&lt;\/item&gt;
<item  id="165" filename="helper.cpp" linenumber="312" name="add_ln312_12" contextFuncName="createRoundKey" moduleName="createRoundKey" rtlName="add_ln312_12_fu_970_p2" latency="0" BRAM="-1" DSP="-1" FF="0" LUT="15" fileDirectory="/home/npr29/hls6775/development/ece6775Final/refactored"&gt;&lt;\/item&gt;
<item  id="166" filename="helper.cpp" linenumber="312" name="lshr_ln312_12" contextFuncName="createRoundKey" moduleName="createRoundKey" rtlName="lshr_ln312_12_fu_975_p4" latency="0" BRAM="-1" DSP="-1" FF="-1" LUT="-1" fileDirectory="/home/npr29/hls6775/development/ece6775Final/refactored"&gt;&lt;\/item&gt;
<item  id="167" filename="helper.cpp" linenumber="312" name="zext_ln312_14" contextFuncName="createRoundKey" moduleName="createRoundKey" rtlName="zext_ln312_14_fu_985_p1" latency="0" BRAM="-1" DSP="-1" FF="-1" LUT="-1" fileDirectory="/home/npr29/hls6775/development/ece6775Final/refactored"&gt;&lt;\/item&gt;
<item  id="176" filename="helper.cpp" linenumber="312" name="roundKey_7_write_as" contextFuncName="createRoundKey" moduleName="createRoundKey" rtlName="decrypt_dut_mux_4bkb_U24" latency="0" BRAM="-1" DSP="-1" FF="-1" LUT="-1" fileDirectory="/home/npr29/hls6775/development/ece6775Final/refactored"&gt;&lt;\/item&gt;
<item  id="177" filename="helper.cpp" linenumber="312" name="add_ln312_13" contextFuncName="createRoundKey" moduleName="createRoundKey" rtlName="add_ln312_13_fu_993_p2" latency="0" BRAM="-1" DSP="-1" FF="0" LUT="15" fileDirectory="/home/npr29/hls6775/development/ece6775Final/refactored"&gt;&lt;\/item&gt;
<item  id="178" filename="helper.cpp" linenumber="312" name="lshr_ln312_13" contextFuncName="createRoundKey" moduleName="createRoundKey" rtlName="lshr_ln312_13_fu_998_p4" latency="0" BRAM="-1" DSP="-1" FF="-1" LUT="-1" fileDirectory="/home/npr29/hls6775/development/ece6775Final/refactored"&gt;&lt;\/item&gt;
<item  id="179" filename="helper.cpp" linenumber="312" name="zext_ln312_15" contextFuncName="createRoundKey" moduleName="createRoundKey" rtlName="zext_ln312_15_fu_1008_p1" latency="0" BRAM="-1" DSP="-1" FF="-1" LUT="-1" fileDirectory="/home/npr29/hls6775/development/ece6775Final/refactored"&gt;&lt;\/item&gt;
<item  id="188" filename="helper.cpp" linenumber="312" name="roundKey_11_write_a" contextFuncName="createRoundKey" moduleName="createRoundKey" rtlName="decrypt_dut_mux_4bkb_U25" latency="0" BRAM="-1" DSP="-1" FF="-1" LUT="-1" fileDirectory="/home/npr29/hls6775/development/ece6775Final/refactored"&gt;&lt;\/item&gt;
<item  id="189" filename="helper.cpp" linenumber="312" name="add_ln312_14" contextFuncName="createRoundKey" moduleName="createRoundKey" rtlName="add_ln312_14_fu_1016_p2" latency="0" BRAM="-1" DSP="-1" FF="0" LUT="15" fileDirectory="/home/npr29/hls6775/development/ece6775Final/refactored"&gt;&lt;\/item&gt;
<item  id="190" filename="helper.cpp" linenumber="312" name="lshr_ln312_14" contextFuncName="createRoundKey" moduleName="createRoundKey" rtlName="lshr_ln312_14_fu_1021_p4" latency="0" BRAM="-1" DSP="-1" FF="-1" LUT="-1" fileDirectory="/home/npr29/hls6775/development/ece6775Final/refactored"&gt;&lt;\/item&gt;
<item  id="191" filename="helper.cpp" linenumber="312" name="zext_ln312_16" contextFuncName="createRoundKey" moduleName="createRoundKey" rtlName="zext_ln312_16_fu_1031_p1" latency="0" BRAM="-1" DSP="-1" FF="-1" LUT="-1" fileDirectory="/home/npr29/hls6775/development/ece6775Final/refactored"&gt;&lt;\/item&gt;
<item  id="200" filename="helper.cpp" linenumber="312" name="roundKey_15_write_a" contextFuncName="createRoundKey" moduleName="createRoundKey" rtlName="decrypt_dut_mux_4bkb_U26" latency="0" BRAM="-1" DSP="-1" FF="-1" LUT="-1" fileDirectory="/home/npr29/hls6775/development/ece6775Final/refactored"&gt;&lt;\/item&gt;
<item  id="5" filename="helper.cpp" linenumber="239" name="trunc_ln239" contextFuncName="galois_multiplication" moduleName="galois_multiplicatio" rtlName="trunc_ln239_fu_38_p1" latency="0" BRAM="-1" DSP="-1" FF="-1" LUT="-1" fileDirectory="/home/npr29/hls6775/development/ece6775Final/refactored"&gt;&lt;\/item&gt;
<item  id="6" filename="helper.cpp" linenumber="239" name="select_ln239" contextFuncName="galois_multiplication" moduleName="galois_multiplicatio" rtlName="select_ln239_fu_42_p3" latency="0" BRAM="-1" DSP="-1" FF="0" LUT="8" fileDirectory="/home/npr29/hls6775/development/ece6775Final/refactored"&gt;&lt;\/item&gt;
<item  id="7" filename="helper.cpp" linenumber="242" name="shl_ln242" contextFuncName="galois_multiplication" moduleName="galois_multiplicatio" rtlName="shl_ln242_fu_50_p2" latency="0" BRAM="-1" DSP="-1" FF="-1" LUT="-1" fileDirectory="/home/npr29/hls6775/development/ece6775Final/refactored"&gt;&lt;\/item&gt;
<item  id="8" filename="helper.cpp" linenumber="243" name="tmp" contextFuncName="galois_multiplication" moduleName="galois_multiplicatio" rtlName="tmp_fu_56_p3" latency="0" BRAM="-1" DSP="-1" FF="-1" LUT="-1" fileDirectory="/home/npr29/hls6775/development/ece6775Final/refactored"&gt;&lt;\/item&gt;
<item  id="9" filename="helper.cpp" linenumber="244" name="xor_ln244" contextFuncName="galois_multiplication" moduleName="galois_multiplicatio" rtlName="xor_ln244_fu_64_p2" latency="0" BRAM="-1" DSP="-1" FF="0" LUT="8" fileDirectory="/home/npr29/hls6775/development/ece6775Final/refactored"&gt;&lt;\/item&gt;
<item  id="10" filename="helper.cpp" linenumber="243" name="select_ln243" contextFuncName="galois_multiplication" moduleName="galois_multiplicatio" rtlName="select_ln243_fu_70_p3" latency="0" BRAM="-1" DSP="-1" FF="0" LUT="8" fileDirectory="/home/npr29/hls6775/development/ece6775Final/refactored"&gt;&lt;\/item&gt;
<item  id="11" filename="helper.cpp" linenumber="239" name="tmp_1" contextFuncName="galois_multiplication" moduleName="galois_multiplicatio" rtlName="tmp_1_fu_78_p3" latency="0" BRAM="-1" DSP="-1" FF="-1" LUT="-1" fileDirectory="/home/npr29/hls6775/development/ece6775Final/refactored"&gt;&lt;\/item&gt;
<item  id="12" filename="helper.cpp" linenumber="239" name="select_ln239_1" contextFuncName="galois_multiplication" moduleName="galois_multiplicatio" rtlName="select_ln239_1_fu_86_p3" latency="0" BRAM="-1" DSP="-1" FF="0" LUT="8" fileDirectory="/home/npr29/hls6775/development/ece6775Final/refactored"&gt;&lt;\/item&gt;
<item  id="13" filename="helper.cpp" linenumber="242" name="shl_ln242_1" contextFuncName="galois_multiplication" moduleName="galois_multiplicatio" rtlName="shl_ln242_1_fu_94_p2" latency="0" BRAM="-1" DSP="-1" FF="-1" LUT="-1" fileDirectory="/home/npr29/hls6775/development/ece6775Final/refactored"&gt;&lt;\/item&gt;
<item  id="14" filename="helper.cpp" linenumber="243" name="tmp_2" contextFuncName="galois_multiplication" moduleName="galois_multiplicatio" rtlName="tmp_2_fu_100_p3" latency="0" BRAM="-1" DSP="-1" FF="-1" LUT="-1" fileDirectory="/home/npr29/hls6775/development/ece6775Final/refactored"&gt;&lt;\/item&gt;
<item  id="15" filename="helper.cpp" linenumber="244" name="xor_ln244_1" contextFuncName="galois_multiplication" moduleName="galois_multiplicatio" rtlName="xor_ln244_1_fu_108_p2" latency="0" BRAM="-1" DSP="-1" FF="0" LUT="8" fileDirectory="/home/npr29/hls6775/development/ece6775Final/refactored"&gt;&lt;\/item&gt;
<item  id="16" filename="helper.cpp" linenumber="243" name="select_ln243_1" contextFuncName="galois_multiplication" moduleName="galois_multiplicatio" rtlName="select_ln243_1_fu_114_p3" latency="0" BRAM="-1" DSP="-1" FF="0" LUT="8" fileDirectory="/home/npr29/hls6775/development/ece6775Final/refactored"&gt;&lt;\/item&gt;
<item  id="17" filename="helper.cpp" linenumber="239" name="tmp_3" contextFuncName="galois_multiplication" moduleName="galois_multiplicatio" rtlName="tmp_3_fu_122_p3" latency="0" BRAM="-1" DSP="-1" FF="-1" LUT="-1" fileDirectory="/home/npr29/hls6775/development/ece6775Final/refactored"&gt;&lt;\/item&gt;
<item  id="18" filename="helper.cpp" linenumber="239" name="select_ln239_2" contextFuncName="galois_multiplication" moduleName="galois_multiplicatio" rtlName="select_ln239_2_fu_130_p3" latency="0" BRAM="-1" DSP="-1" FF="0" LUT="8" fileDirectory="/home/npr29/hls6775/development/ece6775Final/refactored"&gt;&lt;\/item&gt;
<item  id="19" filename="helper.cpp" linenumber="242" name="shl_ln242_2" contextFuncName="galois_multiplication" moduleName="galois_multiplicatio" rtlName="shl_ln242_2_fu_138_p2" latency="0" BRAM="-1" DSP="-1" FF="-1" LUT="-1" fileDirectory="/home/npr29/hls6775/development/ece6775Final/refactored"&gt;&lt;\/item&gt;
<item  id="20" filename="helper.cpp" linenumber="243" name="tmp_4" contextFuncName="galois_multiplication" moduleName="galois_multiplicatio" rtlName="tmp_4_fu_144_p3" latency="0" BRAM="-1" DSP="-1" FF="-1" LUT="-1" fileDirectory="/home/npr29/hls6775/development/ece6775Final/refactored"&gt;&lt;\/item&gt;
<item  id="21" filename="helper.cpp" linenumber="244" name="xor_ln244_2" contextFuncName="galois_multiplication" moduleName="galois_multiplicatio" rtlName="xor_ln244_2_fu_152_p2" latency="0" BRAM="-1" DSP="-1" FF="0" LUT="8" fileDirectory="/home/npr29/hls6775/development/ece6775Final/refactored"&gt;&lt;\/item&gt;
<item  id="22" filename="helper.cpp" linenumber="243" name="select_ln243_2" contextFuncName="galois_multiplication" moduleName="galois_multiplicatio" rtlName="select_ln243_2_fu_158_p3" latency="0" BRAM="-1" DSP="-1" FF="0" LUT="8" fileDirectory="/home/npr29/hls6775/development/ece6775Final/refactored"&gt;&lt;\/item&gt;
<item  id="23" filename="helper.cpp" linenumber="239" name="tmp_5" contextFuncName="galois_multiplication" moduleName="galois_multiplicatio" rtlName="tmp_5_fu_166_p3" latency="0" BRAM="-1" DSP="-1" FF="-1" LUT="-1" fileDirectory="/home/npr29/hls6775/development/ece6775Final/refactored"&gt;&lt;\/item&gt;
<item  id="24" filename="helper.cpp" linenumber="239" name="select_ln239_3" contextFuncName="galois_multiplication" moduleName="galois_multiplicatio" rtlName="select_ln239_3_fu_174_p3" latency="0" BRAM="-1" DSP="-1" FF="0" LUT="8" fileDirectory="/home/npr29/hls6775/development/ece6775Final/refactored"&gt;&lt;\/item&gt;
<item  id="25" filename="helper.cpp" linenumber="239" name="xor_ln239" contextFuncName="galois_multiplication" moduleName="galois_multiplicatio" rtlName="xor_ln239_fu_182_p2" latency="0" BRAM="-1" DSP="-1" FF="0" LUT="8" fileDirectory="/home/npr29/hls6775/development/ece6775Final/refactored"&gt;&lt;\/item&gt;
<item  id="26" filename="helper.cpp" linenumber="239" name="xor_ln239_1" contextFuncName="galois_multiplication" moduleName="galois_multiplicatio" rtlName="xor_ln239_1_fu_188_p2" latency="0" BRAM="-1" DSP="-1" FF="0" LUT="8" fileDirectory="/home/npr29/hls6775/development/ece6775Final/refactored"&gt;&lt;\/item&gt;
<item  id="27" filename="helper.cpp" linenumber="239" name="xor_ln239_2" contextFuncName="galois_multiplication" moduleName="galois_multiplicatio" rtlName="ap_return" latency="0" BRAM="-1" DSP="-1" FF="0" LUT="8" fileDirectory="/home/npr29/hls6775/development/ece6775Final/refactored"&gt;&lt;\/item&gt;
<item  id="9" filename="helper.cpp" linenumber="392" name="tmp" contextFuncName="invMixColumn" moduleName="invMixColumn" rtlName="tmp_galois_multiplicatio_fu_46" latency="0" BRAM="-1" DSP="-1" FF="-1" LUT="-1" fileDirectory="/home/npr29/hls6775/development/ece6775Final/refactored"&gt;&lt;\/item&gt;
<item  id="10" filename="helper.cpp" linenumber="393" name="tmp_6" contextFuncName="invMixColumn" moduleName="invMixColumn" rtlName="tmp_6_galois_multiplicatio_fu_54" latency="0" BRAM="-1" DSP="-1" FF="-1" LUT="-1" fileDirectory="/home/npr29/hls6775/development/ece6775Final/refactored"&gt;&lt;\/item&gt;
<item  id="11" filename="helper.cpp" linenumber="394" name="tmp_7" contextFuncName="invMixColumn" moduleName="invMixColumn" rtlName="tmp_7_galois_multiplicatio_fu_62" latency="0" BRAM="-1" DSP="-1" FF="-1" LUT="-1" fileDirectory="/home/npr29/hls6775/development/ece6775Final/refactored"&gt;&lt;\/item&gt;
<item  id="12" filename="helper.cpp" linenumber="395" name="tmp_8" contextFuncName="invMixColumn" moduleName="invMixColumn" rtlName="tmp_8_galois_multiplicatio_fu_70" latency="0" BRAM="-1" DSP="-1" FF="-1" LUT="-1" fileDirectory="/home/npr29/hls6775/development/ece6775Final/refactored"&gt;&lt;\/item&gt;
<item  id="13" filename="helper.cpp" linenumber="395" name="xor_ln395_1" contextFuncName="invMixColumn" moduleName="invMixColumn" rtlName="xor_ln395_1_fu_174_p2" latency="0" BRAM="-1" DSP="-1" FF="0" LUT="8" fileDirectory="/home/npr29/hls6775/development/ece6775Final/refactored"&gt;&lt;\/item&gt;
<item  id="14" filename="helper.cpp" linenumber="395" name="xor_ln395_2" contextFuncName="invMixColumn" moduleName="invMixColumn" rtlName="xor_ln395_2_fu_180_p2" latency="0" BRAM="-1" DSP="-1" FF="0" LUT="8" fileDirectory="/home/npr29/hls6775/development/ece6775Final/refactored"&gt;&lt;\/item&gt;
<item  id="15" filename="helper.cpp" linenumber="395" name="xor_ln395" contextFuncName="invMixColumn" moduleName="invMixColumn" rtlName="xor_ln395_fu_186_p2" latency="0" BRAM="-1" DSP="-1" FF="0" LUT="8" fileDirectory="/home/npr29/hls6775/development/ece6775Final/refactored"&gt;&lt;\/item&gt;
<item  id="16" filename="helper.cpp" linenumber="396" name="tmp_9" contextFuncName="invMixColumn" moduleName="invMixColumn" rtlName="tmp_9_galois_multiplicatio_fu_78" latency="0" BRAM="-1" DSP="-1" FF="-1" LUT="-1" fileDirectory="/home/npr29/hls6775/development/ece6775Final/refactored"&gt;&lt;\/item&gt;
<item  id="17" filename="helper.cpp" linenumber="397" name="tmp_s" contextFuncName="invMixColumn" moduleName="invMixColumn" rtlName="tmp_s_galois_multiplicatio_fu_86" latency="0" BRAM="-1" DSP="-1" FF="-1" LUT="-1" fileDirectory="/home/npr29/hls6775/development/ece6775Final/refactored"&gt;&lt;\/item&gt;
<item  id="18" filename="helper.cpp" linenumber="398" name="tmp_1" contextFuncName="invMixColumn" moduleName="invMixColumn" rtlName="tmp_1_galois_multiplicatio_fu_94" latency="0" BRAM="-1" DSP="-1" FF="-1" LUT="-1" fileDirectory="/home/npr29/hls6775/development/ece6775Final/refactored"&gt;&lt;\/item&gt;
<item  id="19" filename="helper.cpp" linenumber="399" name="tmp_2" contextFuncName="invMixColumn" moduleName="invMixColumn" rtlName="tmp_2_galois_multiplicatio_fu_102" latency="0" BRAM="-1" DSP="-1" FF="-1" LUT="-1" fileDirectory="/home/npr29/hls6775/development/ece6775Final/refactored"&gt;&lt;\/item&gt;
<item  id="20" filename="helper.cpp" linenumber="399" name="xor_ln399_1" contextFuncName="invMixColumn" moduleName="invMixColumn" rtlName="xor_ln399_1_fu_192_p2" latency="0" BRAM="-1" DSP="-1" FF="0" LUT="8" fileDirectory="/home/npr29/hls6775/development/ece6775Final/refactored"&gt;&lt;\/item&gt;
<item  id="21" filename="helper.cpp" linenumber="399" name="xor_ln399_2" contextFuncName="invMixColumn" moduleName="invMixColumn" rtlName="xor_ln399_2_fu_198_p2" latency="0" BRAM="-1" DSP="-1" FF="0" LUT="8" fileDirectory="/home/npr29/hls6775/development/ece6775Final/refactored"&gt;&lt;\/item&gt;
<item  id="22" filename="helper.cpp" linenumber="399" name="xor_ln399" contextFuncName="invMixColumn" moduleName="invMixColumn" rtlName="xor_ln399_fu_204_p2" latency="0" BRAM="-1" DSP="-1" FF="0" LUT="8" fileDirectory="/home/npr29/hls6775/development/ece6775Final/refactored"&gt;&lt;\/item&gt;
<item  id="23" filename="helper.cpp" linenumber="400" name="tmp_3" contextFuncName="invMixColumn" moduleName="invMixColumn" rtlName="tmp_3_galois_multiplicatio_fu_110" latency="0" BRAM="-1" DSP="-1" FF="-1" LUT="-1" fileDirectory="/home/npr29/hls6775/development/ece6775Final/refactored"&gt;&lt;\/item&gt;
<item  id="24" filename="helper.cpp" linenumber="401" name="tmp_4" contextFuncName="invMixColumn" moduleName="invMixColumn" rtlName="tmp_4_galois_multiplicatio_fu_118" latency="0" BRAM="-1" DSP="-1" FF="-1" LUT="-1" fileDirectory="/home/npr29/hls6775/development/ece6775Final/refactored"&gt;&lt;\/item&gt;
<item  id="25" filename="helper.cpp" linenumber="402" name="tmp_5" contextFuncName="invMixColumn" moduleName="invMixColumn" rtlName="tmp_5_galois_multiplicatio_fu_126" latency="0" BRAM="-1" DSP="-1" FF="-1" LUT="-1" fileDirectory="/home/npr29/hls6775/development/ece6775Final/refactored"&gt;&lt;\/item&gt;
<item  id="26" filename="helper.cpp" linenumber="403" name="tmp_10" contextFuncName="invMixColumn" moduleName="invMixColumn" rtlName="tmp_10_galois_multiplicatio_fu_134" latency="0" BRAM="-1" DSP="-1" FF="-1" LUT="-1" fileDirectory="/home/npr29/hls6775/development/ece6775Final/refactored"&gt;&lt;\/item&gt;
<item  id="27" filename="helper.cpp" linenumber="403" name="xor_ln403_1" contextFuncName="invMixColumn" moduleName="invMixColumn" rtlName="xor_ln403_1_fu_210_p2" latency="0" BRAM="-1" DSP="-1" FF="0" LUT="8" fileDirectory="/home/npr29/hls6775/development/ece6775Final/refactored"&gt;&lt;\/item&gt;
<item  id="28" filename="helper.cpp" linenumber="403" name="xor_ln403_2" contextFuncName="invMixColumn" moduleName="invMixColumn" rtlName="xor_ln403_2_fu_216_p2" latency="0" BRAM="-1" DSP="-1" FF="0" LUT="8" fileDirectory="/home/npr29/hls6775/development/ece6775Final/refactored"&gt;&lt;\/item&gt;
<item  id="29" filename="helper.cpp" linenumber="403" name="xor_ln403" contextFuncName="invMixColumn" moduleName="invMixColumn" rtlName="xor_ln403_fu_222_p2" latency="0" BRAM="-1" DSP="-1" FF="0" LUT="8" fileDirectory="/home/npr29/hls6775/development/ece6775Final/refactored"&gt;&lt;\/item&gt;
<item  id="30" filename="helper.cpp" linenumber="404" name="tmp_11" contextFuncName="invMixColumn" moduleName="invMixColumn" rtlName="tmp_11_galois_multiplicatio_fu_142" latency="0" BRAM="-1" DSP="-1" FF="-1" LUT="-1" fileDirectory="/home/npr29/hls6775/development/ece6775Final/refactored"&gt;&lt;\/item&gt;
<item  id="31" filename="helper.cpp" linenumber="405" name="tmp_12" contextFuncName="invMixColumn" moduleName="invMixColumn" rtlName="tmp_12_galois_multiplicatio_fu_150" latency="0" BRAM="-1" DSP="-1" FF="-1" LUT="-1" fileDirectory="/home/npr29/hls6775/development/ece6775Final/refactored"&gt;&lt;\/item&gt;
<item  id="32" filename="helper.cpp" linenumber="406" name="tmp_13" contextFuncName="invMixColumn" moduleName="invMixColumn" rtlName="tmp_13_galois_multiplicatio_fu_158" latency="0" BRAM="-1" DSP="-1" FF="-1" LUT="-1" fileDirectory="/home/npr29/hls6775/development/ece6775Final/refactored"&gt;&lt;\/item&gt;
<item  id="33" filename="helper.cpp" linenumber="407" name="tmp_14" contextFuncName="invMixColumn" moduleName="invMixColumn" rtlName="tmp_14_galois_multiplicatio_fu_166" latency="0" BRAM="-1" DSP="-1" FF="-1" LUT="-1" fileDirectory="/home/npr29/hls6775/development/ece6775Final/refactored"&gt;&lt;\/item&gt;
<item  id="34" filename="helper.cpp" linenumber="407" name="xor_ln407_1" contextFuncName="invMixColumn" moduleName="invMixColumn" rtlName="xor_ln407_1_fu_228_p2" latency="0" BRAM="-1" DSP="-1" FF="0" LUT="8" fileDirectory="/home/npr29/hls6775/development/ece6775Final/refactored"&gt;&lt;\/item&gt;
<item  id="35" filename="helper.cpp" linenumber="407" name="xor_ln407_2" contextFuncName="invMixColumn" moduleName="invMixColumn" rtlName="xor_ln407_2_fu_234_p2" latency="0" BRAM="-1" DSP="-1" FF="0" LUT="8" fileDirectory="/home/npr29/hls6775/development/ece6775Final/refactored"&gt;&lt;\/item&gt;
<item  id="36" filename="helper.cpp" linenumber="407" name="xor_ln407" contextFuncName="invMixColumn" moduleName="invMixColumn" rtlName="xor_ln407_fu_240_p2" latency="0" BRAM="-1" DSP="-1" FF="0" LUT="8" fileDirectory="/home/npr29/hls6775/development/ece6775Final/refactored"&gt;&lt;\/item&gt;
<item  id="39" filename="decrypt.cpp" linenumber="31" name="call_ret" contextFuncName="aes_invMain" moduleName="aes_invMain" rtlName="grp_createRoundKey_fu_641" latency="8" BRAM="-1" DSP="-1" FF="-1" LUT="-1" fileDirectory="/home/npr29/hls6775/development/ece6775Final/refactored"&gt;&lt;\/item&gt;
<item  id="56" filename="helper.cpp" linenumber="230" name="xor_ln230" contextFuncName="addRoundKey" moduleName="aes_invMain" rtlName="xor_ln230_fu_800_p2" latency="0" BRAM="-1" DSP="-1" FF="0" LUT="8" fileDirectory="/home/npr29/hls6775/development/ece6775Final/refactored"&gt;&lt;\/item&gt;
<item  id="57" filename="helper.cpp" linenumber="230" name="xor_ln230_1" contextFuncName="addRoundKey" moduleName="aes_invMain" rtlName="xor_ln230_1_fu_806_p2" latency="0" BRAM="-1" DSP="-1" FF="0" LUT="8" fileDirectory="/home/npr29/hls6775/development/ece6775Final/refactored"&gt;&lt;\/item&gt;
<item  id="58" filename="helper.cpp" linenumber="230" name="xor_ln230_2" contextFuncName="addRoundKey" moduleName="aes_invMain" rtlName="xor_ln230_2_fu_812_p2" latency="0" BRAM="-1" DSP="-1" FF="0" LUT="8" fileDirectory="/home/npr29/hls6775/development/ece6775Final/refactored"&gt;&lt;\/item&gt;
<item  id="59" filename="helper.cpp" linenumber="230" name="xor_ln230_3" contextFuncName="addRoundKey" moduleName="aes_invMain" rtlName="xor_ln230_3_fu_818_p2" latency="0" BRAM="-1" DSP="-1" FF="0" LUT="8" fileDirectory="/home/npr29/hls6775/development/ece6775Final/refactored"&gt;&lt;\/item&gt;
<item  id="60" filename="helper.cpp" linenumber="230" name="xor_ln230_4" contextFuncName="addRoundKey" moduleName="aes_invMain" rtlName="xor_ln230_4_fu_824_p2" latency="0" BRAM="-1" DSP="-1" FF="0" LUT="8" fileDirectory="/home/npr29/hls6775/development/ece6775Final/refactored"&gt;&lt;\/item&gt;
<item  id="61" filename="helper.cpp" linenumber="230" name="xor_ln230_5" contextFuncName="addRoundKey" moduleName="aes_invMain" rtlName="xor_ln230_5_fu_830_p2" latency="0" BRAM="-1" DSP="-1" FF="0" LUT="8" fileDirectory="/home/npr29/hls6775/development/ece6775Final/refactored"&gt;&lt;\/item&gt;
<item  id="62" filename="helper.cpp" linenumber="230" name="xor_ln230_6" contextFuncName="addRoundKey" moduleName="aes_invMain" rtlName="xor_ln230_6_fu_836_p2" latency="0" BRAM="-1" DSP="-1" FF="0" LUT="8" fileDirectory="/home/npr29/hls6775/development/ece6775Final/refactored"&gt;&lt;\/item&gt;
<item  id="63" filename="helper.cpp" linenumber="230" name="xor_ln230_7" contextFuncName="addRoundKey" moduleName="aes_invMain" rtlName="xor_ln230_7_fu_842_p2" latency="0" BRAM="-1" DSP="-1" FF="0" LUT="8" fileDirectory="/home/npr29/hls6775/development/ece6775Final/refactored"&gt;&lt;\/item&gt;
<item  id="64" filename="helper.cpp" linenumber="230" name="xor_ln230_8" contextFuncName="addRoundKey" moduleName="aes_invMain" rtlName="xor_ln230_8_fu_848_p2" latency="0" BRAM="-1" DSP="-1" FF="0" LUT="8" fileDirectory="/home/npr29/hls6775/development/ece6775Final/refactored"&gt;&lt;\/item&gt;
<item  id="65" filename="helper.cpp" linenumber="230" name="xor_ln230_9" contextFuncName="addRoundKey" moduleName="aes_invMain" rtlName="xor_ln230_9_fu_854_p2" latency="0" BRAM="-1" DSP="-1" FF="0" LUT="8" fileDirectory="/home/npr29/hls6775/development/ece6775Final/refactored"&gt;&lt;\/item&gt;
<item  id="66" filename="helper.cpp" linenumber="230" name="xor_ln230_10" contextFuncName="addRoundKey" moduleName="aes_invMain" rtlName="xor_ln230_10_fu_860_p2" latency="0" BRAM="-1" DSP="-1" FF="0" LUT="8" fileDirectory="/home/npr29/hls6775/development/ece6775Final/refactored"&gt;&lt;\/item&gt;
<item  id="67" filename="helper.cpp" linenumber="230" name="xor_ln230_11" contextFuncName="addRoundKey" moduleName="aes_invMain" rtlName="xor_ln230_11_fu_866_p2" latency="0" BRAM="-1" DSP="-1" FF="0" LUT="8" fileDirectory="/home/npr29/hls6775/development/ece6775Final/refactored"&gt;&lt;\/item&gt;
<item  id="68" filename="helper.cpp" linenumber="230" name="xor_ln230_12" contextFuncName="addRoundKey" moduleName="aes_invMain" rtlName="xor_ln230_12_fu_872_p2" latency="0" BRAM="-1" DSP="-1" FF="0" LUT="8" fileDirectory="/home/npr29/hls6775/development/ece6775Final/refactored"&gt;&lt;\/item&gt;
<item  id="69" filename="helper.cpp" linenumber="230" name="xor_ln230_13" contextFuncName="addRoundKey" moduleName="aes_invMain" rtlName="xor_ln230_13_fu_878_p2" latency="0" BRAM="-1" DSP="-1" FF="0" LUT="8" fileDirectory="/home/npr29/hls6775/development/ece6775Final/refactored"&gt;&lt;\/item&gt;
<item  id="70" filename="helper.cpp" linenumber="230" name="xor_ln230_14" contextFuncName="addRoundKey" moduleName="aes_invMain" rtlName="xor_ln230_14_fu_884_p2" latency="0" BRAM="-1" DSP="-1" FF="0" LUT="8" fileDirectory="/home/npr29/hls6775/development/ece6775Final/refactored"&gt;&lt;\/item&gt;
<item  id="71" filename="helper.cpp" linenumber="230" name="xor_ln230_15" contextFuncName="addRoundKey" moduleName="aes_invMain" rtlName="xor_ln230_15_fu_890_p2" latency="0" BRAM="-1" DSP="-1" FF="0" LUT="8" fileDirectory="/home/npr29/hls6775/development/ece6775Final/refactored"&gt;&lt;\/item&gt;
<item  id="91" filename="decrypt.cpp" linenumber="35" name="icmp_ln35" contextFuncName="aes_invMain" moduleName="aes_invMain" rtlName="icmp_ln35_fu_896_p2" latency="0" BRAM="-1" DSP="-1" FF="0" LUT="9" fileDirectory="/home/npr29/hls6775/development/ece6775Final/refactored"&gt;&lt;\/item&gt;
<item  id="98" filename="decrypt.cpp" linenumber="37" name="shl_ln" contextFuncName="aes_invMain" moduleName="aes_invMain" rtlName="shl_ln_fu_902_p3" latency="0" BRAM="-1" DSP="-1" FF="-1" LUT="-1" fileDirectory="/home/npr29/hls6775/development/ece6775Final/refactored"&gt;&lt;\/item&gt;
<item  id="99" filename="decrypt.cpp" linenumber="37" name="zext_ln37" contextFuncName="aes_invMain" moduleName="aes_invMain" rtlName="zext_ln37_fu_910_p1" latency="0" BRAM="-1" DSP="-1" FF="-1" LUT="-1" fileDirectory="/home/npr29/hls6775/development/ece6775Final/refactored"&gt;&lt;\/item&gt;
<item  id="100" filename="decrypt.cpp" linenumber="37" name="call_ret8" contextFuncName="aes_invMain" moduleName="aes_invMain" rtlName="grp_createRoundKey_fu_641" latency="8" BRAM="-1" DSP="-1" FF="-1" LUT="-1" fileDirectory="/home/npr29/hls6775/development/ece6775Final/refactored"&gt;&lt;\/item&gt;
<item  id="117" filename="helper.cpp" linenumber="52" name="zext_ln52_16" contextFuncName="getSBoxInvert" moduleName="aes_invMain" rtlName="zext_ln52_16_fu_915_p1" latency="0" BRAM="-1" DSP="-1" FF="-1" LUT="-1" fileDirectory="/home/npr29/hls6775/development/ece6775Final/refactored"&gt;&lt;\/item&gt;
<item  id="120" filename="helper.cpp" linenumber="52" name="zext_ln52_17" contextFuncName="getSBoxInvert" moduleName="aes_invMain" rtlName="zext_ln52_17_fu_920_p1" latency="0" BRAM="-1" DSP="-1" FF="-1" LUT="-1" fileDirectory="/home/npr29/hls6775/development/ece6775Final/refactored"&gt;&lt;\/item&gt;
<item  id="123" filename="helper.cpp" linenumber="52" name="zext_ln52_18" contextFuncName="getSBoxInvert" moduleName="aes_invMain" rtlName="zext_ln52_18_fu_925_p1" latency="0" BRAM="-1" DSP="-1" FF="-1" LUT="-1" fileDirectory="/home/npr29/hls6775/development/ece6775Final/refactored"&gt;&lt;\/item&gt;
<item  id="126" filename="helper.cpp" linenumber="52" name="zext_ln52_19" contextFuncName="getSBoxInvert" moduleName="aes_invMain" rtlName="zext_ln52_19_fu_930_p1" latency="0" BRAM="-1" DSP="-1" FF="-1" LUT="-1" fileDirectory="/home/npr29/hls6775/development/ece6775Final/refactored"&gt;&lt;\/item&gt;
<item  id="129" filename="helper.cpp" linenumber="52" name="zext_ln52_20" contextFuncName="getSBoxInvert" moduleName="aes_invMain" rtlName="zext_ln52_20_fu_935_p1" latency="0" BRAM="-1" DSP="-1" FF="-1" LUT="-1" fileDirectory="/home/npr29/hls6775/development/ece6775Final/refactored"&gt;&lt;\/item&gt;
<item  id="132" filename="helper.cpp" linenumber="52" name="zext_ln52_21" contextFuncName="getSBoxInvert" moduleName="aes_invMain" rtlName="zext_ln52_21_fu_940_p1" latency="0" BRAM="-1" DSP="-1" FF="-1" LUT="-1" fileDirectory="/home/npr29/hls6775/development/ece6775Final/refactored"&gt;&lt;\/item&gt;
<item  id="135" filename="helper.cpp" linenumber="52" name="zext_ln52_22" contextFuncName="getSBoxInvert" moduleName="aes_invMain" rtlName="zext_ln52_22_fu_945_p1" latency="0" BRAM="-1" DSP="-1" FF="-1" LUT="-1" fileDirectory="/home/npr29/hls6775/development/ece6775Final/refactored"&gt;&lt;\/item&gt;
<item  id="138" filename="helper.cpp" linenumber="52" name="zext_ln52_23" contextFuncName="getSBoxInvert" moduleName="aes_invMain" rtlName="zext_ln52_23_fu_950_p1" latency="0" BRAM="-1" DSP="-1" FF="-1" LUT="-1" fileDirectory="/home/npr29/hls6775/development/ece6775Final/refactored"&gt;&lt;\/item&gt;
<item  id="141" filename="helper.cpp" linenumber="52" name="zext_ln52_24" contextFuncName="getSBoxInvert" moduleName="aes_invMain" rtlName="zext_ln52_24_fu_955_p1" latency="0" BRAM="-1" DSP="-1" FF="-1" LUT="-1" fileDirectory="/home/npr29/hls6775/development/ece6775Final/refactored"&gt;&lt;\/item&gt;
<item  id="144" filename="helper.cpp" linenumber="52" name="zext_ln52_25" contextFuncName="getSBoxInvert" moduleName="aes_invMain" rtlName="zext_ln52_25_fu_960_p1" latency="0" BRAM="-1" DSP="-1" FF="-1" LUT="-1" fileDirectory="/home/npr29/hls6775/development/ece6775Final/refactored"&gt;&lt;\/item&gt;
<item  id="147" filename="helper.cpp" linenumber="52" name="zext_ln52_26" contextFuncName="getSBoxInvert" moduleName="aes_invMain" rtlName="zext_ln52_26_fu_965_p1" latency="0" BRAM="-1" DSP="-1" FF="-1" LUT="-1" fileDirectory="/home/npr29/hls6775/development/ece6775Final/refactored"&gt;&lt;\/item&gt;
<item  id="150" filename="helper.cpp" linenumber="52" name="zext_ln52_27" contextFuncName="getSBoxInvert" moduleName="aes_invMain" rtlName="zext_ln52_27_fu_970_p1" latency="0" BRAM="-1" DSP="-1" FF="-1" LUT="-1" fileDirectory="/home/npr29/hls6775/development/ece6775Final/refactored"&gt;&lt;\/item&gt;
<item  id="153" filename="helper.cpp" linenumber="52" name="zext_ln52_28" contextFuncName="getSBoxInvert" moduleName="aes_invMain" rtlName="zext_ln52_28_fu_975_p1" latency="0" BRAM="-1" DSP="-1" FF="-1" LUT="-1" fileDirectory="/home/npr29/hls6775/development/ece6775Final/refactored"&gt;&lt;\/item&gt;
<item  id="156" filename="helper.cpp" linenumber="52" name="zext_ln52_29" contextFuncName="getSBoxInvert" moduleName="aes_invMain" rtlName="zext_ln52_29_fu_980_p1" latency="0" BRAM="-1" DSP="-1" FF="-1" LUT="-1" fileDirectory="/home/npr29/hls6775/development/ece6775Final/refactored"&gt;&lt;\/item&gt;
<item  id="159" filename="helper.cpp" linenumber="52" name="zext_ln52_30" contextFuncName="getSBoxInvert" moduleName="aes_invMain" rtlName="zext_ln52_30_fu_1047_p1" latency="0" BRAM="-1" DSP="-1" FF="-1" LUT="-1" fileDirectory="/home/npr29/hls6775/development/ece6775Final/refactored"&gt;&lt;\/item&gt;
<item  id="162" filename="helper.cpp" linenumber="52" name="zext_ln52_31" contextFuncName="getSBoxInvert" moduleName="aes_invMain" rtlName="zext_ln52_31_fu_1052_p1" latency="0" BRAM="-1" DSP="-1" FF="-1" LUT="-1" fileDirectory="/home/npr29/hls6775/development/ece6775Final/refactored"&gt;&lt;\/item&gt;
<item  id="165" filename="helper.cpp" linenumber="230" name="column_0_1" contextFuncName="addRoundKey" moduleName="aes_invMain" rtlName="column_0_1_fu_1057_p2" latency="0" BRAM="-1" DSP="-1" FF="0" LUT="8" fileDirectory="/home/npr29/hls6775/development/ece6775Final/refactored"&gt;&lt;\/item&gt;
<item  id="166" filename="helper.cpp" linenumber="230" name="column_0_2" contextFuncName="addRoundKey" moduleName="aes_invMain" rtlName="column_0_2_fu_1063_p2" latency="0" BRAM="-1" DSP="-1" FF="0" LUT="8" fileDirectory="/home/npr29/hls6775/development/ece6775Final/refactored"&gt;&lt;\/item&gt;
<item  id="167" filename="helper.cpp" linenumber="230" name="column_0_4" contextFuncName="addRoundKey" moduleName="aes_invMain" rtlName="column_0_4_fu_1069_p2" latency="0" BRAM="-1" DSP="-1" FF="0" LUT="8" fileDirectory="/home/npr29/hls6775/development/ece6775Final/refactored"&gt;&lt;\/item&gt;
<item  id="168" filename="helper.cpp" linenumber="230" name="column_0_6" contextFuncName="addRoundKey" moduleName="aes_invMain" rtlName="column_0_6_fu_1075_p2" latency="0" BRAM="-1" DSP="-1" FF="0" LUT="8" fileDirectory="/home/npr29/hls6775/development/ece6775Final/refactored"&gt;&lt;\/item&gt;
<item  id="169" filename="helper.cpp" linenumber="230" name="column_1_1" contextFuncName="addRoundKey" moduleName="aes_invMain" rtlName="column_1_1_fu_1081_p2" latency="0" BRAM="-1" DSP="-1" FF="0" LUT="8" fileDirectory="/home/npr29/hls6775/development/ece6775Final/refactored"&gt;&lt;\/item&gt;
<item  id="170" filename="helper.cpp" linenumber="230" name="column_1_2" contextFuncName="addRoundKey" moduleName="aes_invMain" rtlName="column_1_2_fu_1087_p2" latency="0" BRAM="-1" DSP="-1" FF="0" LUT="8" fileDirectory="/home/npr29/hls6775/development/ece6775Final/refactored"&gt;&lt;\/item&gt;
<item  id="171" filename="helper.cpp" linenumber="230" name="column_1_4" contextFuncName="addRoundKey" moduleName="aes_invMain" rtlName="column_1_4_fu_1093_p2" latency="0" BRAM="-1" DSP="-1" FF="0" LUT="8" fileDirectory="/home/npr29/hls6775/development/ece6775Final/refactored"&gt;&lt;\/item&gt;
<item  id="172" filename="helper.cpp" linenumber="230" name="column_1_6" contextFuncName="addRoundKey" moduleName="aes_invMain" rtlName="column_1_6_fu_1099_p2" latency="0" BRAM="-1" DSP="-1" FF="0" LUT="8" fileDirectory="/home/npr29/hls6775/development/ece6775Final/refactored"&gt;&lt;\/item&gt;
<item  id="173" filename="helper.cpp" linenumber="230" name="column_2_1" contextFuncName="addRoundKey" moduleName="aes_invMain" rtlName="column_2_1_fu_1105_p2" latency="0" BRAM="-1" DSP="-1" FF="0" LUT="8" fileDirectory="/home/npr29/hls6775/development/ece6775Final/refactored"&gt;&lt;\/item&gt;
<item  id="174" filename="helper.cpp" linenumber="230" name="column_2_2" contextFuncName="addRoundKey" moduleName="aes_invMain" rtlName="column_2_2_fu_1111_p2" latency="0" BRAM="-1" DSP="-1" FF="0" LUT="8" fileDirectory="/home/npr29/hls6775/development/ece6775Final/refactored"&gt;&lt;\/item&gt;
<item  id="175" filename="helper.cpp" linenumber="230" name="column_2_4" contextFuncName="addRoundKey" moduleName="aes_invMain" rtlName="column_2_4_fu_1117_p2" latency="0" BRAM="-1" DSP="-1" FF="0" LUT="8" fileDirectory="/home/npr29/hls6775/development/ece6775Final/refactored"&gt;&lt;\/item&gt;
<item  id="176" filename="helper.cpp" linenumber="230" name="column_2_6" contextFuncName="addRoundKey" moduleName="aes_invMain" rtlName="column_2_6_fu_1123_p2" latency="0" BRAM="-1" DSP="-1" FF="0" LUT="8" fileDirectory="/home/npr29/hls6775/development/ece6775Final/refactored"&gt;&lt;\/item&gt;
<item  id="177" filename="helper.cpp" linenumber="230" name="column_3_1" contextFuncName="addRoundKey" moduleName="aes_invMain" rtlName="column_3_1_fu_1129_p2" latency="0" BRAM="-1" DSP="-1" FF="0" LUT="8" fileDirectory="/home/npr29/hls6775/development/ece6775Final/refactored"&gt;&lt;\/item&gt;
<item  id="178" filename="helper.cpp" linenumber="230" name="column_3_2" contextFuncName="addRoundKey" moduleName="aes_invMain" rtlName="column_3_2_fu_1135_p2" latency="0" BRAM="-1" DSP="-1" FF="0" LUT="8" fileDirectory="/home/npr29/hls6775/development/ece6775Final/refactored"&gt;&lt;\/item&gt;
<item  id="179" filename="helper.cpp" linenumber="230" name="column_3_4" contextFuncName="addRoundKey" moduleName="aes_invMain" rtlName="column_3_4_fu_1147_p2" latency="0" BRAM="-1" DSP="-1" FF="0" LUT="8" fileDirectory="/home/npr29/hls6775/development/ece6775Final/refactored"&gt;&lt;\/item&gt;
<item  id="180" filename="helper.cpp" linenumber="230" name="column_3_6" contextFuncName="addRoundKey" moduleName="aes_invMain" rtlName="column_3_6_fu_1153_p2" latency="0" BRAM="-1" DSP="-1" FF="0" LUT="8" fileDirectory="/home/npr29/hls6775/development/ece6775Final/refactored"&gt;&lt;\/item&gt;
<item  id="181" filename="helper.cpp" linenumber="426" name="call_ret1_i_i" contextFuncName="invMixColumns" moduleName="aes_invMain" rtlName="grp_invMixColumn_fu_625" latency="0" BRAM="-1" DSP="-1" FF="-1" LUT="-1" fileDirectory="/home/npr29/hls6775/development/ece6775Final/refactored"&gt;&lt;\/item&gt;
<item  id="186" filename="helper.cpp" linenumber="426" name="call_ret2_i_i" contextFuncName="invMixColumns" moduleName="aes_invMain" rtlName="grp_invMixColumn_fu_633" latency="0" BRAM="-1" DSP="-1" FF="-1" LUT="-1" fileDirectory="/home/npr29/hls6775/development/ece6775Final/refactored"&gt;&lt;\/item&gt;
<item  id="191" filename="helper.cpp" linenumber="426" name="call_ret3_i_i" contextFuncName="invMixColumns" moduleName="aes_invMain" rtlName="grp_invMixColumn_fu_625" latency="0" BRAM="-1" DSP="-1" FF="-1" LUT="-1" fileDirectory="/home/npr29/hls6775/development/ece6775Final/refactored"&gt;&lt;\/item&gt;
<item  id="196" filename="helper.cpp" linenumber="426" name="call_ret_i_i" contextFuncName="invMixColumns" moduleName="aes_invMain" rtlName="grp_invMixColumn_fu_633" latency="0" BRAM="-1" DSP="-1" FF="-1" LUT="-1" fileDirectory="/home/npr29/hls6775/development/ece6775Final/refactored"&gt;&lt;\/item&gt;
<item  id="202" filename="decrypt.cpp" linenumber="35" name="add_ln35" contextFuncName="aes_invMain" moduleName="aes_invMain" rtlName="add_ln35_fu_985_p2" latency="0" BRAM="-1" DSP="-1" FF="0" LUT="13" fileDirectory="/home/npr29/hls6775/development/ece6775Final/refactored"&gt;&lt;\/item&gt;
<item  id="205" filename="decrypt.cpp" linenumber="41" name="call_ret1" contextFuncName="aes_invMain" moduleName="aes_invMain" rtlName="grp_createRoundKey_fu_641" latency="8" BRAM="-1" DSP="-1" FF="-1" LUT="-1" fileDirectory="/home/npr29/hls6775/development/ece6775Final/refactored"&gt;&lt;\/item&gt;
<item  id="222" filename="helper.cpp" linenumber="52" name="zext_ln52" contextFuncName="getSBoxInvert" moduleName="aes_invMain" rtlName="zext_ln52_fu_1159_p1" latency="0" BRAM="-1" DSP="-1" FF="-1" LUT="-1" fileDirectory="/home/npr29/hls6775/development/ece6775Final/refactored"&gt;&lt;\/item&gt;
<item  id="225" filename="helper.cpp" linenumber="52" name="zext_ln52_1" contextFuncName="getSBoxInvert" moduleName="aes_invMain" rtlName="zext_ln52_1_fu_1164_p1" latency="0" BRAM="-1" DSP="-1" FF="-1" LUT="-1" fileDirectory="/home/npr29/hls6775/development/ece6775Final/refactored"&gt;&lt;\/item&gt;
<item  id="228" filename="helper.cpp" linenumber="52" name="zext_ln52_2" contextFuncName="getSBoxInvert" moduleName="aes_invMain" rtlName="zext_ln52_2_fu_1169_p1" latency="0" BRAM="-1" DSP="-1" FF="-1" LUT="-1" fileDirectory="/home/npr29/hls6775/development/ece6775Final/refactored"&gt;&lt;\/item&gt;
<item  id="231" filename="helper.cpp" linenumber="52" name="zext_ln52_3" contextFuncName="getSBoxInvert" moduleName="aes_invMain" rtlName="zext_ln52_3_fu_1174_p1" latency="0" BRAM="-1" DSP="-1" FF="-1" LUT="-1" fileDirectory="/home/npr29/hls6775/development/ece6775Final/refactored"&gt;&lt;\/item&gt;
<item  id="234" filename="helper.cpp" linenumber="52" name="zext_ln52_4" contextFuncName="getSBoxInvert" moduleName="aes_invMain" rtlName="zext_ln52_4_fu_1179_p1" latency="0" BRAM="-1" DSP="-1" FF="-1" LUT="-1" fileDirectory="/home/npr29/hls6775/development/ece6775Final/refactored"&gt;&lt;\/item&gt;
<item  id="237" filename="helper.cpp" linenumber="52" name="zext_ln52_5" contextFuncName="getSBoxInvert" moduleName="aes_invMain" rtlName="zext_ln52_5_fu_1184_p1" latency="0" BRAM="-1" DSP="-1" FF="-1" LUT="-1" fileDirectory="/home/npr29/hls6775/development/ece6775Final/refactored"&gt;&lt;\/item&gt;
<item  id="240" filename="helper.cpp" linenumber="52" name="zext_ln52_6" contextFuncName="getSBoxInvert" moduleName="aes_invMain" rtlName="zext_ln52_6_fu_1189_p1" latency="0" BRAM="-1" DSP="-1" FF="-1" LUT="-1" fileDirectory="/home/npr29/hls6775/development/ece6775Final/refactored"&gt;&lt;\/item&gt;
<item  id="243" filename="helper.cpp" linenumber="52" name="zext_ln52_7" contextFuncName="getSBoxInvert" moduleName="aes_invMain" rtlName="zext_ln52_7_fu_1194_p1" latency="0" BRAM="-1" DSP="-1" FF="-1" LUT="-1" fileDirectory="/home/npr29/hls6775/development/ece6775Final/refactored"&gt;&lt;\/item&gt;
<item  id="246" filename="helper.cpp" linenumber="52" name="zext_ln52_8" contextFuncName="getSBoxInvert" moduleName="aes_invMain" rtlName="zext_ln52_8_fu_1199_p1" latency="0" BRAM="-1" DSP="-1" FF="-1" LUT="-1" fileDirectory="/home/npr29/hls6775/development/ece6775Final/refactored"&gt;&lt;\/item&gt;
<item  id="249" filename="helper.cpp" linenumber="52" name="zext_ln52_9" contextFuncName="getSBoxInvert" moduleName="aes_invMain" rtlName="zext_ln52_9_fu_1204_p1" latency="0" BRAM="-1" DSP="-1" FF="-1" LUT="-1" fileDirectory="/home/npr29/hls6775/development/ece6775Final/refactored"&gt;&lt;\/item&gt;
<item  id="252" filename="helper.cpp" linenumber="52" name="zext_ln52_10" contextFuncName="getSBoxInvert" moduleName="aes_invMain" rtlName="zext_ln52_10_fu_1209_p1" latency="0" BRAM="-1" DSP="-1" FF="-1" LUT="-1" fileDirectory="/home/npr29/hls6775/development/ece6775Final/refactored"&gt;&lt;\/item&gt;
<item  id="255" filename="helper.cpp" linenumber="52" name="zext_ln52_11" contextFuncName="getSBoxInvert" moduleName="aes_invMain" rtlName="zext_ln52_11_fu_1214_p1" latency="0" BRAM="-1" DSP="-1" FF="-1" LUT="-1" fileDirectory="/home/npr29/hls6775/development/ece6775Final/refactored"&gt;&lt;\/item&gt;
<item  id="258" filename="helper.cpp" linenumber="52" name="zext_ln52_12" contextFuncName="getSBoxInvert" moduleName="aes_invMain" rtlName="zext_ln52_12_fu_1219_p1" latency="0" BRAM="-1" DSP="-1" FF="-1" LUT="-1" fileDirectory="/home/npr29/hls6775/development/ece6775Final/refactored"&gt;&lt;\/item&gt;
<item  id="261" filename="helper.cpp" linenumber="52" name="zext_ln52_13" contextFuncName="getSBoxInvert" moduleName="aes_invMain" rtlName="zext_ln52_13_fu_1224_p1" latency="0" BRAM="-1" DSP="-1" FF="-1" LUT="-1" fileDirectory="/home/npr29/hls6775/development/ece6775Final/refactored"&gt;&lt;\/item&gt;
<item  id="264" filename="helper.cpp" linenumber="52" name="zext_ln52_14" contextFuncName="getSBoxInvert" moduleName="aes_invMain" rtlName="zext_ln52_14_fu_1229_p1" latency="0" BRAM="-1" DSP="-1" FF="-1" LUT="-1" fileDirectory="/home/npr29/hls6775/development/ece6775Final/refactored"&gt;&lt;\/item&gt;
<item  id="267" filename="helper.cpp" linenumber="52" name="zext_ln52_15" contextFuncName="getSBoxInvert" moduleName="aes_invMain" rtlName="zext_ln52_15_fu_1234_p1" latency="0" BRAM="-1" DSP="-1" FF="-1" LUT="-1" fileDirectory="/home/npr29/hls6775/development/ece6775Final/refactored"&gt;&lt;\/item&gt;
<item  id="270" filename="helper.cpp" linenumber="230" name="xor_ln230_16" contextFuncName="addRoundKey" moduleName="aes_invMain" rtlName="xor_ln230_16_fu_1303_p2" latency="0" BRAM="-1" DSP="-1" FF="0" LUT="8" fileDirectory="/home/npr29/hls6775/development/ece6775Final/refactored"&gt;&lt;\/item&gt;
<item  id="271" filename="helper.cpp" linenumber="230" name="xor_ln230_17" contextFuncName="addRoundKey" moduleName="aes_invMain" rtlName="xor_ln230_17_fu_1309_p2" latency="0" BRAM="-1" DSP="-1" FF="0" LUT="8" fileDirectory="/home/npr29/hls6775/development/ece6775Final/refactored"&gt;&lt;\/item&gt;
<item  id="272" filename="helper.cpp" linenumber="230" name="xor_ln230_18" contextFuncName="addRoundKey" moduleName="aes_invMain" rtlName="xor_ln230_18_fu_1315_p2" latency="0" BRAM="-1" DSP="-1" FF="0" LUT="8" fileDirectory="/home/npr29/hls6775/development/ece6775Final/refactored"&gt;&lt;\/item&gt;
<item  id="273" filename="helper.cpp" linenumber="230" name="xor_ln230_19" contextFuncName="addRoundKey" moduleName="aes_invMain" rtlName="xor_ln230_19_fu_1321_p2" latency="0" BRAM="-1" DSP="-1" FF="0" LUT="8" fileDirectory="/home/npr29/hls6775/development/ece6775Final/refactored"&gt;&lt;\/item&gt;
<item  id="274" filename="helper.cpp" linenumber="230" name="xor_ln230_20" contextFuncName="addRoundKey" moduleName="aes_invMain" rtlName="xor_ln230_20_fu_1327_p2" latency="0" BRAM="-1" DSP="-1" FF="0" LUT="8" fileDirectory="/home/npr29/hls6775/development/ece6775Final/refactored"&gt;&lt;\/item&gt;
<item  id="275" filename="helper.cpp" linenumber="230" name="xor_ln230_21" contextFuncName="addRoundKey" moduleName="aes_invMain" rtlName="xor_ln230_21_fu_1333_p2" latency="0" BRAM="-1" DSP="-1" FF="0" LUT="8" fileDirectory="/home/npr29/hls6775/development/ece6775Final/refactored"&gt;&lt;\/item&gt;
<item  id="276" filename="helper.cpp" linenumber="230" name="xor_ln230_22" contextFuncName="addRoundKey" moduleName="aes_invMain" rtlName="xor_ln230_22_fu_1339_p2" latency="0" BRAM="-1" DSP="-1" FF="0" LUT="8" fileDirectory="/home/npr29/hls6775/development/ece6775Final/refactored"&gt;&lt;\/item&gt;
<item  id="277" filename="helper.cpp" linenumber="230" name="xor_ln230_23" contextFuncName="addRoundKey" moduleName="aes_invMain" rtlName="xor_ln230_23_fu_1345_p2" latency="0" BRAM="-1" DSP="-1" FF="0" LUT="8" fileDirectory="/home/npr29/hls6775/development/ece6775Final/refactored"&gt;&lt;\/item&gt;
<item  id="278" filename="helper.cpp" linenumber="230" name="xor_ln230_24" contextFuncName="addRoundKey" moduleName="aes_invMain" rtlName="xor_ln230_24_fu_1351_p2" latency="0" BRAM="-1" DSP="-1" FF="0" LUT="8" fileDirectory="/home/npr29/hls6775/development/ece6775Final/refactored"&gt;&lt;\/item&gt;
<item  id="279" filename="helper.cpp" linenumber="230" name="xor_ln230_25" contextFuncName="addRoundKey" moduleName="aes_invMain" rtlName="xor_ln230_25_fu_1357_p2" latency="0" BRAM="-1" DSP="-1" FF="0" LUT="8" fileDirectory="/home/npr29/hls6775/development/ece6775Final/refactored"&gt;&lt;\/item&gt;
<item  id="280" filename="helper.cpp" linenumber="230" name="xor_ln230_26" contextFuncName="addRoundKey" moduleName="aes_invMain" rtlName="xor_ln230_26_fu_1363_p2" latency="0" BRAM="-1" DSP="-1" FF="0" LUT="8" fileDirectory="/home/npr29/hls6775/development/ece6775Final/refactored"&gt;&lt;\/item&gt;
<item  id="281" filename="helper.cpp" linenumber="230" name="xor_ln230_27" contextFuncName="addRoundKey" moduleName="aes_invMain" rtlName="xor_ln230_27_fu_1369_p2" latency="0" BRAM="-1" DSP="-1" FF="0" LUT="8" fileDirectory="/home/npr29/hls6775/development/ece6775Final/refactored"&gt;&lt;\/item&gt;
<item  id="282" filename="helper.cpp" linenumber="230" name="xor_ln230_28" contextFuncName="addRoundKey" moduleName="aes_invMain" rtlName="xor_ln230_28_fu_1375_p2" latency="0" BRAM="-1" DSP="-1" FF="0" LUT="8" fileDirectory="/home/npr29/hls6775/development/ece6775Final/refactored"&gt;&lt;\/item&gt;
<item  id="283" filename="helper.cpp" linenumber="230" name="xor_ln230_29" contextFuncName="addRoundKey" moduleName="aes_invMain" rtlName="xor_ln230_29_fu_1381_p2" latency="0" BRAM="-1" DSP="-1" FF="0" LUT="8" fileDirectory="/home/npr29/hls6775/development/ece6775Final/refactored"&gt;&lt;\/item&gt;
<item  id="284" filename="helper.cpp" linenumber="230" name="xor_ln230_30" contextFuncName="addRoundKey" moduleName="aes_invMain" rtlName="xor_ln230_30_fu_1387_p2" latency="0" BRAM="-1" DSP="-1" FF="0" LUT="8" fileDirectory="/home/npr29/hls6775/development/ece6775Final/refactored"&gt;&lt;\/item&gt;
<item  id="285" filename="helper.cpp" linenumber="230" name="xor_ln230_31" contextFuncName="addRoundKey" moduleName="aes_invMain" rtlName="xor_ln230_31_fu_1393_p2" latency="0" BRAM="-1" DSP="-1" FF="0" LUT="8" fileDirectory="/home/npr29/hls6775/development/ece6775Final/refactored"&gt;&lt;\/item&gt;
<item  id="103" filename="decrypt.cpp" linenumber="57" name="expandedKey_0" contextFuncName="aes_decrypt" moduleName="aes_decrypt" rtlName="expandedKey_0_U" latency="0" BRAM="-1" DSP="-1" FF="-1" LUT="-1" fileDirectory="/home/npr29/hls6775/development/ece6775Final/refactored"&gt;&lt;\/item&gt;
<item  id="104" filename="decrypt.cpp" linenumber="57" name="expandedKey_1" contextFuncName="aes_decrypt" moduleName="aes_decrypt" rtlName="expandedKey_1_U" latency="0" BRAM="-1" DSP="-1" FF="-1" LUT="-1" fileDirectory="/home/npr29/hls6775/development/ece6775Final/refactored"&gt;&lt;\/item&gt;
<item  id="105" filename="decrypt.cpp" linenumber="57" name="expandedKey_2" contextFuncName="aes_decrypt" moduleName="aes_decrypt" rtlName="expandedKey_2_U" latency="0" BRAM="-1" DSP="-1" FF="-1" LUT="-1" fileDirectory="/home/npr29/hls6775/development/ece6775Final/refactored"&gt;&lt;\/item&gt;
<item  id="106" filename="decrypt.cpp" linenumber="57" name="expandedKey_3" contextFuncName="aes_decrypt" moduleName="aes_decrypt" rtlName="expandedKey_3_U" latency="0" BRAM="-1" DSP="-1" FF="-1" LUT="-1" fileDirectory="/home/npr29/hls6775/development/ece6775Final/refactored"&gt;&lt;\/item&gt;
<item  id="110" filename="decrypt.cpp" linenumber="74" name="icmp_ln74" contextFuncName="aes_decrypt" moduleName="aes_decrypt" rtlName="icmp_ln74_fu_706_p2" latency="0" BRAM="-1" DSP="-1" FF="0" LUT="9" fileDirectory="/home/npr29/hls6775/development/ece6775Final/refactored"&gt;&lt;\/item&gt;
<item  id="112" filename="decrypt.cpp" linenumber="74" name="i" contextFuncName="aes_decrypt" moduleName="aes_decrypt" rtlName="i_fu_712_p2" latency="0" BRAM="-1" DSP="-1" FF="0" LUT="12" fileDirectory="/home/npr29/hls6775/development/ece6775Final/refactored"&gt;&lt;\/item&gt;
<item  id="115" filename="decrypt.cpp" linenumber="79" name="zext_ln79" contextFuncName="aes_decrypt" moduleName="aes_decrypt" rtlName="zext_ln79_fu_718_p1" latency="0" BRAM="-1" DSP="-1" FF="-1" LUT="-1" fileDirectory="/home/npr29/hls6775/development/ece6775Final/refactored"&gt;&lt;\/item&gt;
<item  id="116" filename="decrypt.cpp" linenumber="79" name="trunc_ln79" contextFuncName="aes_decrypt" moduleName="aes_decrypt" rtlName="trunc_ln79_fu_722_p1" latency="0" BRAM="-1" DSP="-1" FF="-1" LUT="-1" fileDirectory="/home/npr29/hls6775/development/ece6775Final/refactored"&gt;&lt;\/item&gt;
<item  id="117" filename="decrypt.cpp" linenumber="79" name="shl_ln" contextFuncName="aes_decrypt" moduleName="aes_decrypt" rtlName="shl_ln_fu_726_p3" latency="0" BRAM="-1" DSP="-1" FF="-1" LUT="-1" fileDirectory="/home/npr29/hls6775/development/ece6775Final/refactored"&gt;&lt;\/item&gt;
<item  id="121" filename="decrypt.cpp" linenumber="77" name="icmp_ln77" contextFuncName="aes_decrypt" moduleName="aes_decrypt" rtlName="icmp_ln77_fu_734_p2" latency="0" BRAM="-1" DSP="-1" FF="0" LUT="9" fileDirectory="/home/npr29/hls6775/development/ece6775Final/refactored"&gt;&lt;\/item&gt;
<item  id="123" filename="decrypt.cpp" linenumber="77" name="j" contextFuncName="aes_decrypt" moduleName="aes_decrypt" rtlName="j_fu_740_p2" latency="0" BRAM="-1" DSP="-1" FF="0" LUT="12" fileDirectory="/home/npr29/hls6775/development/ece6775Final/refactored"&gt;&lt;\/item&gt;
<item  id="142" filename="decrypt.cpp" linenumber="79" name="zext_ln79_1" contextFuncName="aes_decrypt" moduleName="aes_decrypt" rtlName="zext_ln79_1_fu_746_p1" latency="0" BRAM="-1" DSP="-1" FF="-1" LUT="-1" fileDirectory="/home/npr29/hls6775/development/ece6775Final/refactored"&gt;&lt;\/item&gt;
<item  id="143" filename="decrypt.cpp" linenumber="79" name="add_ln79" contextFuncName="aes_decrypt" moduleName="aes_decrypt" rtlName="tmp_fu_755_p17" latency="0" BRAM="-1" DSP="-1" FF="0" LUT="13" fileDirectory="/home/npr29/hls6775/development/ece6775Final/refactored"&gt;&lt;\/item&gt;
<item  id="144" filename="decrypt.cpp" linenumber="79" name="tmp" contextFuncName="aes_decrypt" moduleName="aes_decrypt" rtlName="decrypt_dut_mux_1g8j_U60" latency="0" BRAM="-1" DSP="-1" FF="-1" LUT="-1" fileDirectory="/home/npr29/hls6775/development/ece6775Final/refactored"&gt;&lt;\/item&gt;
<item  id="145" filename="decrypt.cpp" linenumber="79" name="trunc_ln79_1" contextFuncName="aes_decrypt" moduleName="aes_decrypt" rtlName="trunc_ln79_1_fu_777_p1" latency="0" BRAM="-1" DSP="-1" FF="-1" LUT="-1" fileDirectory="/home/npr29/hls6775/development/ece6775Final/refactored"&gt;&lt;\/item&gt;
<item  id="146" filename="decrypt.cpp" linenumber="79" name="shl_ln79_1" contextFuncName="aes_decrypt" moduleName="aes_decrypt" rtlName="shl_ln79_1_fu_781_p3" latency="0" BRAM="-1" DSP="-1" FF="-1" LUT="-1" fileDirectory="/home/npr29/hls6775/development/ece6775Final/refactored"&gt;&lt;\/item&gt;
<item  id="147" filename="decrypt.cpp" linenumber="79" name="add_ln79_1" contextFuncName="aes_decrypt" moduleName="aes_decrypt" rtlName="add_ln79_1_fu_789_p2" latency="0" BRAM="-1" DSP="-1" FF="0" LUT="13" fileDirectory="/home/npr29/hls6775/development/ece6775Final/refactored"&gt;&lt;\/item&gt;
<item  id="148" filename="decrypt.cpp" linenumber="79" name="block_s" contextFuncName="aes_decrypt" moduleName="aes_decrypt" rtlName="decrypt_dut_mux_1g8j_U61" latency="0" BRAM="-1" DSP="-1" FF="-1" LUT="-1" fileDirectory="/home/npr29/hls6775/development/ece6775Final/refactored"&gt;&lt;\/item&gt;
<item  id="149" filename="decrypt.cpp" linenumber="79" name="block_1" contextFuncName="aes_decrypt" moduleName="aes_decrypt" rtlName="decrypt_dut_mux_1g8j_U62" latency="0" BRAM="-1" DSP="-1" FF="-1" LUT="-1" fileDirectory="/home/npr29/hls6775/development/ece6775Final/refactored"&gt;&lt;\/item&gt;
<item  id="150" filename="decrypt.cpp" linenumber="79" name="block_2" contextFuncName="aes_decrypt" moduleName="aes_decrypt" rtlName="decrypt_dut_mux_1g8j_U63" latency="0" BRAM="-1" DSP="-1" FF="-1" LUT="-1" fileDirectory="/home/npr29/hls6775/development/ece6775Final/refactored"&gt;&lt;\/item&gt;
<item  id="151" filename="decrypt.cpp" linenumber="79" name="block_3" contextFuncName="aes_decrypt" moduleName="aes_decrypt" rtlName="decrypt_dut_mux_1g8j_U64" latency="0" BRAM="-1" DSP="-1" FF="-1" LUT="-1" fileDirectory="/home/npr29/hls6775/development/ece6775Final/refactored"&gt;&lt;\/item&gt;
<item  id="152" filename="decrypt.cpp" linenumber="79" name="block_4" contextFuncName="aes_decrypt" moduleName="aes_decrypt" rtlName="decrypt_dut_mux_1g8j_U65" latency="0" BRAM="-1" DSP="-1" FF="-1" LUT="-1" fileDirectory="/home/npr29/hls6775/development/ece6775Final/refactored"&gt;&lt;\/item&gt;
<item  id="153" filename="decrypt.cpp" linenumber="79" name="block_5" contextFuncName="aes_decrypt" moduleName="aes_decrypt" rtlName="decrypt_dut_mux_1g8j_U66" latency="0" BRAM="-1" DSP="-1" FF="-1" LUT="-1" fileDirectory="/home/npr29/hls6775/development/ece6775Final/refactored"&gt;&lt;\/item&gt;
<item  id="154" filename="decrypt.cpp" linenumber="79" name="block_6" contextFuncName="aes_decrypt" moduleName="aes_decrypt" rtlName="decrypt_dut_mux_1g8j_U67" latency="0" BRAM="-1" DSP="-1" FF="-1" LUT="-1" fileDirectory="/home/npr29/hls6775/development/ece6775Final/refactored"&gt;&lt;\/item&gt;
<item  id="155" filename="decrypt.cpp" linenumber="79" name="block_7" contextFuncName="aes_decrypt" moduleName="aes_decrypt" rtlName="decrypt_dut_mux_1g8j_U68" latency="0" BRAM="-1" DSP="-1" FF="-1" LUT="-1" fileDirectory="/home/npr29/hls6775/development/ece6775Final/refactored"&gt;&lt;\/item&gt;
<item  id="156" filename="decrypt.cpp" linenumber="79" name="block_8" contextFuncName="aes_decrypt" moduleName="aes_decrypt" rtlName="decrypt_dut_mux_1g8j_U69" latency="0" BRAM="-1" DSP="-1" FF="-1" LUT="-1" fileDirectory="/home/npr29/hls6775/development/ece6775Final/refactored"&gt;&lt;\/item&gt;
<item  id="157" filename="decrypt.cpp" linenumber="79" name="block_9" contextFuncName="aes_decrypt" moduleName="aes_decrypt" rtlName="decrypt_dut_mux_1g8j_U70" latency="0" BRAM="-1" DSP="-1" FF="-1" LUT="-1" fileDirectory="/home/npr29/hls6775/development/ece6775Final/refactored"&gt;&lt;\/item&gt;
<item  id="158" filename="decrypt.cpp" linenumber="79" name="block_10" contextFuncName="aes_decrypt" moduleName="aes_decrypt" rtlName="decrypt_dut_mux_1g8j_U71" latency="0" BRAM="-1" DSP="-1" FF="-1" LUT="-1" fileDirectory="/home/npr29/hls6775/development/ece6775Final/refactored"&gt;&lt;\/item&gt;
<item  id="159" filename="decrypt.cpp" linenumber="79" name="block_11" contextFuncName="aes_decrypt" moduleName="aes_decrypt" rtlName="decrypt_dut_mux_1g8j_U72" latency="0" BRAM="-1" DSP="-1" FF="-1" LUT="-1" fileDirectory="/home/npr29/hls6775/development/ece6775Final/refactored"&gt;&lt;\/item&gt;
<item  id="160" filename="decrypt.cpp" linenumber="79" name="block_12" contextFuncName="aes_decrypt" moduleName="aes_decrypt" rtlName="decrypt_dut_mux_1g8j_U73" latency="0" BRAM="-1" DSP="-1" FF="-1" LUT="-1" fileDirectory="/home/npr29/hls6775/development/ece6775Final/refactored"&gt;&lt;\/item&gt;
<item  id="161" filename="decrypt.cpp" linenumber="79" name="block_13" contextFuncName="aes_decrypt" moduleName="aes_decrypt" rtlName="decrypt_dut_mux_1g8j_U74" latency="0" BRAM="-1" DSP="-1" FF="-1" LUT="-1" fileDirectory="/home/npr29/hls6775/development/ece6775Final/refactored"&gt;&lt;\/item&gt;
<item  id="162" filename="decrypt.cpp" linenumber="79" name="block_14" contextFuncName="aes_decrypt" moduleName="aes_decrypt" rtlName="decrypt_dut_mux_1g8j_U75" latency="0" BRAM="-1" DSP="-1" FF="-1" LUT="-1" fileDirectory="/home/npr29/hls6775/development/ece6775Final/refactored"&gt;&lt;\/item&gt;
<item  id="163" filename="decrypt.cpp" linenumber="79" name="block_15" contextFuncName="aes_decrypt" moduleName="aes_decrypt" rtlName="decrypt_dut_mux_1g8j_U76" latency="0" BRAM="-1" DSP="-1" FF="-1" LUT="-1" fileDirectory="/home/npr29/hls6775/development/ece6775Final/refactored"&gt;&lt;\/item&gt;
<item  id="200" filename="decrypt.cpp" linenumber="84" name="_ln84" contextFuncName="aes_decrypt" moduleName="aes_decrypt" rtlName="grp_expandKey_fu_614" latency="1" BRAM="-1" DSP="-1" FF="-1" LUT="-1" fileDirectory="/home/npr29/hls6775/development/ece6775Final/refactored"&gt;&lt;\/item&gt;
<item  id="201" filename="decrypt.cpp" linenumber="87" name="call_ret" contextFuncName="aes_decrypt" moduleName="aes_decrypt" rtlName="grp_aes_invMain_fu_588" latency="1" BRAM="-1" DSP="-1" FF="-1" LUT="-1" fileDirectory="/home/npr29/hls6775/development/ece6775Final/refactored"&gt;&lt;\/item&gt;
<item  id="221" filename="decrypt.cpp" linenumber="90" name="icmp_ln90" contextFuncName="aes_decrypt" moduleName="aes_decrypt" rtlName="icmp_ln90_fu_1546_p2" latency="0" BRAM="-1" DSP="-1" FF="0" LUT="9" fileDirectory="/home/npr29/hls6775/development/ece6775Final/refactored"&gt;&lt;\/item&gt;
<item  id="223" filename="decrypt.cpp" linenumber="90" name="i_2" contextFuncName="aes_decrypt" moduleName="aes_decrypt" rtlName="i_2_fu_1552_p2" latency="0" BRAM="-1" DSP="-1" FF="0" LUT="12" fileDirectory="/home/npr29/hls6775/development/ece6775Final/refactored"&gt;&lt;\/item&gt;
<item  id="226" filename="decrypt.cpp" linenumber="95" name="zext_ln95" contextFuncName="aes_decrypt" moduleName="aes_decrypt" rtlName="zext_ln95_fu_1558_p1" latency="0" BRAM="-1" DSP="-1" FF="-1" LUT="-1" fileDirectory="/home/npr29/hls6775/development/ece6775Final/refactored"&gt;&lt;\/item&gt;
<item  id="227" filename="decrypt.cpp" linenumber="95" name="trunc_ln95" contextFuncName="aes_decrypt" moduleName="aes_decrypt" rtlName="trunc_ln95_fu_1562_p1" latency="0" BRAM="-1" DSP="-1" FF="-1" LUT="-1" fileDirectory="/home/npr29/hls6775/development/ece6775Final/refactored"&gt;&lt;\/item&gt;
<item  id="228" filename="decrypt.cpp" linenumber="95" name="shl_ln1" contextFuncName="aes_decrypt" moduleName="aes_decrypt" rtlName="shl_ln1_fu_1566_p3" latency="0" BRAM="-1" DSP="-1" FF="-1" LUT="-1" fileDirectory="/home/npr29/hls6775/development/ece6775Final/refactored"&gt;&lt;\/item&gt;
<item  id="232" filename="decrypt.cpp" linenumber="93" name="icmp_ln93" contextFuncName="aes_decrypt" moduleName="aes_decrypt" rtlName="icmp_ln93_fu_1574_p2" latency="0" BRAM="-1" DSP="-1" FF="0" LUT="9" fileDirectory="/home/npr29/hls6775/development/ece6775Final/refactored"&gt;&lt;\/item&gt;
<item  id="234" filename="decrypt.cpp" linenumber="93" name="j_2" contextFuncName="aes_decrypt" moduleName="aes_decrypt" rtlName="j_2_fu_1580_p2" latency="0" BRAM="-1" DSP="-1" FF="0" LUT="12" fileDirectory="/home/npr29/hls6775/development/ece6775Final/refactored"&gt;&lt;\/item&gt;
<item  id="237" filename="decrypt.cpp" linenumber="95" name="zext_ln95_1" contextFuncName="aes_decrypt" moduleName="aes_decrypt" rtlName="zext_ln95_1_fu_1586_p1" latency="0" BRAM="-1" DSP="-1" FF="-1" LUT="-1" fileDirectory="/home/npr29/hls6775/development/ece6775Final/refactored"&gt;&lt;\/item&gt;
<item  id="238" filename="decrypt.cpp" linenumber="95" name="trunc_ln95_1" contextFuncName="aes_decrypt" moduleName="aes_decrypt" rtlName="trunc_ln95_1_fu_1590_p1" latency="0" BRAM="-1" DSP="-1" FF="-1" LUT="-1" fileDirectory="/home/npr29/hls6775/development/ece6775Final/refactored"&gt;&lt;\/item&gt;
<item  id="239" filename="decrypt.cpp" linenumber="95" name="shl_ln95_1" contextFuncName="aes_decrypt" moduleName="aes_decrypt" rtlName="shl_ln95_1_fu_1594_p3" latency="0" BRAM="-1" DSP="-1" FF="-1" LUT="-1" fileDirectory="/home/npr29/hls6775/development/ece6775Final/refactored"&gt;&lt;\/item&gt;
<item  id="240" filename="decrypt.cpp" linenumber="95" name="add_ln95" contextFuncName="aes_decrypt" moduleName="aes_decrypt" rtlName="tmp_s_fu_1607_p17" latency="0" BRAM="-1" DSP="-1" FF="0" LUT="13" fileDirectory="/home/npr29/hls6775/development/ece6775Final/refactored"&gt;&lt;\/item&gt;
<item  id="241" filename="decrypt.cpp" linenumber="95" name="tmp_s" contextFuncName="aes_decrypt" moduleName="aes_decrypt" rtlName="decrypt_dut_mux_1g8j_U77" latency="0" BRAM="-1" DSP="-1" FF="-1" LUT="-1" fileDirectory="/home/npr29/hls6775/development/ece6775Final/refactored"&gt;&lt;\/item&gt;
<item  id="242" filename="decrypt.cpp" linenumber="95" name="add_ln95_1" contextFuncName="aes_decrypt" moduleName="aes_decrypt" rtlName="add_ln95_1_fu_1645_p2" latency="0" BRAM="-1" DSP="-1" FF="0" LUT="13" fileDirectory="/home/npr29/hls6775/development/ece6775Final/refactored"&gt;&lt;\/item&gt;
<item  id="136" filename="decrypt.cpp" linenumber="13" name="_ln13" contextFuncName="decrypt_dut" moduleName="decrypt_dut" rtlName="grp_aes_decrypt_fu_304" latency="1" BRAM="-1" DSP="-1" FF="-1" LUT="-1" fileDirectory="/home/npr29/hls6775/development/ece6775Final/refactored"><\/item>
</annotationInfo>
