<profile>

<section name = "Vivado HLS Report for 'expandKey'" level="0">
<item name = "Date">Fri Dec 13 14:47:15 2024
</item>
<item name = "Version">2019.2 (Build 2704478 on Wed Nov 06 22:10:23 MST 2019)</item>
<item name = "Project">decrypt.prj</item>
<item name = "Solution">solution1</item>
<item name = "Product family">zynq</item>
<item name = "Target device">xc7z020-clg484-1</item>
</section>

<section name = "Performance Estimates" level="0">
<item name = "Timing">
<section name = "" level="1">
<item name = "Summary"><table name="" hasTotal="0">
<keys size="4">Clock, Target, Estimated, Uncertainty</keys>
<column name="ap_clk">10.00 ns, 6.824 ns, 1.25 ns</column>
</table>
</item>
</section>
</item>
<item name = "Latency">
<section name = "" level="1">
<item name = "Summary"><table name="" hasTotal="0">
<keys size="8">, min, max, min, max, min, max, Type</keys>
<column name="">164, 164, 1.640 us, 1.640 us, 164, 164, none</column>
</table>
</item>
<item name = "Detail">
<section name = "" level="1">
<item name = "Instance"><table name="" hasTotal="0">
<keys size="9">Instance, Module, min, max, min, max, min, max, Type</keys>
</table>
</item>
<item name = "Loop"><table name="" hasTotal="0">
<keys size="8">Loop Name, min, max, Latency, achieved, target, Count, Pipelined</keys>
<column name="- EX_WHILE">161, 161, 6, 4, 1, 40, yes</column>
</table>
</item>
</section>
</item>
</section>
</item>
</section>

<section name = "Utilization Estimates" level="0">
<item name = "Summary"><table name="" hasTotal="1">
<keys size="6">Name, BRAM_18K, DSP48E, FF, LUT, URAM</keys>
<column name="DSP">-, -, -, -, -</column>
<column name="Expression">-, -, 0, 331, -</column>
<column name="FIFO">-, -, -, -, -</column>
<column name="Instance">-, -, -, -, -</column>
<column name="Memory">2, -, 0, 0, -</column>
<column name="Multiplexer">-, -, -, 449, -</column>
<column name="Register">-, -, 177, -, -</column>
<specialColumn name="Available">280, 220, 106400, 53200, 0</specialColumn>
<specialColumn name="Utilization (%)">~0, 0, ~0, 1, 0</specialColumn>
</table>
</item>
<item name = "Detail">
<section name = "" level="1">
<item name = "Instance"><table name="" hasTotal="1">
<keys size="7">Instance, Module, BRAM_18K, DSP48E, FF, LUT, URAM</keys>
</table>
</item>
<item name = "DSP48E"><table name="" hasTotal="0">
<keys size="3">Instance, Module, Expression</keys>
</table>
</item>
<item name = "Memory"><table name="" hasTotal="1">
<keys size="10">Memory, Module, BRAM_18K, FF, LUT, URAM, Words, Bits, Banks, W*Bits*Banks</keys>
<column name="Rcon_U">expandKey_Rcon, 1, 0, 0, 0, 255, 8, 1, 2040</column>
<column name="sbox_U">expandKey_sbox, 1, 0, 0, 0, 256, 8, 1, 2048</column>
</table>
</item>
<item name = "FIFO"><table name="" hasTotal="1">
<keys size="8">Name, BRAM_18K, FF, LUT, URAM, Depth, Bits, Size:D*B</keys>
</table>
</item>
<item name = "Expression"><table name="" hasTotal="1">
<keys size="7">Variable Name, Operation, DSP48E, FF, LUT, Bitwidth P0, Bitwidth P1</keys>
<column name="add_ln142_1_fu_745_p2">+, 0, 0, 15, 3, 8</column>
<column name="add_ln142_2_fu_771_p2">+, 0, 0, 15, 3, 8</column>
<column name="add_ln142_3_fu_604_p2">+, 0, 0, 15, 2, 8</column>
<column name="add_ln142_fu_583_p2">+, 0, 0, 15, 4, 8</column>
<column name="add_ln164_1_fu_685_p2">+, 0, 0, 15, 6, 9</column>
<column name="add_ln164_2_fu_873_p2">+, 0, 0, 15, 5, 9</column>
<column name="add_ln164_3_fu_720_p2">+, 0, 0, 15, 6, 9</column>
<column name="add_ln164_fu_654_p2">+, 0, 0, 15, 6, 8</column>
<column name="add_ln166_fu_868_p2">+, 0, 0, 15, 1, 9</column>
<column name="currentSize_fu_840_p2">+, 0, 0, 15, 3, 8</column>
<column name="rconIteration_fu_631_p2">+, 0, 0, 39, 1, 32</column>
<column name="icmp_ln136_fu_573_p2">icmp, 0, 0, 11, 8, 8</column>
<column name="icmp_ln147_fu_625_p2">icmp, 0, 0, 9, 4, 1</column>
<column name="or_ln166_1_fu_710_p2">or, 0, 0, 8, 8, 2</column>
<column name="or_ln166_fu_675_p2">or, 0, 0, 8, 8, 1</column>
<column name="rconIteration_1_fu_646_p3">select, 0, 0, 32, 1, 32</column>
<column name="t_0_2_fu_834_p3">select, 0, 0, 8, 1, 8</column>
<column name="t_1_2_fu_856_p3">select, 0, 0, 8, 1, 8</column>
<column name="t_2_2_fu_907_p3">select, 0, 0, 8, 1, 8</column>
<column name="t_3_2_fu_797_p3">select, 0, 0, 8, 1, 8</column>
<column name="ap_enable_pp0">xor, 0, 0, 2, 1, 2</column>
<column name="t_0_fu_829_p2">xor, 0, 0, 8, 8, 8</column>
<column name="xor_ln165_1_fu_862_p2">xor, 0, 0, 8, 8, 8</column>
<column name="xor_ln165_2_fu_913_p2">xor, 0, 0, 8, 8, 8</column>
<column name="xor_ln165_3_fu_818_p2">xor, 0, 0, 8, 8, 8</column>
<column name="xor_ln165_fu_846_p2">xor, 0, 0, 8, 8, 8</column>
</table>
</item>
<item name = "Multiplexer"><table name="" hasTotal="1">
<keys size="5">Name, LUT, Input Size, Bits, Total Bits</keys>
<column name="ap_NS_fsm">41, 8, 1, 8</column>
<column name="ap_enable_reg_pp0_iter1">9, 2, 1, 2</column>
<column name="ap_phi_mux_currentSize_0_phi_fu_554_p4">9, 2, 8, 16</column>
<column name="ap_phi_mux_iteration_assign_phi_fu_566_p4">9, 2, 32, 64</column>
<column name="currentSize_0_reg_550">9, 2, 8, 16</column>
<column name="expandedKey_0_address0">27, 5, 6, 30</column>
<column name="expandedKey_0_address1">21, 4, 6, 24</column>
<column name="expandedKey_0_d0">21, 4, 8, 32</column>
<column name="expandedKey_0_d1">15, 3, 8, 24</column>
<column name="expandedKey_1_address0">27, 5, 6, 30</column>
<column name="expandedKey_1_address1">21, 4, 6, 24</column>
<column name="expandedKey_1_d0">15, 3, 8, 24</column>
<column name="expandedKey_1_d1">21, 4, 8, 32</column>
<column name="expandedKey_2_address0">27, 5, 6, 30</column>
<column name="expandedKey_2_address1">21, 4, 6, 24</column>
<column name="expandedKey_2_d0">15, 3, 8, 24</column>
<column name="expandedKey_2_d1">21, 4, 8, 32</column>
<column name="expandedKey_3_address0">27, 5, 6, 30</column>
<column name="expandedKey_3_address1">21, 4, 6, 24</column>
<column name="expandedKey_3_d0">21, 4, 8, 32</column>
<column name="expandedKey_3_d1">15, 3, 8, 24</column>
<column name="iteration_assign_reg_562">9, 2, 32, 64</column>
<column name="sbox_address0">27, 5, 8, 40</column>
</table>
</item>
<item name = "Register"><table name="" hasTotal="1">
<keys size="5">Name, FF, LUT, Bits, Const Bits</keys>
<column name="Rcon_load_reg_998">8, 0, 8, 0</column>
<column name="ap_CS_fsm">7, 0, 7, 0</column>
<column name="ap_enable_reg_pp0_iter0">1, 0, 1, 0</column>
<column name="ap_enable_reg_pp0_iter1">1, 0, 1, 0</column>
<column name="currentSize_0_reg_550">8, 0, 8, 0</column>
<column name="currentSize_reg_1049">8, 0, 8, 0</column>
<column name="expandedKey_0_load_reg_1003">8, 0, 8, 0</column>
<column name="expandedKey_1_load_reg_1008">8, 0, 8, 0</column>
<column name="expandedKey_3_load_reg_1013">8, 0, 8, 0</column>
<column name="icmp_ln136_reg_924">1, 0, 1, 0</column>
<column name="icmp_ln136_reg_924_pp0_iter1_reg">1, 0, 1, 0</column>
<column name="icmp_ln147_reg_938">1, 0, 1, 0</column>
<column name="icmp_ln147_reg_938_pp0_iter1_reg">1, 0, 1, 0</column>
<column name="iteration_assign_reg_562">32, 0, 32, 0</column>
<column name="lshr_ln165_1_reg_1064">7, 0, 7, 0</column>
<column name="rconIteration_1_reg_951">32, 0, 32, 0</column>
<column name="t_0_3_reg_977">8, 0, 8, 0</column>
<column name="t_1_1_reg_1018">8, 0, 8, 0</column>
<column name="t_2_1_reg_1039">8, 0, 8, 0</column>
<column name="t_3_1_reg_987">8, 0, 8, 0</column>
<column name="zext_ln165_reg_1033">6, 0, 64, 58</column>
<column name="zext_ln166_reg_961">7, 0, 9, 2</column>
</table>
</item>
</section>
</item>
</section>

<section name = "Interface" level="0">
<item name = "Summary"><table name="" hasTotal="0">
<keys size="6">RTL Ports, Dir, Bits, Protocol, Source Object, C Type</keys>
<column name="ap_clk">in, 1, ap_ctrl_hs, expandKey, return value</column>
<column name="ap_rst">in, 1, ap_ctrl_hs, expandKey, return value</column>
<column name="ap_start">in, 1, ap_ctrl_hs, expandKey, return value</column>
<column name="ap_done">out, 1, ap_ctrl_hs, expandKey, return value</column>
<column name="ap_idle">out, 1, ap_ctrl_hs, expandKey, return value</column>
<column name="ap_ready">out, 1, ap_ctrl_hs, expandKey, return value</column>
<column name="expandedKey_0_address0">out, 6, ap_memory, expandedKey_0, array</column>
<column name="expandedKey_0_ce0">out, 1, ap_memory, expandedKey_0, array</column>
<column name="expandedKey_0_we0">out, 1, ap_memory, expandedKey_0, array</column>
<column name="expandedKey_0_d0">out, 8, ap_memory, expandedKey_0, array</column>
<column name="expandedKey_0_q0">in, 8, ap_memory, expandedKey_0, array</column>
<column name="expandedKey_0_address1">out, 6, ap_memory, expandedKey_0, array</column>
<column name="expandedKey_0_ce1">out, 1, ap_memory, expandedKey_0, array</column>
<column name="expandedKey_0_we1">out, 1, ap_memory, expandedKey_0, array</column>
<column name="expandedKey_0_d1">out, 8, ap_memory, expandedKey_0, array</column>
<column name="expandedKey_0_q1">in, 8, ap_memory, expandedKey_0, array</column>
<column name="expandedKey_1_address0">out, 6, ap_memory, expandedKey_1, array</column>
<column name="expandedKey_1_ce0">out, 1, ap_memory, expandedKey_1, array</column>
<column name="expandedKey_1_we0">out, 1, ap_memory, expandedKey_1, array</column>
<column name="expandedKey_1_d0">out, 8, ap_memory, expandedKey_1, array</column>
<column name="expandedKey_1_q0">in, 8, ap_memory, expandedKey_1, array</column>
<column name="expandedKey_1_address1">out, 6, ap_memory, expandedKey_1, array</column>
<column name="expandedKey_1_ce1">out, 1, ap_memory, expandedKey_1, array</column>
<column name="expandedKey_1_we1">out, 1, ap_memory, expandedKey_1, array</column>
<column name="expandedKey_1_d1">out, 8, ap_memory, expandedKey_1, array</column>
<column name="expandedKey_2_address0">out, 6, ap_memory, expandedKey_2, array</column>
<column name="expandedKey_2_ce0">out, 1, ap_memory, expandedKey_2, array</column>
<column name="expandedKey_2_we0">out, 1, ap_memory, expandedKey_2, array</column>
<column name="expandedKey_2_d0">out, 8, ap_memory, expandedKey_2, array</column>
<column name="expandedKey_2_q0">in, 8, ap_memory, expandedKey_2, array</column>
<column name="expandedKey_2_address1">out, 6, ap_memory, expandedKey_2, array</column>
<column name="expandedKey_2_ce1">out, 1, ap_memory, expandedKey_2, array</column>
<column name="expandedKey_2_we1">out, 1, ap_memory, expandedKey_2, array</column>
<column name="expandedKey_2_d1">out, 8, ap_memory, expandedKey_2, array</column>
<column name="expandedKey_3_address0">out, 6, ap_memory, expandedKey_3, array</column>
<column name="expandedKey_3_ce0">out, 1, ap_memory, expandedKey_3, array</column>
<column name="expandedKey_3_we0">out, 1, ap_memory, expandedKey_3, array</column>
<column name="expandedKey_3_d0">out, 8, ap_memory, expandedKey_3, array</column>
<column name="expandedKey_3_q0">in, 8, ap_memory, expandedKey_3, array</column>
<column name="expandedKey_3_address1">out, 6, ap_memory, expandedKey_3, array</column>
<column name="expandedKey_3_ce1">out, 1, ap_memory, expandedKey_3, array</column>
<column name="expandedKey_3_we1">out, 1, ap_memory, expandedKey_3, array</column>
<column name="expandedKey_3_d1">out, 8, ap_memory, expandedKey_3, array</column>
<column name="expandedKey_3_q1">in, 8, ap_memory, expandedKey_3, array</column>
<column name="key_0_read">in, 8, ap_none, key_0_read, scalar</column>
<column name="key_1_read">in, 8, ap_none, key_1_read, scalar</column>
<column name="key_2_read">in, 8, ap_none, key_2_read, scalar</column>
<column name="key_3_read">in, 8, ap_none, key_3_read, scalar</column>
<column name="key_4_read">in, 8, ap_none, key_4_read, scalar</column>
<column name="key_5_read">in, 8, ap_none, key_5_read, scalar</column>
<column name="key_6_read">in, 8, ap_none, key_6_read, scalar</column>
<column name="key_7_read">in, 8, ap_none, key_7_read, scalar</column>
<column name="key_8_read">in, 8, ap_none, key_8_read, scalar</column>
<column name="key_9_read">in, 8, ap_none, key_9_read, scalar</column>
<column name="key_10_read">in, 8, ap_none, key_10_read, scalar</column>
<column name="key_11_read">in, 8, ap_none, key_11_read, scalar</column>
<column name="key_12_read">in, 8, ap_none, key_12_read, scalar</column>
<column name="key_13_read">in, 8, ap_none, key_13_read, scalar</column>
<column name="key_14_read">in, 8, ap_none, key_14_read, scalar</column>
<column name="key_15_read">in, 8, ap_none, key_15_read, scalar</column>
</table>
</item>
</section>
</profile>
