<profile>

<section name = "Vivado HLS Report for 'galois_multiplicatio'" level="0">
<item name = "Date">Fri Dec 13 14:47:16 2024
</item>
<item name = "Version">2019.2 (Build 2704478 on Wed Nov 06 22:10:23 MST 2019)</item>
<item name = "Project">decrypt.prj</item>
<item name = "Solution">solution1</item>
<item name = "Product family">zynq</item>
<item name = "Target device">xc7z020-clg484-1</item>
</section>

<section name = "Performance Estimates" level="0">
<item name = "Timing">
<section name = "" level="1">
<item name = "Summary"><table name="" hasTotal="0">
<keys size="4">Clock, Target, Estimated, Uncertainty</keys>
<column name="ap_clk">10.00 ns, 4.992 ns, 1.25 ns</column>
</table>
</item>
</section>
</item>
<item name = "Latency">
<section name = "" level="1">
<item name = "Summary"><table name="" hasTotal="0">
<keys size="8">, min, max, min, max, min, max, Type</keys>
<column name="">0, 0, 0 ns, 0 ns, 1, 1, function</column>
</table>
</item>
<item name = "Detail">
<section name = "" level="1">
<item name = "Instance"><table name="" hasTotal="0">
<keys size="9">Instance, Module, min, max, min, max, min, max, Type</keys>
</table>
</item>
<item name = "Loop"><table name="" hasTotal="0">
<keys size="8">Loop Name, min, max, Latency, achieved, target, Count, Pipelined</keys>
</table>
</item>
</section>
</item>
</section>
</item>
</section>

<section name = "Utilization Estimates" level="0">
<item name = "Summary"><table name="" hasTotal="1">
<keys size="6">Name, BRAM_18K, DSP48E, FF, LUT, URAM</keys>
<column name="DSP">-, -, -, -, -</column>
<column name="Expression">-, -, 0, 104, -</column>
<column name="FIFO">-, -, -, -, -</column>
<column name="Instance">-, -, -, -, -</column>
<column name="Memory">-, -, -, -, -</column>
<column name="Multiplexer">-, -, -, -, -</column>
<column name="Register">-, -, -, -, -</column>
<specialColumn name="Available">280, 220, 106400, 53200, 0</specialColumn>
<specialColumn name="Utilization (%)">0, 0, 0, ~0, 0</specialColumn>
</table>
</item>
<item name = "Detail">
<section name = "" level="1">
<item name = "Instance"><table name="" hasTotal="1">
<keys size="7">Instance, Module, BRAM_18K, DSP48E, FF, LUT, URAM</keys>
</table>
</item>
<item name = "DSP48E"><table name="" hasTotal="0">
<keys size="3">Instance, Module, Expression</keys>
</table>
</item>
<item name = "Memory"><table name="" hasTotal="1">
<keys size="10">Memory, Module, BRAM_18K, FF, LUT, URAM, Words, Bits, Banks, W*Bits*Banks</keys>
</table>
</item>
<item name = "FIFO"><table name="" hasTotal="1">
<keys size="8">Name, BRAM_18K, FF, LUT, URAM, Depth, Bits, Size:D*B</keys>
</table>
</item>
<item name = "Expression"><table name="" hasTotal="1">
<keys size="7">Variable Name, Operation, DSP48E, FF, LUT, Bitwidth P0, Bitwidth P1</keys>
<column name="select_ln239_1_fu_86_p3">select, 0, 0, 8, 1, 8</column>
<column name="select_ln239_2_fu_130_p3">select, 0, 0, 8, 1, 8</column>
<column name="select_ln239_3_fu_174_p3">select, 0, 0, 8, 1, 8</column>
<column name="select_ln239_fu_42_p3">select, 0, 0, 8, 1, 8</column>
<column name="select_ln243_1_fu_114_p3">select, 0, 0, 8, 1, 8</column>
<column name="select_ln243_2_fu_158_p3">select, 0, 0, 8, 1, 8</column>
<column name="select_ln243_fu_70_p3">select, 0, 0, 8, 1, 8</column>
<column name="ap_return">xor, 0, 0, 8, 8, 8</column>
<column name="xor_ln239_1_fu_188_p2">xor, 0, 0, 8, 8, 8</column>
<column name="xor_ln239_fu_182_p2">xor, 0, 0, 8, 8, 8</column>
<column name="xor_ln244_1_fu_108_p2">xor, 0, 0, 8, 8, 5</column>
<column name="xor_ln244_2_fu_152_p2">xor, 0, 0, 8, 8, 5</column>
<column name="xor_ln244_fu_64_p2">xor, 0, 0, 8, 8, 5</column>
</table>
</item>
<item name = "Multiplexer"><table name="" hasTotal="1">
<keys size="5">Name, LUT, Input Size, Bits, Total Bits</keys>
</table>
</item>
<item name = "Register"><table name="" hasTotal="1">
<keys size="5">Name, FF, LUT, Bits, Const Bits</keys>
</table>
</item>
</section>
</item>
</section>

<section name = "Interface" level="0">
<item name = "Summary"><table name="" hasTotal="0">
<keys size="6">RTL Ports, Dir, Bits, Protocol, Source Object, C Type</keys>
<column name="ap_ready">out, 1, ap_ctrl_hs, galois_multiplicatio, return value</column>
<column name="ap_return">out, 8, ap_ctrl_hs, galois_multiplicatio, return value</column>
<column name="a">in, 8, ap_none, a, scalar</column>
<column name="b">in, 5, ap_none, b, scalar</column>
</table>
</item>
</section>
</profile>
