<stg><name>galois_multiplicatio</name>


<trans_list>
</trans_list>



<state_list>

<state id="1" st_id="1">

<operation id="2" st_id="1" stage="1" lat="1">
<core>NULL</core>
<MemPortIdVec></MemPortIdVec>
<condition id="-1">
<or_exp><and_exp></and_exp></or_exp>
</condition>

<Node id="3" bw="5" op_0_bw="5" op_1_bw="5">
<![CDATA[
:0  %b_read = call i5 @_ssdm_op_Read.ap_auto.i5(i5 %b) nounwind

]]></Node>
<StgValue><ssdm name="b_read"/></StgValue>
</operation>

<operation id="3" st_id="1" stage="1" lat="1">
<core>NULL</core>
<MemPortIdVec></MemPortIdVec>
<condition id="-1">
<or_exp><and_exp></and_exp></or_exp>
</condition>

<Node id="4" bw="8" op_0_bw="8" op_1_bw="8">
<![CDATA[
:1  %a_read = call i8 @_ssdm_op_Read.ap_auto.i8(i8 %a) nounwind

]]></Node>
<StgValue><ssdm name="a_read"/></StgValue>
</operation>

<operation id="4" st_id="1" stage="1" lat="1">
<core>NULL</core>
<MemPortIdVec></MemPortIdVec>
<condition id="-1">
<or_exp><and_exp></and_exp></or_exp>
</condition>

<Node id="5" bw="1" op_0_bw="5">
<![CDATA[
:2  %trunc_ln239 = trunc i5 %b_read to i1

]]></Node>
<StgValue><ssdm name="trunc_ln239"/></StgValue>
</operation>

<operation id="5" st_id="1" stage="1" lat="1">
<core>Sel</core>
<MemPortIdVec></MemPortIdVec>
<condition id="-1">
<or_exp><and_exp></and_exp></or_exp>
</condition>

<Node id="6" bw="8" op_0_bw="1" op_1_bw="8" op_2_bw="8">
<![CDATA[
:3  %select_ln239 = select i1 %trunc_ln239, i8 %a_read, i8 0

]]></Node>
<StgValue><ssdm name="select_ln239"/></StgValue>
</operation>

<operation id="6" st_id="1" stage="1" lat="1">
<core>NULL</core>
<MemPortIdVec></MemPortIdVec>
<condition id="-1">
<or_exp><and_exp></and_exp></or_exp>
</condition>

<Node id="7" bw="8" op_0_bw="8" op_1_bw="8">
<![CDATA[
:4  %shl_ln242 = shl i8 %a_read, 1

]]></Node>
<StgValue><ssdm name="shl_ln242"/></StgValue>
</operation>

<operation id="7" st_id="1" stage="1" lat="1">
<core>NULL</core>
<MemPortIdVec></MemPortIdVec>
<condition id="-1">
<or_exp><and_exp></and_exp></or_exp>
</condition>

<Node id="8" bw="1" op_0_bw="1" op_1_bw="8" op_2_bw="32">
<![CDATA[
:5  %tmp = call i1 @_ssdm_op_BitSelect.i1.i8.i32(i8 %a_read, i32 7)

]]></Node>
<StgValue><ssdm name="tmp"/></StgValue>
</operation>

<operation id="8" st_id="1" stage="1" lat="1">
<core>LogicGate</core>
<MemPortIdVec></MemPortIdVec>
<condition id="-1">
<or_exp><and_exp><literal name="tmp" val="1"/>
</and_exp></or_exp>
</condition>

<Node id="9" bw="8" op_0_bw="8" op_1_bw="8">
<![CDATA[
:6  %xor_ln244 = xor i8 %shl_ln242, 27

]]></Node>
<StgValue><ssdm name="xor_ln244"/></StgValue>
</operation>

<operation id="9" st_id="1" stage="1" lat="1">
<core>Sel</core>
<MemPortIdVec></MemPortIdVec>
<condition id="-1">
<or_exp><and_exp></and_exp></or_exp>
</condition>

<Node id="10" bw="8" op_0_bw="1" op_1_bw="8" op_2_bw="8">
<![CDATA[
:7  %select_ln243 = select i1 %tmp, i8 %xor_ln244, i8 %shl_ln242

]]></Node>
<StgValue><ssdm name="select_ln243"/></StgValue>
</operation>

<operation id="10" st_id="1" stage="1" lat="1">
<core>NULL</core>
<MemPortIdVec></MemPortIdVec>
<condition id="-1">
<or_exp><and_exp></and_exp></or_exp>
</condition>

<Node id="11" bw="1" op_0_bw="1" op_1_bw="5" op_2_bw="32">
<![CDATA[
:8  %tmp_1 = call i1 @_ssdm_op_BitSelect.i1.i5.i32(i5 %b_read, i32 1)

]]></Node>
<StgValue><ssdm name="tmp_1"/></StgValue>
</operation>

<operation id="11" st_id="1" stage="1" lat="1">
<core>Sel</core>
<MemPortIdVec></MemPortIdVec>
<condition id="-1">
<or_exp><and_exp></and_exp></or_exp>
</condition>

<Node id="12" bw="8" op_0_bw="1" op_1_bw="8" op_2_bw="8">
<![CDATA[
:9  %select_ln239_1 = select i1 %tmp_1, i8 %select_ln243, i8 0

]]></Node>
<StgValue><ssdm name="select_ln239_1"/></StgValue>
</operation>

<operation id="12" st_id="1" stage="1" lat="1">
<core>NULL</core>
<MemPortIdVec></MemPortIdVec>
<condition id="-1">
<or_exp><and_exp></and_exp></or_exp>
</condition>

<Node id="13" bw="8" op_0_bw="8" op_1_bw="8">
<![CDATA[
:10  %shl_ln242_1 = shl i8 %select_ln243, 1

]]></Node>
<StgValue><ssdm name="shl_ln242_1"/></StgValue>
</operation>

<operation id="13" st_id="1" stage="1" lat="1">
<core>NULL</core>
<MemPortIdVec></MemPortIdVec>
<condition id="-1">
<or_exp><and_exp></and_exp></or_exp>
</condition>

<Node id="14" bw="1" op_0_bw="1" op_1_bw="8" op_2_bw="32">
<![CDATA[
:11  %tmp_2 = call i1 @_ssdm_op_BitSelect.i1.i8.i32(i8 %select_ln243, i32 7)

]]></Node>
<StgValue><ssdm name="tmp_2"/></StgValue>
</operation>

<operation id="14" st_id="1" stage="1" lat="1">
<core>LogicGate</core>
<MemPortIdVec></MemPortIdVec>
<condition id="-1">
<or_exp><and_exp><literal name="tmp_2" val="1"/>
</and_exp></or_exp>
</condition>

<Node id="15" bw="8" op_0_bw="8" op_1_bw="8">
<![CDATA[
:12  %xor_ln244_1 = xor i8 %shl_ln242_1, 27

]]></Node>
<StgValue><ssdm name="xor_ln244_1"/></StgValue>
</operation>

<operation id="15" st_id="1" stage="1" lat="1">
<core>Sel</core>
<MemPortIdVec></MemPortIdVec>
<condition id="-1">
<or_exp><and_exp></and_exp></or_exp>
</condition>

<Node id="16" bw="8" op_0_bw="1" op_1_bw="8" op_2_bw="8">
<![CDATA[
:13  %select_ln243_1 = select i1 %tmp_2, i8 %xor_ln244_1, i8 %shl_ln242_1

]]></Node>
<StgValue><ssdm name="select_ln243_1"/></StgValue>
</operation>

<operation id="16" st_id="1" stage="1" lat="1">
<core>NULL</core>
<MemPortIdVec></MemPortIdVec>
<condition id="-1">
<or_exp><and_exp></and_exp></or_exp>
</condition>

<Node id="17" bw="1" op_0_bw="1" op_1_bw="5" op_2_bw="32">
<![CDATA[
:14  %tmp_3 = call i1 @_ssdm_op_BitSelect.i1.i5.i32(i5 %b_read, i32 2)

]]></Node>
<StgValue><ssdm name="tmp_3"/></StgValue>
</operation>

<operation id="17" st_id="1" stage="1" lat="1">
<core>Sel</core>
<MemPortIdVec></MemPortIdVec>
<condition id="-1">
<or_exp><and_exp></and_exp></or_exp>
</condition>

<Node id="18" bw="8" op_0_bw="1" op_1_bw="8" op_2_bw="8">
<![CDATA[
:15  %select_ln239_2 = select i1 %tmp_3, i8 %select_ln243_1, i8 0

]]></Node>
<StgValue><ssdm name="select_ln239_2"/></StgValue>
</operation>

<operation id="18" st_id="1" stage="1" lat="1">
<core>NULL</core>
<MemPortIdVec></MemPortIdVec>
<condition id="-1">
<or_exp><and_exp><literal name="tmp_5" val="1"/>
</and_exp></or_exp>
</condition>

<Node id="19" bw="8" op_0_bw="8" op_1_bw="8">
<![CDATA[
:16  %shl_ln242_2 = shl i8 %select_ln243_1, 1

]]></Node>
<StgValue><ssdm name="shl_ln242_2"/></StgValue>
</operation>

<operation id="19" st_id="1" stage="1" lat="1">
<core>NULL</core>
<MemPortIdVec></MemPortIdVec>
<condition id="-1">
<or_exp><and_exp><literal name="tmp_5" val="1"/>
</and_exp></or_exp>
</condition>

<Node id="20" bw="1" op_0_bw="1" op_1_bw="8" op_2_bw="32">
<![CDATA[
:17  %tmp_4 = call i1 @_ssdm_op_BitSelect.i1.i8.i32(i8 %select_ln243_1, i32 7)

]]></Node>
<StgValue><ssdm name="tmp_4"/></StgValue>
</operation>

<operation id="20" st_id="1" stage="1" lat="1">
<core>LogicGate</core>
<MemPortIdVec></MemPortIdVec>
<condition id="-1">
<or_exp><and_exp><literal name="tmp_4" val="1"/>
<literal name="tmp_5" val="1"/>
</and_exp></or_exp>
</condition>

<Node id="21" bw="8" op_0_bw="8" op_1_bw="8">
<![CDATA[
:18  %xor_ln244_2 = xor i8 %shl_ln242_2, 27

]]></Node>
<StgValue><ssdm name="xor_ln244_2"/></StgValue>
</operation>

<operation id="21" st_id="1" stage="1" lat="1">
<core>Sel</core>
<MemPortIdVec></MemPortIdVec>
<condition id="-1">
<or_exp><and_exp><literal name="tmp_5" val="1"/>
</and_exp></or_exp>
</condition>

<Node id="22" bw="8" op_0_bw="1" op_1_bw="8" op_2_bw="8">
<![CDATA[
:19  %select_ln243_2 = select i1 %tmp_4, i8 %xor_ln244_2, i8 %shl_ln242_2

]]></Node>
<StgValue><ssdm name="select_ln243_2"/></StgValue>
</operation>

<operation id="22" st_id="1" stage="1" lat="1">
<core>NULL</core>
<MemPortIdVec></MemPortIdVec>
<condition id="-1">
<or_exp><and_exp></and_exp></or_exp>
</condition>

<Node id="23" bw="1" op_0_bw="1" op_1_bw="5" op_2_bw="32">
<![CDATA[
:20  %tmp_5 = call i1 @_ssdm_op_BitSelect.i1.i5.i32(i5 %b_read, i32 3)

]]></Node>
<StgValue><ssdm name="tmp_5"/></StgValue>
</operation>

<operation id="23" st_id="1" stage="1" lat="1">
<core>Sel</core>
<MemPortIdVec></MemPortIdVec>
<condition id="-1">
<or_exp><and_exp></and_exp></or_exp>
</condition>

<Node id="24" bw="8" op_0_bw="1" op_1_bw="8" op_2_bw="8">
<![CDATA[
:21  %select_ln239_3 = select i1 %tmp_5, i8 %select_ln243_2, i8 0

]]></Node>
<StgValue><ssdm name="select_ln239_3"/></StgValue>
</operation>

<operation id="24" st_id="1" stage="1" lat="1">
<core>LogicGate</core>
<MemPortIdVec></MemPortIdVec>
<condition id="-1">
<or_exp><and_exp></and_exp></or_exp>
</condition>

<Node id="25" bw="8" op_0_bw="8" op_1_bw="8">
<![CDATA[
:22  %xor_ln239 = xor i8 %select_ln239, %select_ln239_2

]]></Node>
<StgValue><ssdm name="xor_ln239"/></StgValue>
</operation>

<operation id="25" st_id="1" stage="1" lat="1">
<core>LogicGate</core>
<MemPortIdVec></MemPortIdVec>
<condition id="-1">
<or_exp><and_exp></and_exp></or_exp>
</condition>

<Node id="26" bw="8" op_0_bw="8" op_1_bw="8">
<![CDATA[
:23  %xor_ln239_1 = xor i8 %xor_ln239, %select_ln239_1

]]></Node>
<StgValue><ssdm name="xor_ln239_1"/></StgValue>
</operation>

<operation id="26" st_id="1" stage="1" lat="1">
<core>LogicGate</core>
<MemPortIdVec></MemPortIdVec>
<condition id="-1">
<or_exp><and_exp></and_exp></or_exp>
</condition>

<Node id="27" bw="8" op_0_bw="8" op_1_bw="8">
<![CDATA[
:24  %xor_ln239_2 = xor i8 %select_ln239_3, %xor_ln239_1

]]></Node>
<StgValue><ssdm name="xor_ln239_2"/></StgValue>
</operation>

<operation id="27" st_id="1" stage="1" lat="1">
<core>NULL</core>
<MemPortIdVec></MemPortIdVec>
<condition id="-1">
<or_exp><and_exp></and_exp></or_exp>
</condition>

<Node id="28" bw="0" op_0_bw="8">
<![CDATA[
:25  ret i8 %xor_ln239_2

]]></Node>
<StgValue><ssdm name="ret_ln247"/></StgValue>
</operation>
</state>
</state_list>


<ports>
<port id="29" name="a" dir="0" iftype="0">
<core>NULL</core><StgValue><ssdm name="a"/></StgValue>
</port>
<port id="30" name="b" dir="0" iftype="0">
<core>NULL</core><StgValue><ssdm name="b"/></StgValue>
</port>
</ports>


<dataflows>
<dataflow id="32" from="_ssdm_op_Read.ap_auto.i5" to="b_read" fromId="31" toId="2">
</dataflow>
<dataflow id="33" from="b" to="b_read" fromId="30" toId="2">
</dataflow>
<dataflow id="35" from="_ssdm_op_Read.ap_auto.i8" to="a_read" fromId="34" toId="3">
</dataflow>
<dataflow id="36" from="a" to="a_read" fromId="29" toId="3">
</dataflow>
<dataflow id="37" from="b_read" to="trunc_ln239" fromId="2" toId="4">
</dataflow>
<dataflow id="38" from="trunc_ln239" to="select_ln239" fromId="4" toId="5">
</dataflow>
<dataflow id="39" from="a_read" to="select_ln239" fromId="3" toId="5">
</dataflow>
<dataflow id="41" from="StgValue_40" to="select_ln239" fromId="40" toId="5">
</dataflow>
<dataflow id="42" from="a_read" to="shl_ln242" fromId="3" toId="6">
</dataflow>
<dataflow id="44" from="StgValue_43" to="shl_ln242" fromId="43" toId="6">
</dataflow>
<dataflow id="46" from="_ssdm_op_BitSelect.i1.i8.i32" to="tmp" fromId="45" toId="7">
</dataflow>
<dataflow id="47" from="a_read" to="tmp" fromId="3" toId="7">
</dataflow>
<dataflow id="49" from="StgValue_48" to="tmp" fromId="48" toId="7">
</dataflow>
<dataflow id="50" from="shl_ln242" to="xor_ln244" fromId="6" toId="8">
</dataflow>
<dataflow id="52" from="StgValue_51" to="xor_ln244" fromId="51" toId="8">
</dataflow>
<dataflow id="53" from="tmp" to="select_ln243" fromId="7" toId="9">
</dataflow>
<dataflow id="54" from="xor_ln244" to="select_ln243" fromId="8" toId="9">
</dataflow>
<dataflow id="55" from="shl_ln242" to="select_ln243" fromId="6" toId="9">
</dataflow>
<dataflow id="57" from="_ssdm_op_BitSelect.i1.i5.i32" to="tmp_1" fromId="56" toId="10">
</dataflow>
<dataflow id="58" from="b_read" to="tmp_1" fromId="2" toId="10">
</dataflow>
<dataflow id="60" from="StgValue_59" to="tmp_1" fromId="59" toId="10">
</dataflow>
<dataflow id="61" from="tmp_1" to="select_ln239_1" fromId="10" toId="11">
</dataflow>
<dataflow id="62" from="select_ln243" to="select_ln239_1" fromId="9" toId="11">
</dataflow>
<dataflow id="63" from="StgValue_40" to="select_ln239_1" fromId="40" toId="11">
</dataflow>
<dataflow id="64" from="select_ln243" to="shl_ln242_1" fromId="9" toId="12">
</dataflow>
<dataflow id="65" from="StgValue_43" to="shl_ln242_1" fromId="43" toId="12">
</dataflow>
<dataflow id="66" from="_ssdm_op_BitSelect.i1.i8.i32" to="tmp_2" fromId="45" toId="13">
</dataflow>
<dataflow id="67" from="select_ln243" to="tmp_2" fromId="9" toId="13">
</dataflow>
<dataflow id="68" from="StgValue_48" to="tmp_2" fromId="48" toId="13">
</dataflow>
<dataflow id="69" from="shl_ln242_1" to="xor_ln244_1" fromId="12" toId="14">
</dataflow>
<dataflow id="70" from="StgValue_51" to="xor_ln244_1" fromId="51" toId="14">
</dataflow>
<dataflow id="71" from="tmp_2" to="select_ln243_1" fromId="13" toId="15">
</dataflow>
<dataflow id="72" from="xor_ln244_1" to="select_ln243_1" fromId="14" toId="15">
</dataflow>
<dataflow id="73" from="shl_ln242_1" to="select_ln243_1" fromId="12" toId="15">
</dataflow>
<dataflow id="74" from="_ssdm_op_BitSelect.i1.i5.i32" to="tmp_3" fromId="56" toId="16">
</dataflow>
<dataflow id="75" from="b_read" to="tmp_3" fromId="2" toId="16">
</dataflow>
<dataflow id="77" from="StgValue_76" to="tmp_3" fromId="76" toId="16">
</dataflow>
<dataflow id="78" from="tmp_3" to="select_ln239_2" fromId="16" toId="17">
</dataflow>
<dataflow id="79" from="select_ln243_1" to="select_ln239_2" fromId="15" toId="17">
</dataflow>
<dataflow id="80" from="StgValue_40" to="select_ln239_2" fromId="40" toId="17">
</dataflow>
<dataflow id="81" from="select_ln243_1" to="shl_ln242_2" fromId="15" toId="18">
</dataflow>
<dataflow id="82" from="StgValue_43" to="shl_ln242_2" fromId="43" toId="18">
</dataflow>
<dataflow id="83" from="_ssdm_op_BitSelect.i1.i8.i32" to="tmp_4" fromId="45" toId="19">
</dataflow>
<dataflow id="84" from="select_ln243_1" to="tmp_4" fromId="15" toId="19">
</dataflow>
<dataflow id="85" from="StgValue_48" to="tmp_4" fromId="48" toId="19">
</dataflow>
<dataflow id="86" from="shl_ln242_2" to="xor_ln244_2" fromId="18" toId="20">
</dataflow>
<dataflow id="87" from="StgValue_51" to="xor_ln244_2" fromId="51" toId="20">
</dataflow>
<dataflow id="88" from="tmp_4" to="select_ln243_2" fromId="19" toId="21">
</dataflow>
<dataflow id="89" from="xor_ln244_2" to="select_ln243_2" fromId="20" toId="21">
</dataflow>
<dataflow id="90" from="shl_ln242_2" to="select_ln243_2" fromId="18" toId="21">
</dataflow>
<dataflow id="91" from="_ssdm_op_BitSelect.i1.i5.i32" to="tmp_5" fromId="56" toId="22">
</dataflow>
<dataflow id="92" from="b_read" to="tmp_5" fromId="2" toId="22">
</dataflow>
<dataflow id="94" from="StgValue_93" to="tmp_5" fromId="93" toId="22">
</dataflow>
<dataflow id="95" from="tmp_5" to="select_ln239_3" fromId="22" toId="23">
</dataflow>
<dataflow id="96" from="select_ln243_2" to="select_ln239_3" fromId="21" toId="23">
</dataflow>
<dataflow id="97" from="StgValue_40" to="select_ln239_3" fromId="40" toId="23">
</dataflow>
<dataflow id="98" from="select_ln239" to="xor_ln239" fromId="5" toId="24">
</dataflow>
<dataflow id="99" from="select_ln239_2" to="xor_ln239" fromId="17" toId="24">
</dataflow>
<dataflow id="100" from="xor_ln239" to="xor_ln239_1" fromId="24" toId="25">
</dataflow>
<dataflow id="101" from="select_ln239_1" to="xor_ln239_1" fromId="11" toId="25">
</dataflow>
<dataflow id="102" from="select_ln239_3" to="xor_ln239_2" fromId="23" toId="26">
</dataflow>
<dataflow id="103" from="xor_ln239_1" to="xor_ln239_2" fromId="25" toId="26">
</dataflow>
<dataflow id="104" from="xor_ln239_2" to="ret_ln247" fromId="26" toId="27">
</dataflow>
<dataflow id="105" from="tmp" to="StgValue_1" fromId="7" toId="1">
</dataflow>
<dataflow id="106" from="tmp_2" to="StgValue_1" fromId="13" toId="1">
</dataflow>
<dataflow id="107" from="tmp_5" to="StgValue_1" fromId="22" toId="1">
</dataflow>
<dataflow id="108" from="tmp_4" to="StgValue_1" fromId="19" toId="1">
</dataflow>
</dataflows>


</stg>
