<profile>

<section name = "Vivado HLS Report for 'invMixColumn'" level="0">
<item name = "Date">Fri Dec 13 14:47:13 2024
</item>
<item name = "Version">2019.2 (Build 2704478 on Wed Nov 06 22:10:23 MST 2019)</item>
<item name = "Project">decrypt.prj</item>
<item name = "Solution">solution1</item>
<item name = "Product family">zynq</item>
<item name = "Target device">xc7z020-clg484-1</item>
</section>

<section name = "Performance Estimates" level="0">
<item name = "Timing">
<section name = "" level="1">
<item name = "Summary"><table name="" hasTotal="0">
<keys size="4">Clock, Target, Estimated, Uncertainty</keys>
<column name="ap_clk">10.00 ns, 5.982 ns, 1.25 ns</column>
</table>
</item>
</section>
</item>
<item name = "Latency">
<section name = "" level="1">
<item name = "Summary"><table name="" hasTotal="0">
<keys size="8">, min, max, min, max, min, max, Type</keys>
<column name="">0, 0, 0 ns, 0 ns, 1, 1, function</column>
</table>
</item>
<item name = "Detail">
<section name = "" level="1">
<item name = "Instance"><table name="" hasTotal="0">
<keys size="9">Instance, Module, min, max, min, max, min, max, Type</keys>
<column name="tmp_galois_multiplicatio_fu_46">galois_multiplicatio, 0, 0, 0 ns, 0 ns, 1, 1, function</column>
<column name="tmp_6_galois_multiplicatio_fu_54">galois_multiplicatio, 0, 0, 0 ns, 0 ns, 1, 1, function</column>
<column name="tmp_7_galois_multiplicatio_fu_62">galois_multiplicatio, 0, 0, 0 ns, 0 ns, 1, 1, function</column>
<column name="tmp_8_galois_multiplicatio_fu_70">galois_multiplicatio, 0, 0, 0 ns, 0 ns, 1, 1, function</column>
<column name="tmp_9_galois_multiplicatio_fu_78">galois_multiplicatio, 0, 0, 0 ns, 0 ns, 1, 1, function</column>
<column name="tmp_s_galois_multiplicatio_fu_86">galois_multiplicatio, 0, 0, 0 ns, 0 ns, 1, 1, function</column>
<column name="tmp_1_galois_multiplicatio_fu_94">galois_multiplicatio, 0, 0, 0 ns, 0 ns, 1, 1, function</column>
<column name="tmp_2_galois_multiplicatio_fu_102">galois_multiplicatio, 0, 0, 0 ns, 0 ns, 1, 1, function</column>
<column name="tmp_3_galois_multiplicatio_fu_110">galois_multiplicatio, 0, 0, 0 ns, 0 ns, 1, 1, function</column>
<column name="tmp_4_galois_multiplicatio_fu_118">galois_multiplicatio, 0, 0, 0 ns, 0 ns, 1, 1, function</column>
<column name="tmp_5_galois_multiplicatio_fu_126">galois_multiplicatio, 0, 0, 0 ns, 0 ns, 1, 1, function</column>
<column name="tmp_10_galois_multiplicatio_fu_134">galois_multiplicatio, 0, 0, 0 ns, 0 ns, 1, 1, function</column>
<column name="tmp_11_galois_multiplicatio_fu_142">galois_multiplicatio, 0, 0, 0 ns, 0 ns, 1, 1, function</column>
<column name="tmp_12_galois_multiplicatio_fu_150">galois_multiplicatio, 0, 0, 0 ns, 0 ns, 1, 1, function</column>
<column name="tmp_13_galois_multiplicatio_fu_158">galois_multiplicatio, 0, 0, 0 ns, 0 ns, 1, 1, function</column>
<column name="tmp_14_galois_multiplicatio_fu_166">galois_multiplicatio, 0, 0, 0 ns, 0 ns, 1, 1, function</column>
</table>
</item>
<item name = "Loop"><table name="" hasTotal="0">
<keys size="8">Loop Name, min, max, Latency, achieved, target, Count, Pipelined</keys>
</table>
</item>
</section>
</item>
</section>
</item>
</section>
</profile>
