<stg><name>invMixColumn</name>


<trans_list>
</trans_list>



<state_list>

<state id="1" st_id="1">

<operation id="2" st_id="1" stage="1" lat="1">
<core>NULL</core>
<MemPortIdVec></MemPortIdVec>
<condition id="-1">
<or_exp><and_exp></and_exp></or_exp>
</condition>

<Node id="5" bw="8" op_0_bw="8" op_1_bw="8">
<![CDATA[
:0  %column_3_read_1 = call i8 @_ssdm_op_Read.ap_auto.i8(i8 %column_3_read)

]]></Node>
<StgValue><ssdm name="column_3_read_1"/></StgValue>
</operation>

<operation id="3" st_id="1" stage="1" lat="1">
<core>NULL</core>
<MemPortIdVec></MemPortIdVec>
<condition id="-1">
<or_exp><and_exp></and_exp></or_exp>
</condition>

<Node id="6" bw="8" op_0_bw="8" op_1_bw="8">
<![CDATA[
:1  %column_2_read_1 = call i8 @_ssdm_op_Read.ap_auto.i8(i8 %column_2_read)

]]></Node>
<StgValue><ssdm name="column_2_read_1"/></StgValue>
</operation>

<operation id="4" st_id="1" stage="1" lat="1">
<core>NULL</core>
<MemPortIdVec></MemPortIdVec>
<condition id="-1">
<or_exp><and_exp></and_exp></or_exp>
</condition>

<Node id="7" bw="8" op_0_bw="8" op_1_bw="8">
<![CDATA[
:2  %column_1_read_1 = call i8 @_ssdm_op_Read.ap_auto.i8(i8 %column_1_read)

]]></Node>
<StgValue><ssdm name="column_1_read_1"/></StgValue>
</operation>

<operation id="5" st_id="1" stage="1" lat="1">
<core>NULL</core>
<MemPortIdVec></MemPortIdVec>
<condition id="-1">
<or_exp><and_exp></and_exp></or_exp>
</condition>

<Node id="8" bw="8" op_0_bw="8" op_1_bw="8">
<![CDATA[
:3  %column_0_read_1 = call i8 @_ssdm_op_Read.ap_auto.i8(i8 %column_0_read)

]]></Node>
<StgValue><ssdm name="column_0_read_1"/></StgValue>
</operation>

<operation id="6" st_id="1" stage="1" lat="1">
<core></core>
<MemPortIdVec></MemPortIdVec>
<condition id="-1">
<or_exp><and_exp></and_exp></or_exp>
</condition>

<Node id="9" bw="8" op_0_bw="8" op_1_bw="8" op_2_bw="5">
<![CDATA[
:4  %tmp = call fastcc zeroext i8 @galois_multiplicatio(i8 zeroext %column_0_read_1, i5 zeroext 14)

]]></Node>
<StgValue><ssdm name="tmp"/></StgValue>
</operation>

<operation id="7" st_id="1" stage="1" lat="1">
<core></core>
<MemPortIdVec></MemPortIdVec>
<condition id="-1">
<or_exp><and_exp></and_exp></or_exp>
</condition>

<Node id="10" bw="8" op_0_bw="8" op_1_bw="8" op_2_bw="5">
<![CDATA[
:5  %tmp_6 = call fastcc zeroext i8 @galois_multiplicatio(i8 zeroext %column_3_read_1, i5 zeroext 9)

]]></Node>
<StgValue><ssdm name="tmp_6"/></StgValue>
</operation>

<operation id="8" st_id="1" stage="1" lat="1">
<core></core>
<MemPortIdVec></MemPortIdVec>
<condition id="-1">
<or_exp><and_exp></and_exp></or_exp>
</condition>

<Node id="11" bw="8" op_0_bw="8" op_1_bw="8" op_2_bw="5">
<![CDATA[
:6  %tmp_7 = call fastcc zeroext i8 @galois_multiplicatio(i8 zeroext %column_2_read_1, i5 zeroext 13)

]]></Node>
<StgValue><ssdm name="tmp_7"/></StgValue>
</operation>

<operation id="9" st_id="1" stage="1" lat="1">
<core></core>
<MemPortIdVec></MemPortIdVec>
<condition id="-1">
<or_exp><and_exp></and_exp></or_exp>
</condition>

<Node id="12" bw="8" op_0_bw="8" op_1_bw="8" op_2_bw="5">
<![CDATA[
:7  %tmp_8 = call fastcc zeroext i8 @galois_multiplicatio(i8 zeroext %column_1_read_1, i5 zeroext 11)

]]></Node>
<StgValue><ssdm name="tmp_8"/></StgValue>
</operation>

<operation id="10" st_id="1" stage="1" lat="1">
<core>LogicGate</core>
<MemPortIdVec></MemPortIdVec>
<condition id="-1">
<or_exp><and_exp></and_exp></or_exp>
</condition>

<Node id="13" bw="8" op_0_bw="8" op_1_bw="8">
<![CDATA[
:8  %xor_ln395_1 = xor i8 %tmp_6, %tmp

]]></Node>
<StgValue><ssdm name="xor_ln395_1"/></StgValue>
</operation>

<operation id="11" st_id="1" stage="1" lat="1">
<core>LogicGate</core>
<MemPortIdVec></MemPortIdVec>
<condition id="-1">
<or_exp><and_exp></and_exp></or_exp>
</condition>

<Node id="14" bw="8" op_0_bw="8" op_1_bw="8">
<![CDATA[
:9  %xor_ln395_2 = xor i8 %tmp_7, %tmp_8

]]></Node>
<StgValue><ssdm name="xor_ln395_2"/></StgValue>
</operation>

<operation id="12" st_id="1" stage="1" lat="1">
<core>LogicGate</core>
<MemPortIdVec></MemPortIdVec>
<condition id="-1">
<or_exp><and_exp></and_exp></or_exp>
</condition>

<Node id="15" bw="8" op_0_bw="8" op_1_bw="8">
<![CDATA[
:10  %xor_ln395 = xor i8 %xor_ln395_2, %xor_ln395_1

]]></Node>
<StgValue><ssdm name="xor_ln395"/></StgValue>
</operation>

<operation id="13" st_id="1" stage="1" lat="1">
<core></core>
<MemPortIdVec></MemPortIdVec>
<condition id="-1">
<or_exp><and_exp></and_exp></or_exp>
</condition>

<Node id="16" bw="8" op_0_bw="8" op_1_bw="8" op_2_bw="5">
<![CDATA[
:11  %tmp_9 = call fastcc zeroext i8 @galois_multiplicatio(i8 zeroext %column_1_read_1, i5 zeroext 14)

]]></Node>
<StgValue><ssdm name="tmp_9"/></StgValue>
</operation>

<operation id="14" st_id="1" stage="1" lat="1">
<core></core>
<MemPortIdVec></MemPortIdVec>
<condition id="-1">
<or_exp><and_exp></and_exp></or_exp>
</condition>

<Node id="17" bw="8" op_0_bw="8" op_1_bw="8" op_2_bw="5">
<![CDATA[
:12  %tmp_s = call fastcc zeroext i8 @galois_multiplicatio(i8 zeroext %column_0_read_1, i5 zeroext 9)

]]></Node>
<StgValue><ssdm name="tmp_s"/></StgValue>
</operation>

<operation id="15" st_id="1" stage="1" lat="1">
<core></core>
<MemPortIdVec></MemPortIdVec>
<condition id="-1">
<or_exp><and_exp></and_exp></or_exp>
</condition>

<Node id="18" bw="8" op_0_bw="8" op_1_bw="8" op_2_bw="5">
<![CDATA[
:13  %tmp_1 = call fastcc zeroext i8 @galois_multiplicatio(i8 zeroext %column_3_read_1, i5 zeroext 13)

]]></Node>
<StgValue><ssdm name="tmp_1"/></StgValue>
</operation>

<operation id="16" st_id="1" stage="1" lat="1">
<core></core>
<MemPortIdVec></MemPortIdVec>
<condition id="-1">
<or_exp><and_exp></and_exp></or_exp>
</condition>

<Node id="19" bw="8" op_0_bw="8" op_1_bw="8" op_2_bw="5">
<![CDATA[
:14  %tmp_2 = call fastcc zeroext i8 @galois_multiplicatio(i8 zeroext %column_2_read_1, i5 zeroext 11)

]]></Node>
<StgValue><ssdm name="tmp_2"/></StgValue>
</operation>

<operation id="17" st_id="1" stage="1" lat="1">
<core>LogicGate</core>
<MemPortIdVec></MemPortIdVec>
<condition id="-1">
<or_exp><and_exp></and_exp></or_exp>
</condition>

<Node id="20" bw="8" op_0_bw="8" op_1_bw="8">
<![CDATA[
:15  %xor_ln399_1 = xor i8 %tmp_s, %tmp_9

]]></Node>
<StgValue><ssdm name="xor_ln399_1"/></StgValue>
</operation>

<operation id="18" st_id="1" stage="1" lat="1">
<core>LogicGate</core>
<MemPortIdVec></MemPortIdVec>
<condition id="-1">
<or_exp><and_exp></and_exp></or_exp>
</condition>

<Node id="21" bw="8" op_0_bw="8" op_1_bw="8">
<![CDATA[
:16  %xor_ln399_2 = xor i8 %tmp_1, %tmp_2

]]></Node>
<StgValue><ssdm name="xor_ln399_2"/></StgValue>
</operation>

<operation id="19" st_id="1" stage="1" lat="1">
<core>LogicGate</core>
<MemPortIdVec></MemPortIdVec>
<condition id="-1">
<or_exp><and_exp></and_exp></or_exp>
</condition>

<Node id="22" bw="8" op_0_bw="8" op_1_bw="8">
<![CDATA[
:17  %xor_ln399 = xor i8 %xor_ln399_2, %xor_ln399_1

]]></Node>
<StgValue><ssdm name="xor_ln399"/></StgValue>
</operation>

<operation id="20" st_id="1" stage="1" lat="1">
<core></core>
<MemPortIdVec></MemPortIdVec>
<condition id="-1">
<or_exp><and_exp></and_exp></or_exp>
</condition>

<Node id="23" bw="8" op_0_bw="8" op_1_bw="8" op_2_bw="5">
<![CDATA[
:18  %tmp_3 = call fastcc zeroext i8 @galois_multiplicatio(i8 zeroext %column_2_read_1, i5 zeroext 14)

]]></Node>
<StgValue><ssdm name="tmp_3"/></StgValue>
</operation>

<operation id="21" st_id="1" stage="1" lat="1">
<core></core>
<MemPortIdVec></MemPortIdVec>
<condition id="-1">
<or_exp><and_exp></and_exp></or_exp>
</condition>

<Node id="24" bw="8" op_0_bw="8" op_1_bw="8" op_2_bw="5">
<![CDATA[
:19  %tmp_4 = call fastcc zeroext i8 @galois_multiplicatio(i8 zeroext %column_1_read_1, i5 zeroext 9)

]]></Node>
<StgValue><ssdm name="tmp_4"/></StgValue>
</operation>

<operation id="22" st_id="1" stage="1" lat="1">
<core></core>
<MemPortIdVec></MemPortIdVec>
<condition id="-1">
<or_exp><and_exp></and_exp></or_exp>
</condition>

<Node id="25" bw="8" op_0_bw="8" op_1_bw="8" op_2_bw="5">
<![CDATA[
:20  %tmp_5 = call fastcc zeroext i8 @galois_multiplicatio(i8 zeroext %column_0_read_1, i5 zeroext 13)

]]></Node>
<StgValue><ssdm name="tmp_5"/></StgValue>
</operation>

<operation id="23" st_id="1" stage="1" lat="1">
<core></core>
<MemPortIdVec></MemPortIdVec>
<condition id="-1">
<or_exp><and_exp></and_exp></or_exp>
</condition>

<Node id="26" bw="8" op_0_bw="8" op_1_bw="8" op_2_bw="5">
<![CDATA[
:21  %tmp_10 = call fastcc zeroext i8 @galois_multiplicatio(i8 zeroext %column_3_read_1, i5 zeroext 11)

]]></Node>
<StgValue><ssdm name="tmp_10"/></StgValue>
</operation>

<operation id="24" st_id="1" stage="1" lat="1">
<core>LogicGate</core>
<MemPortIdVec></MemPortIdVec>
<condition id="-1">
<or_exp><and_exp></and_exp></or_exp>
</condition>

<Node id="27" bw="8" op_0_bw="8" op_1_bw="8">
<![CDATA[
:22  %xor_ln403_1 = xor i8 %tmp_4, %tmp_3

]]></Node>
<StgValue><ssdm name="xor_ln403_1"/></StgValue>
</operation>

<operation id="25" st_id="1" stage="1" lat="1">
<core>LogicGate</core>
<MemPortIdVec></MemPortIdVec>
<condition id="-1">
<or_exp><and_exp></and_exp></or_exp>
</condition>

<Node id="28" bw="8" op_0_bw="8" op_1_bw="8">
<![CDATA[
:23  %xor_ln403_2 = xor i8 %tmp_5, %tmp_10

]]></Node>
<StgValue><ssdm name="xor_ln403_2"/></StgValue>
</operation>

<operation id="26" st_id="1" stage="1" lat="1">
<core>LogicGate</core>
<MemPortIdVec></MemPortIdVec>
<condition id="-1">
<or_exp><and_exp></and_exp></or_exp>
</condition>

<Node id="29" bw="8" op_0_bw="8" op_1_bw="8">
<![CDATA[
:24  %xor_ln403 = xor i8 %xor_ln403_2, %xor_ln403_1

]]></Node>
<StgValue><ssdm name="xor_ln403"/></StgValue>
</operation>

<operation id="27" st_id="1" stage="1" lat="1">
<core></core>
<MemPortIdVec></MemPortIdVec>
<condition id="-1">
<or_exp><and_exp></and_exp></or_exp>
</condition>

<Node id="30" bw="8" op_0_bw="8" op_1_bw="8" op_2_bw="5">
<![CDATA[
:25  %tmp_11 = call fastcc zeroext i8 @galois_multiplicatio(i8 zeroext %column_3_read_1, i5 zeroext 14)

]]></Node>
<StgValue><ssdm name="tmp_11"/></StgValue>
</operation>

<operation id="28" st_id="1" stage="1" lat="1">
<core></core>
<MemPortIdVec></MemPortIdVec>
<condition id="-1">
<or_exp><and_exp></and_exp></or_exp>
</condition>

<Node id="31" bw="8" op_0_bw="8" op_1_bw="8" op_2_bw="5">
<![CDATA[
:26  %tmp_12 = call fastcc zeroext i8 @galois_multiplicatio(i8 zeroext %column_2_read_1, i5 zeroext 9)

]]></Node>
<StgValue><ssdm name="tmp_12"/></StgValue>
</operation>

<operation id="29" st_id="1" stage="1" lat="1">
<core></core>
<MemPortIdVec></MemPortIdVec>
<condition id="-1">
<or_exp><and_exp></and_exp></or_exp>
</condition>

<Node id="32" bw="8" op_0_bw="8" op_1_bw="8" op_2_bw="5">
<![CDATA[
:27  %tmp_13 = call fastcc zeroext i8 @galois_multiplicatio(i8 zeroext %column_1_read_1, i5 zeroext 13)

]]></Node>
<StgValue><ssdm name="tmp_13"/></StgValue>
</operation>

<operation id="30" st_id="1" stage="1" lat="1">
<core></core>
<MemPortIdVec></MemPortIdVec>
<condition id="-1">
<or_exp><and_exp></and_exp></or_exp>
</condition>

<Node id="33" bw="8" op_0_bw="8" op_1_bw="8" op_2_bw="5">
<![CDATA[
:28  %tmp_14 = call fastcc zeroext i8 @galois_multiplicatio(i8 zeroext %column_0_read_1, i5 zeroext 11)

]]></Node>
<StgValue><ssdm name="tmp_14"/></StgValue>
</operation>

<operation id="31" st_id="1" stage="1" lat="1">
<core>LogicGate</core>
<MemPortIdVec></MemPortIdVec>
<condition id="-1">
<or_exp><and_exp></and_exp></or_exp>
</condition>

<Node id="34" bw="8" op_0_bw="8" op_1_bw="8">
<![CDATA[
:29  %xor_ln407_1 = xor i8 %tmp_12, %tmp_11

]]></Node>
<StgValue><ssdm name="xor_ln407_1"/></StgValue>
</operation>

<operation id="32" st_id="1" stage="1" lat="1">
<core>LogicGate</core>
<MemPortIdVec></MemPortIdVec>
<condition id="-1">
<or_exp><and_exp></and_exp></or_exp>
</condition>

<Node id="35" bw="8" op_0_bw="8" op_1_bw="8">
<![CDATA[
:30  %xor_ln407_2 = xor i8 %tmp_13, %tmp_14

]]></Node>
<StgValue><ssdm name="xor_ln407_2"/></StgValue>
</operation>

<operation id="33" st_id="1" stage="1" lat="1">
<core>LogicGate</core>
<MemPortIdVec></MemPortIdVec>
<condition id="-1">
<or_exp><and_exp></and_exp></or_exp>
</condition>

<Node id="36" bw="8" op_0_bw="8" op_1_bw="8">
<![CDATA[
:31  %xor_ln407 = xor i8 %xor_ln407_2, %xor_ln407_1

]]></Node>
<StgValue><ssdm name="xor_ln407"/></StgValue>
</operation>

<operation id="34" st_id="1" stage="1" lat="1">
<core>NULL</core>
<MemPortIdVec></MemPortIdVec>
<condition id="-1">
<or_exp><and_exp></and_exp></or_exp>
</condition>

<Node id="37" bw="32" op_0_bw="32" op_1_bw="8">
<![CDATA[
:32  %mrv = insertvalue { i8, i8, i8, i8 } undef, i8 %xor_ln395, 0

]]></Node>
<StgValue><ssdm name="mrv"/></StgValue>
</operation>

<operation id="35" st_id="1" stage="1" lat="1">
<core>NULL</core>
<MemPortIdVec></MemPortIdVec>
<condition id="-1">
<or_exp><and_exp></and_exp></or_exp>
</condition>

<Node id="38" bw="32" op_0_bw="32" op_1_bw="8">
<![CDATA[
:33  %mrv_1 = insertvalue { i8, i8, i8, i8 } %mrv, i8 %xor_ln399, 1

]]></Node>
<StgValue><ssdm name="mrv_1"/></StgValue>
</operation>

<operation id="36" st_id="1" stage="1" lat="1">
<core>NULL</core>
<MemPortIdVec></MemPortIdVec>
<condition id="-1">
<or_exp><and_exp></and_exp></or_exp>
</condition>

<Node id="39" bw="32" op_0_bw="32" op_1_bw="8">
<![CDATA[
:34  %mrv_2 = insertvalue { i8, i8, i8, i8 } %mrv_1, i8 %xor_ln403, 2

]]></Node>
<StgValue><ssdm name="mrv_2"/></StgValue>
</operation>

<operation id="37" st_id="1" stage="1" lat="1">
<core>NULL</core>
<MemPortIdVec></MemPortIdVec>
<condition id="-1">
<or_exp><and_exp></and_exp></or_exp>
</condition>

<Node id="40" bw="32" op_0_bw="32" op_1_bw="8">
<![CDATA[
:35  %mrv_3 = insertvalue { i8, i8, i8, i8 } %mrv_2, i8 %xor_ln407, 3

]]></Node>
<StgValue><ssdm name="mrv_3"/></StgValue>
</operation>

<operation id="38" st_id="1" stage="1" lat="1">
<core>NULL</core>
<MemPortIdVec></MemPortIdVec>
<condition id="-1">
<or_exp><and_exp></and_exp></or_exp>
</condition>

<Node id="41" bw="0" op_0_bw="32">
<![CDATA[
:36  ret { i8, i8, i8, i8 } %mrv_3

]]></Node>
<StgValue><ssdm name="ret_ln408"/></StgValue>
</operation>
</state>
</state_list>


<ports>
<port id="40" name="column_0_read" dir="0" iftype="0">
<core>NULL</core><StgValue><ssdm name="column_0_read"/></StgValue>
</port>
<port id="41" name="column_1_read" dir="0" iftype="0">
<core>NULL</core><StgValue><ssdm name="column_1_read"/></StgValue>
</port>
<port id="42" name="column_2_read" dir="0" iftype="0">
<core>NULL</core><StgValue><ssdm name="column_2_read"/></StgValue>
</port>
<port id="43" name="column_3_read" dir="0" iftype="0">
<core>NULL</core><StgValue><ssdm name="column_3_read"/></StgValue>
</port>
</ports>


<dataflows>
<dataflow id="45" from="_ssdm_op_Read.ap_auto.i8" to="column_3_read_1" fromId="44" toId="2">
</dataflow>
<dataflow id="46" from="column_3_read" to="column_3_read_1" fromId="43" toId="2">
</dataflow>
<dataflow id="47" from="_ssdm_op_Read.ap_auto.i8" to="column_2_read_1" fromId="44" toId="3">
</dataflow>
<dataflow id="48" from="column_2_read" to="column_2_read_1" fromId="42" toId="3">
</dataflow>
<dataflow id="49" from="_ssdm_op_Read.ap_auto.i8" to="column_1_read_1" fromId="44" toId="4">
</dataflow>
<dataflow id="50" from="column_1_read" to="column_1_read_1" fromId="41" toId="4">
</dataflow>
<dataflow id="51" from="_ssdm_op_Read.ap_auto.i8" to="column_0_read_1" fromId="44" toId="5">
</dataflow>
<dataflow id="52" from="column_0_read" to="column_0_read_1" fromId="40" toId="5">
</dataflow>
<dataflow id="54" from="galois_multiplicatio" to="tmp" fromId="53" toId="6">
</dataflow>
<dataflow id="55" from="column_0_read_1" to="tmp" fromId="5" toId="6">
</dataflow>
<dataflow id="57" from="StgValue_56" to="tmp" fromId="56" toId="6">
</dataflow>
<dataflow id="58" from="galois_multiplicatio" to="tmp_6" fromId="53" toId="7">
</dataflow>
<dataflow id="59" from="column_3_read_1" to="tmp_6" fromId="2" toId="7">
</dataflow>
<dataflow id="61" from="StgValue_60" to="tmp_6" fromId="60" toId="7">
</dataflow>
<dataflow id="62" from="galois_multiplicatio" to="tmp_7" fromId="53" toId="8">
</dataflow>
<dataflow id="63" from="column_2_read_1" to="tmp_7" fromId="3" toId="8">
</dataflow>
<dataflow id="65" from="StgValue_64" to="tmp_7" fromId="64" toId="8">
</dataflow>
<dataflow id="66" from="galois_multiplicatio" to="tmp_8" fromId="53" toId="9">
</dataflow>
<dataflow id="67" from="column_1_read_1" to="tmp_8" fromId="4" toId="9">
</dataflow>
<dataflow id="69" from="StgValue_68" to="tmp_8" fromId="68" toId="9">
</dataflow>
<dataflow id="70" from="tmp_6" to="xor_ln395_1" fromId="7" toId="10">
</dataflow>
<dataflow id="71" from="tmp" to="xor_ln395_1" fromId="6" toId="10">
</dataflow>
<dataflow id="72" from="tmp_7" to="xor_ln395_2" fromId="8" toId="11">
</dataflow>
<dataflow id="73" from="tmp_8" to="xor_ln395_2" fromId="9" toId="11">
</dataflow>
<dataflow id="74" from="xor_ln395_2" to="xor_ln395" fromId="11" toId="12">
</dataflow>
<dataflow id="75" from="xor_ln395_1" to="xor_ln395" fromId="10" toId="12">
</dataflow>
<dataflow id="76" from="galois_multiplicatio" to="tmp_9" fromId="53" toId="13">
</dataflow>
<dataflow id="77" from="column_1_read_1" to="tmp_9" fromId="4" toId="13">
</dataflow>
<dataflow id="78" from="StgValue_56" to="tmp_9" fromId="56" toId="13">
</dataflow>
<dataflow id="79" from="galois_multiplicatio" to="tmp_s" fromId="53" toId="14">
</dataflow>
<dataflow id="80" from="column_0_read_1" to="tmp_s" fromId="5" toId="14">
</dataflow>
<dataflow id="81" from="StgValue_60" to="tmp_s" fromId="60" toId="14">
</dataflow>
<dataflow id="82" from="galois_multiplicatio" to="tmp_1" fromId="53" toId="15">
</dataflow>
<dataflow id="83" from="column_3_read_1" to="tmp_1" fromId="2" toId="15">
</dataflow>
<dataflow id="84" from="StgValue_64" to="tmp_1" fromId="64" toId="15">
</dataflow>
<dataflow id="85" from="galois_multiplicatio" to="tmp_2" fromId="53" toId="16">
</dataflow>
<dataflow id="86" from="column_2_read_1" to="tmp_2" fromId="3" toId="16">
</dataflow>
<dataflow id="87" from="StgValue_68" to="tmp_2" fromId="68" toId="16">
</dataflow>
<dataflow id="88" from="tmp_s" to="xor_ln399_1" fromId="14" toId="17">
</dataflow>
<dataflow id="89" from="tmp_9" to="xor_ln399_1" fromId="13" toId="17">
</dataflow>
<dataflow id="90" from="tmp_1" to="xor_ln399_2" fromId="15" toId="18">
</dataflow>
<dataflow id="91" from="tmp_2" to="xor_ln399_2" fromId="16" toId="18">
</dataflow>
<dataflow id="92" from="xor_ln399_2" to="xor_ln399" fromId="18" toId="19">
</dataflow>
<dataflow id="93" from="xor_ln399_1" to="xor_ln399" fromId="17" toId="19">
</dataflow>
<dataflow id="94" from="galois_multiplicatio" to="tmp_3" fromId="53" toId="20">
</dataflow>
<dataflow id="95" from="column_2_read_1" to="tmp_3" fromId="3" toId="20">
</dataflow>
<dataflow id="96" from="StgValue_56" to="tmp_3" fromId="56" toId="20">
</dataflow>
<dataflow id="97" from="galois_multiplicatio" to="tmp_4" fromId="53" toId="21">
</dataflow>
<dataflow id="98" from="column_1_read_1" to="tmp_4" fromId="4" toId="21">
</dataflow>
<dataflow id="99" from="StgValue_60" to="tmp_4" fromId="60" toId="21">
</dataflow>
<dataflow id="100" from="galois_multiplicatio" to="tmp_5" fromId="53" toId="22">
</dataflow>
<dataflow id="101" from="column_0_read_1" to="tmp_5" fromId="5" toId="22">
</dataflow>
<dataflow id="102" from="StgValue_64" to="tmp_5" fromId="64" toId="22">
</dataflow>
<dataflow id="103" from="galois_multiplicatio" to="tmp_10" fromId="53" toId="23">
</dataflow>
<dataflow id="104" from="column_3_read_1" to="tmp_10" fromId="2" toId="23">
</dataflow>
<dataflow id="105" from="StgValue_68" to="tmp_10" fromId="68" toId="23">
</dataflow>
<dataflow id="106" from="tmp_4" to="xor_ln403_1" fromId="21" toId="24">
</dataflow>
<dataflow id="107" from="tmp_3" to="xor_ln403_1" fromId="20" toId="24">
</dataflow>
<dataflow id="108" from="tmp_5" to="xor_ln403_2" fromId="22" toId="25">
</dataflow>
<dataflow id="109" from="tmp_10" to="xor_ln403_2" fromId="23" toId="25">
</dataflow>
<dataflow id="110" from="xor_ln403_2" to="xor_ln403" fromId="25" toId="26">
</dataflow>
<dataflow id="111" from="xor_ln403_1" to="xor_ln403" fromId="24" toId="26">
</dataflow>
<dataflow id="112" from="galois_multiplicatio" to="tmp_11" fromId="53" toId="27">
</dataflow>
<dataflow id="113" from="column_3_read_1" to="tmp_11" fromId="2" toId="27">
</dataflow>
<dataflow id="114" from="StgValue_56" to="tmp_11" fromId="56" toId="27">
</dataflow>
<dataflow id="115" from="galois_multiplicatio" to="tmp_12" fromId="53" toId="28">
</dataflow>
<dataflow id="116" from="column_2_read_1" to="tmp_12" fromId="3" toId="28">
</dataflow>
<dataflow id="117" from="StgValue_60" to="tmp_12" fromId="60" toId="28">
</dataflow>
<dataflow id="118" from="galois_multiplicatio" to="tmp_13" fromId="53" toId="29">
</dataflow>
<dataflow id="119" from="column_1_read_1" to="tmp_13" fromId="4" toId="29">
</dataflow>
<dataflow id="120" from="StgValue_64" to="tmp_13" fromId="64" toId="29">
</dataflow>
<dataflow id="121" from="galois_multiplicatio" to="tmp_14" fromId="53" toId="30">
</dataflow>
<dataflow id="122" from="column_0_read_1" to="tmp_14" fromId="5" toId="30">
</dataflow>
<dataflow id="123" from="StgValue_68" to="tmp_14" fromId="68" toId="30">
</dataflow>
<dataflow id="124" from="tmp_12" to="xor_ln407_1" fromId="28" toId="31">
</dataflow>
<dataflow id="125" from="tmp_11" to="xor_ln407_1" fromId="27" toId="31">
</dataflow>
<dataflow id="126" from="tmp_13" to="xor_ln407_2" fromId="29" toId="32">
</dataflow>
<dataflow id="127" from="tmp_14" to="xor_ln407_2" fromId="30" toId="32">
</dataflow>
<dataflow id="128" from="xor_ln407_2" to="xor_ln407" fromId="32" toId="33">
</dataflow>
<dataflow id="129" from="xor_ln407_1" to="xor_ln407" fromId="31" toId="33">
</dataflow>
<dataflow id="131" from="StgValue_130" to="mrv" fromId="130" toId="34">
</dataflow>
<dataflow id="132" from="xor_ln395" to="mrv" fromId="12" toId="34">
</dataflow>
<dataflow id="133" from="mrv" to="mrv_1" fromId="34" toId="35">
</dataflow>
<dataflow id="134" from="xor_ln399" to="mrv_1" fromId="19" toId="35">
</dataflow>
<dataflow id="135" from="mrv_1" to="mrv_2" fromId="35" toId="36">
</dataflow>
<dataflow id="136" from="xor_ln403" to="mrv_2" fromId="26" toId="36">
</dataflow>
<dataflow id="137" from="mrv_2" to="mrv_3" fromId="36" toId="37">
</dataflow>
<dataflow id="138" from="xor_ln407" to="mrv_3" fromId="33" toId="37">
</dataflow>
<dataflow id="139" from="mrv_3" to="ret_ln408" fromId="37" toId="38">
</dataflow>
</dataflows>


</stg>
